questId,name,zoneId,field,before,after,questieField,questieProvenance,questieCommit,attField,reviewNote
65593,Hearts of the Lovers,-61,detail.questie.commit,"""cac1eff815923f896d082764d023cf812454a023""","""9d39232dab48e35811a7cc02473c2f4e42b62ab6""",commit,QuestieDB,9d39232dab48e35811a7cc02473c2f4e42b62ab6,,no direct ATT field mapped
65593,Hearts of the Lovers,-61,index.questieCommit,"""cac1eff815923f896d082764d023cf812454a023""","""9d39232dab48e35811a7cc02473c2f4e42b62ab6""",commit,QuestieDB,9d39232dab48e35811a7cc02473c2f4e42b62ab6,,conflicts with existing value; no direct ATT field mapped
65597,The Binding,-61,detail.questie.commit,"""cac1eff815923f896d082764d023cf812454a023""","""9d39232dab48e35811a7cc02473c2f4e42b62ab6""",commit,QuestieDB,9d39232dab48e35811a7cc02473c2f4e42b62ab6,,no direct ATT field mapped
65597,The Binding,-61,index.questieCommit,"""cac1eff815923f896d082764d023cf812454a023""","""9d39232dab48e35811a7cc02473c2f4e42b62ab6""",commit,QuestieDB,9d39232dab48e35811a7cc02473c2f4e42b62ab6,,conflicts with existing value; no direct ATT field mapped
65601,Love Hurts,-61,detail.questie.commit,"""cac1eff815923f896d082764d023cf812454a023""","""9d39232dab48e35811a7cc02473c2f4e42b62ab6""",commit,QuestieDB,9d39232dab48e35811a7cc02473c2f4e42b62ab6,,no direct ATT field mapped
65601,Love Hurts,-61,index.questieCommit,"""cac1eff815923f896d082764d023cf812454a023""","""9d39232dab48e35811a7cc02473c2f4e42b62ab6""",commit,QuestieDB,9d39232dab48e35811a7cc02473c2f4e42b62ab6,,conflicts with existing value; no direct ATT field mapped
65602,What Is Love?,-61,detail.questie.commit,"""cac1eff815923f896d082764d023cf812454a023""","""9d39232dab48e35811a7cc02473c2f4e42b62ab6""",commit,QuestieDB,9d39232dab48e35811a7cc02473c2f4e42b62ab6,,no direct ATT field mapped
65602,What Is Love?,-61,index.questieCommit,"""cac1eff815923f896d082764d023cf812454a023""","""9d39232dab48e35811a7cc02473c2f4e42b62ab6""",commit,QuestieDB,9d39232dab48e35811a7cc02473c2f4e42b62ab6,,conflicts with existing value; no direct ATT field mapped
65603,The Binding,-61,detail.questie.commit,"""cac1eff815923f896d082764d023cf812454a023""","""9d39232dab48e35811a7cc02473c2f4e42b62ab6""",commit,QuestieDB,9d39232dab48e35811a7cc02473c2f4e42b62ab6,,no direct ATT field mapped
65603,The Binding,-61,index.questieCommit,"""cac1eff815923f896d082764d023cf812454a023""","""9d39232dab48e35811a7cc02473c2f4e42b62ab6""",commit,QuestieDB,9d39232dab48e35811a7cc02473c2f4e42b62ab6,,conflicts with existing value; no direct ATT field mapped
65604,The Binding,-61,detail.questie.commit,"""cac1eff815923f896d082764d023cf812454a023""","""9d39232dab48e35811a7cc02473c2f4e42b62ab6""",commit,QuestieDB,9d39232dab48e35811a7cc02473c2f4e42b62ab6,,no direct ATT field mapped
65604,The Binding,-61,index.questieCommit,"""cac1eff815923f896d082764d023cf812454a023""","""9d39232dab48e35811a7cc02473c2f4e42b62ab6""",commit,QuestieDB,9d39232dab48e35811a7cc02473c2f4e42b62ab6,,conflicts with existing value; no direct ATT field mapped
65610,Wish You Were Here,-61,detail.questie.commit,"""cac1eff815923f896d082764d023cf812454a023""","""9d39232dab48e35811a7cc02473c2f4e42b62ab6""",commit,QuestieDB,9d39232dab48e35811a7cc02473c2f4e42b62ab6,,no direct ATT field mapped
65610,Wish You Were Here,-61,index.questieCommit,"""cac1eff815923f896d082764d023cf812454a023""","""9d39232dab48e35811a7cc02473c2f4e42b62ab6""",commit,QuestieDB,9d39232dab48e35811a7cc02473c2f4e42b62ab6,,conflicts with existing value; no direct ATT field mapped
76156,Stalk With The Earthmother,215,detail.questie.commit,"""cac1eff815923f896d082764d023cf812454a023""","""9d39232dab48e35811a7cc02473c2f4e42b62ab6""",commit,QuestieDB,9d39232dab48e35811a7cc02473c2f4e42b62ab6,,no direct ATT field mapped
76156,Stalk With The Earthmother,215,index.questieCommit,"""cac1eff815923f896d082764d023cf812454a023""","""9d39232dab48e35811a7cc02473c2f4e42b62ab6""",commit,QuestieDB,9d39232dab48e35811a7cc02473c2f4e42b62ab6,,conflicts with existing value; no direct ATT field mapped
76160,Stalk With The Earthmother,215,detail.questie.commit,"""cac1eff815923f896d082764d023cf812454a023""","""9d39232dab48e35811a7cc02473c2f4e42b62ab6""",commit,QuestieDB,9d39232dab48e35811a7cc02473c2f4e42b62ab6,,no direct ATT field mapped
76160,Stalk With The Earthmother,215,index.questieCommit,"""cac1eff815923f896d082764d023cf812454a023""","""9d39232dab48e35811a7cc02473c2f4e42b62ab6""",commit,QuestieDB,9d39232dab48e35811a7cc02473c2f4e42b62ab6,,conflicts with existing value; no direct ATT field mapped
76240,Stalk With The Earthmother,215,detail.questie.commit,"""cac1eff815923f896d082764d023cf812454a023""","""9d39232dab48e35811a7cc02473c2f4e42b62ab6""",commit,QuestieDB,9d39232dab48e35811a7cc02473c2f4e42b62ab6,,no direct ATT field mapped
76240,Stalk With The Earthmother,215,index.questieCommit,"""cac1eff815923f896d082764d023cf812454a023""","""9d39232dab48e35811a7cc02473c2f4e42b62ab6""",commit,QuestieDB,9d39232dab48e35811a7cc02473c2f4e42b62ab6,,conflicts with existing value; no direct ATT field mapped
78124,Nar'thalas Almanac,-161,detail.questie.commit,null,"""9d39232dab48e35811a7cc02473c2f4e42b62ab6""",commit,QuestieDB,9d39232dab48e35811a7cc02473c2f4e42b62ab6,,no direct ATT field mapped
78124,Nar'thalas Almanac,-161,detail.questie.fields.availableStartingWith,null,0,availableStartingWith,QuestieDB,9d39232dab48e35811a7cc02473c2f4e42b62ab6,,no direct ATT field mapped
78124,Nar'thalas Almanac,-161,detail.questie.fields.availableUntilCompleted,null,0,availableUntilCompleted,QuestieDB,9d39232dab48e35811a7cc02473c2f4e42b62ab6,,no direct ATT field mapped
78124,Nar'thalas Almanac,-161,detail.questie.fields.breadcrumbForQuestId,null,0,breadcrumbForQuestId,QuestieDB,9d39232dab48e35811a7cc02473c2f4e42b62ab6,,no direct ATT field mapped
78124,Nar'thalas Almanac,-161,detail.questie.fields.disabledByQuest,null,0,disabledByQuest,QuestieDB,9d39232dab48e35811a7cc02473c2f4e42b62ab6,,no direct ATT field mapped
78124,Nar'thalas Almanac,-161,detail.questie.fields.finishedBy,null,[[211022]],finishedBy,QuestieDB,9d39232dab48e35811a7cc02473c2f4e42b62ab6,,no direct ATT field mapped
78124,Nar'thalas Almanac,-161,detail.questie.fields.name,null,"""Nar'thalas Almanac""",name,QuestieDB,9d39232dab48e35811a7cc02473c2f4e42b62ab6,,no direct ATT field mapped
78124,Nar'thalas Almanac,-161,detail.questie.fields.nextQuestInChain,null,0,nextQuestInChain,QuestieDB,9d39232dab48e35811a7cc02473c2f4e42b62ab6,sourceQuest on successor,
78124,Nar'thalas Almanac,-161,detail.questie.fields.objectives,null,[],objectives,QuestieDB,9d39232dab48e35811a7cc02473c2f4e42b62ab6,,no direct ATT field mapped
78124,Nar'thalas Almanac,-161,detail.questie.fields.parentQuest,null,0,parentQuest,QuestieDB,9d39232dab48e35811a7cc02473c2f4e42b62ab6,,no direct ATT field mapped
78124,Nar'thalas Almanac,-161,detail.questie.fields.questFlags,null,0,questFlags,QuestieDB,9d39232dab48e35811a7cc02473c2f4e42b62ab6,,no direct ATT field mapped
78124,Nar'thalas Almanac,-161,detail.questie.fields.questLevel,null,0,questLevel,QuestieDB,9d39232dab48e35811a7cc02473c2f4e42b62ab6,,no direct ATT field mapped
78124,Nar'thalas Almanac,-161,detail.questie.fields.requiredClasses,null,0,requiredClasses,QuestieDB,9d39232dab48e35811a7cc02473c2f4e42b62ab6,classes,
78124,Nar'thalas Almanac,-161,detail.questie.fields.requiredLevel,null,0,requiredLevel,QuestieDB,9d39232dab48e35811a7cc02473c2f4e42b62ab6,lvl,
78124,Nar'thalas Almanac,-161,detail.questie.fields.requiredMaxLevel,null,0,requiredMaxLevel,QuestieDB,9d39232dab48e35811a7cc02473c2f4e42b62ab6,,no direct ATT field mapped
78124,Nar'thalas Almanac,-161,detail.questie.fields.requiredRaces,null,0,requiredRaces,QuestieDB,9d39232dab48e35811a7cc02473c2f4e42b62ab6,races,
78124,Nar'thalas Almanac,-161,detail.questie.fields.requiredSpecialization,null,0,requiredSpecialization,QuestieDB,9d39232dab48e35811a7cc02473c2f4e42b62ab6,,no direct ATT field mapped
78124,Nar'thalas Almanac,-161,detail.questie.fields.requiredSpell,null,0,requiredSpell,QuestieDB,9d39232dab48e35811a7cc02473c2f4e42b62ab6,,no direct ATT field mapped
78124,Nar'thalas Almanac,-161,detail.questie.fields.sourceItemId,null,0,sourceItemId,QuestieDB,9d39232dab48e35811a7cc02473c2f4e42b62ab6,,no direct ATT field mapped
78124,Nar'thalas Almanac,-161,detail.questie.fields.specialFlags,null,0,specialFlags,QuestieDB,9d39232dab48e35811a7cc02473c2f4e42b62ab6,,no direct ATT field mapped
78124,Nar'thalas Almanac,-161,detail.questie.fields.startedBy,null,[],startedBy,QuestieDB,9d39232dab48e35811a7cc02473c2f4e42b62ab6,qg/provider; coord,
78124,Nar'thalas Almanac,-161,detail.questie.fields.zoneOrSort,null,0,zoneOrSort,QuestieDB,9d39232dab48e35811a7cc02473c2f4e42b62ab6,,no direct ATT field mapped
78124,Nar'thalas Almanac,-161,detail.questie.finishers,null,"[{""id"":211022,""name"":""Owen Thadd"",""spawns"":{""1497"":[[73.59,32.92],[73.66,33.22],[73.67,32.9],[73.67,32.96],[73.68,33.03],[73.68,33.09],[73.79,33.18]]},""type"":""npc""}]",finishers,QuestieDB,9d39232dab48e35811a7cc02473c2f4e42b62ab6,,no direct ATT field mapped
78124,Nar'thalas Almanac,-161,detail.questie.provenance.availableStartingWith,null,"""QuestieDB""",availableStartingWith,QuestieDB,9d39232dab48e35811a7cc02473c2f4e42b62ab6,,no direct ATT field mapped
78124,Nar'thalas Almanac,-161,detail.questie.provenance.availableUntilCompleted,null,"""QuestieDB""",availableUntilCompleted,QuestieDB,9d39232dab48e35811a7cc02473c2f4e42b62ab6,,no direct ATT field mapped
78124,Nar'thalas Almanac,-161,detail.questie.provenance.breadcrumbForQuestId,null,"""QuestieDB""",breadcrumbForQuestId,QuestieDB,9d39232dab48e35811a7cc02473c2f4e42b62ab6,,no direct ATT field mapped
78124,Nar'thalas Almanac,-161,detail.questie.provenance.disabledByQuest,null,"""QuestieDB""",disabledByQuest,QuestieDB,9d39232dab48e35811a7cc02473c2f4e42b62ab6,,no direct ATT field mapped
78124,Nar'thalas Almanac,-161,detail.questie.provenance.finishedBy,null,"""QuestieDB""",finishedBy,QuestieDB,9d39232dab48e35811a7cc02473c2f4e42b62ab6,,no direct ATT field mapped
78124,Nar'thalas Almanac,-161,detail.questie.provenance.name,null,"""QuestieDB""",name,QuestieDB,9d39232dab48e35811a7cc02473c2f4e42b62ab6,,no direct ATT field mapped
78124,Nar'thalas Almanac,-161,detail.questie.provenance.nextQuestInChain,null,"""QuestieDB""",nextQuestInChain,QuestieDB,9d39232dab48e35811a7cc02473c2f4e42b62ab6,sourceQuest on successor,
78124,Nar'thalas Almanac,-161,detail.questie.provenance.objectives,null,"""QuestieDB""",objectives,QuestieDB,9d39232dab48e35811a7cc02473c2f4e42b62ab6,,no direct ATT field mapped
78124,Nar'thalas Almanac,-161,detail.questie.provenance.parentQuest,null,"""QuestieDB""",parentQuest,QuestieDB,9d39232dab48e35811a7cc02473c2f4e42b62ab6,,no direct ATT field mapped
78124,Nar'thalas Almanac,-161,detail.questie.provenance.questFlags,null,"""QuestieDB""",questFlags,QuestieDB,9d39232dab48e35811a7cc02473c2f4e42b62ab6,,no direct ATT field mapped
78124,Nar'thalas Almanac,-161,detail.questie.provenance.questLevel,null,"""QuestieDB""",questLevel,QuestieDB,9d39232dab48e35811a7cc02473c2f4e42b62ab6,,no direct ATT field mapped
78124,Nar'thalas Almanac,-161,detail.questie.provenance.requiredClasses,null,"""QuestieDB""",requiredClasses,QuestieDB,9d39232dab48e35811a7cc02473c2f4e42b62ab6,classes,
78124,Nar'thalas Almanac,-161,detail.questie.provenance.requiredLevel,null,"""QuestieDB""",requiredLevel,QuestieDB,9d39232dab48e35811a7cc02473c2f4e42b62ab6,lvl,
78124,Nar'thalas Almanac,-161,detail.questie.provenance.requiredMaxLevel,null,"""QuestieDB""",requiredMaxLevel,QuestieDB,9d39232dab48e35811a7cc02473c2f4e42b62ab6,,no direct ATT field mapped
78124,Nar'thalas Almanac,-161,detail.questie.provenance.requiredRaces,null,"""QuestieDB""",requiredRaces,QuestieDB,9d39232dab48e35811a7cc02473c2f4e42b62ab6,races,
78124,Nar'thalas Almanac,-161,detail.questie.provenance.requiredSpecialization,null,"""QuestieDB""",requiredSpecialization,QuestieDB,9d39232dab48e35811a7cc02473c2f4e42b62ab6,,no direct ATT field mapped
78124,Nar'thalas Almanac,-161,detail.questie.provenance.requiredSpell,null,"""QuestieDB""",requiredSpell,QuestieDB,9d39232dab48e35811a7cc02473c2f4e42b62ab6,,no direct ATT field mapped
78124,Nar'thalas Almanac,-161,detail.questie.provenance.sourceItemId,null,"""QuestieDB""",sourceItemId,QuestieDB,9d39232dab48e35811a7cc02473c2f4e42b62ab6,,no direct ATT field mapped
78124,Nar'thalas Almanac,-161,detail.questie.provenance.specialFlags,null,"""QuestieDB""",specialFlags,QuestieDB,9d39232dab48e35811a7cc02473c2f4e42b62ab6,,no direct ATT field mapped
78124,Nar'thalas Almanac,-161,detail.questie.provenance.startedBy,null,"""QuestieDB""",startedBy,QuestieDB,9d39232dab48e35811a7cc02473c2f4e42b62ab6,qg/provider; coord,
78124,Nar'thalas Almanac,-161,detail.questie.provenance.zoneOrSort,null,"""QuestieDB""",zoneOrSort,QuestieDB,9d39232dab48e35811a7cc02473c2f4e42b62ab6,,no direct ATT field mapped
78124,Nar'thalas Almanac,-161,index.questieCommit,null,"""9d39232dab48e35811a7cc02473c2f4e42b62ab6""",commit,QuestieDB,9d39232dab48e35811a7cc02473c2f4e42b62ab6,,no direct ATT field mapped
78127,The Dalaran Digest,-161,detail.questie.commit,null,"""9d39232dab48e35811a7cc02473c2f4e42b62ab6""",commit,QuestieDB,9d39232dab48e35811a7cc02473c2f4e42b62ab6,,no direct ATT field mapped
78127,The Dalaran Digest,-161,detail.questie.fields.availableStartingWith,null,0,availableStartingWith,QuestieDB,9d39232dab48e35811a7cc02473c2f4e42b62ab6,,no direct ATT field mapped
78127,The Dalaran Digest,-161,detail.questie.fields.availableUntilCompleted,null,0,availableUntilCompleted,QuestieDB,9d39232dab48e35811a7cc02473c2f4e42b62ab6,,no direct ATT field mapped
78127,The Dalaran Digest,-161,detail.questie.fields.breadcrumbForQuestId,null,0,breadcrumbForQuestId,QuestieDB,9d39232dab48e35811a7cc02473c2f4e42b62ab6,,no direct ATT field mapped
78127,The Dalaran Digest,-161,detail.questie.fields.disabledByQuest,null,0,disabledByQuest,QuestieDB,9d39232dab48e35811a7cc02473c2f4e42b62ab6,,no direct ATT field mapped
78127,The Dalaran Digest,-161,detail.questie.fields.finishedBy,null,[[211022]],finishedBy,QuestieDB,9d39232dab48e35811a7cc02473c2f4e42b62ab6,,no direct ATT field mapped
78127,The Dalaran Digest,-161,detail.questie.fields.name,null,"""The Dalaran Digest""",name,QuestieDB,9d39232dab48e35811a7cc02473c2f4e42b62ab6,,no direct ATT field mapped
78127,The Dalaran Digest,-161,detail.questie.fields.nextQuestInChain,null,0,nextQuestInChain,QuestieDB,9d39232dab48e35811a7cc02473c2f4e42b62ab6,sourceQuest on successor,
78127,The Dalaran Digest,-161,detail.questie.fields.objectives,null,[],objectives,QuestieDB,9d39232dab48e35811a7cc02473c2f4e42b62ab6,,no direct ATT field mapped
78127,The Dalaran Digest,-161,detail.questie.fields.parentQuest,null,0,parentQuest,QuestieDB,9d39232dab48e35811a7cc02473c2f4e42b62ab6,,no direct ATT field mapped
78127,The Dalaran Digest,-161,detail.questie.fields.questFlags,null,0,questFlags,QuestieDB,9d39232dab48e35811a7cc02473c2f4e42b62ab6,,no direct ATT field mapped
78127,The Dalaran Digest,-161,detail.questie.fields.questLevel,null,0,questLevel,QuestieDB,9d39232dab48e35811a7cc02473c2f4e42b62ab6,,no direct ATT field mapped
78127,The Dalaran Digest,-161,detail.questie.fields.requiredClasses,null,0,requiredClasses,QuestieDB,9d39232dab48e35811a7cc02473c2f4e42b62ab6,classes,
78127,The Dalaran Digest,-161,detail.questie.fields.requiredLevel,null,0,requiredLevel,QuestieDB,9d39232dab48e35811a7cc02473c2f4e42b62ab6,lvl,
78127,The Dalaran Digest,-161,detail.questie.fields.requiredMaxLevel,null,0,requiredMaxLevel,QuestieDB,9d39232dab48e35811a7cc02473c2f4e42b62ab6,,no direct ATT field mapped
78127,The Dalaran Digest,-161,detail.questie.fields.requiredRaces,null,0,requiredRaces,QuestieDB,9d39232dab48e35811a7cc02473c2f4e42b62ab6,races,
78127,The Dalaran Digest,-161,detail.questie.fields.requiredSpecialization,null,0,requiredSpecialization,QuestieDB,9d39232dab48e35811a7cc02473c2f4e42b62ab6,,no direct ATT field mapped
78127,The Dalaran Digest,-161,detail.questie.fields.requiredSpell,null,0,requiredSpell,QuestieDB,9d39232dab48e35811a7cc02473c2f4e42b62ab6,,no direct ATT field mapped
78127,The Dalaran Digest,-161,detail.questie.fields.sourceItemId,null,0,sourceItemId,QuestieDB,9d39232dab48e35811a7cc02473c2f4e42b62ab6,,no direct ATT field mapped
78127,The Dalaran Digest,-161,detail.questie.fields.specialFlags,null,0,specialFlags,QuestieDB,9d39232dab48e35811a7cc02473c2f4e42b62ab6,,no direct ATT field mapped
78127,The Dalaran Digest,-161,detail.questie.fields.startedBy,null,[],startedBy,QuestieDB,9d39232dab48e35811a7cc02473c2f4e42b62ab6,qg/provider; coord,
78127,The Dalaran Digest,-161,detail.questie.fields.zoneOrSort,null,0,zoneOrSort,QuestieDB,9d39232dab48e35811a7cc02473c2f4e42b62ab6,,no direct ATT field mapped
78127,The Dalaran Digest,-161,detail.questie.finishers,null,"[{""id"":211022,""name"":""Owen Thadd"",""spawns"":{""1497"":[[73.59,32.92],[73.66,33.22],[73.67,32.9],[73.67,32.96],[73.68,33.03],[73.68,33.09],[73.79,33.18]]},""type"":""npc""}]",finishers,QuestieDB,9d39232dab48e35811a7cc02473c2f4e42b62ab6,,no direct ATT field mapped
78127,The Dalaran Digest,-161,detail.questie.provenance.availableStartingWith,null,"""QuestieDB""",availableStartingWith,QuestieDB,9d39232dab48e35811a7cc02473c2f4e42b62ab6,,no direct ATT field mapped
78127,The Dalaran Digest,-161,detail.questie.provenance.availableUntilCompleted,null,"""QuestieDB""",availableUntilCompleted,QuestieDB,9d39232dab48e35811a7cc02473c2f4e42b62ab6,,no direct ATT field mapped
78127,The Dalaran Digest,-161,detail.questie.provenance.breadcrumbForQuestId,null,"""QuestieDB""",breadcrumbForQuestId,QuestieDB,9d39232dab48e35811a7cc02473c2f4e42b62ab6,,no direct ATT field mapped
78127,The Dalaran Digest,-161,detail.questie.provenance.disabledByQuest,null,"""QuestieDB""",disabledByQuest,QuestieDB,9d39232dab48e35811a7cc02473c2f4e42b62ab6,,no direct ATT field mapped
78127,The Dalaran Digest,-161,detail.questie.provenance.finishedBy,null,"""QuestieDB""",finishedBy,QuestieDB,9d39232dab48e35811a7cc02473c2f4e42b62ab6,,no direct ATT field mapped
78127,The Dalaran Digest,-161,detail.questie.provenance.name,null,"""QuestieDB""",name,QuestieDB,9d39232dab48e35811a7cc02473c2f4e42b62ab6,,no direct ATT field mapped
78127,The Dalaran Digest,-161,detail.questie.provenance.nextQuestInChain,null,"""QuestieDB""",nextQuestInChain,QuestieDB,9d39232dab48e35811a7cc02473c2f4e42b62ab6,sourceQuest on successor,
78127,The Dalaran Digest,-161,detail.questie.provenance.objectives,null,"""QuestieDB""",objectives,QuestieDB,9d39232dab48e35811a7cc02473c2f4e42b62ab6,,no direct ATT field mapped
78127,The Dalaran Digest,-161,detail.questie.provenance.parentQuest,null,"""QuestieDB""",parentQuest,QuestieDB,9d39232dab48e35811a7cc02473c2f4e42b62ab6,,no direct ATT field mapped
78127,The Dalaran Digest,-161,detail.questie.provenance.questFlags,null,"""QuestieDB""",questFlags,QuestieDB,9d39232dab48e35811a7cc02473c2f4e42b62ab6,,no direct ATT field mapped
78127,The Dalaran Digest,-161,detail.questie.provenance.questLevel,null,"""QuestieDB""",questLevel,QuestieDB,9d39232dab48e35811a7cc02473c2f4e42b62ab6,,no direct ATT field mapped
78127,The Dalaran Digest,-161,detail.questie.provenance.requiredClasses,null,"""QuestieDB""",requiredClasses,QuestieDB,9d39232dab48e35811a7cc02473c2f4e42b62ab6,classes,
78127,The Dalaran Digest,-161,detail.questie.provenance.requiredLevel,null,"""QuestieDB""",requiredLevel,QuestieDB,9d39232dab48e35811a7cc02473c2f4e42b62ab6,lvl,
78127,The Dalaran Digest,-161,detail.questie.provenance.requiredMaxLevel,null,"""QuestieDB""",requiredMaxLevel,QuestieDB,9d39232dab48e35811a7cc02473c2f4e42b62ab6,,no direct ATT field mapped
78127,The Dalaran Digest,-161,detail.questie.provenance.requiredRaces,null,"""QuestieDB""",requiredRaces,QuestieDB,9d39232dab48e35811a7cc02473c2f4e42b62ab6,races,
78127,The Dalaran Digest,-161,detail.questie.provenance.requiredSpecialization,null,"""QuestieDB""",requiredSpecialization,QuestieDB,9d39232dab48e35811a7cc02473c2f4e42b62ab6,,no direct ATT field mapped
78127,The Dalaran Digest,-161,detail.questie.provenance.requiredSpell,null,"""QuestieDB""",requiredSpell,QuestieDB,9d39232dab48e35811a7cc02473c2f4e42b62ab6,,no direct ATT field mapped
78127,The Dalaran Digest,-161,detail.questie.provenance.sourceItemId,null,"""QuestieDB""",sourceItemId,QuestieDB,9d39232dab48e35811a7cc02473c2f4e42b62ab6,,no direct ATT field mapped
78127,The Dalaran Digest,-161,detail.questie.provenance.specialFlags,null,"""QuestieDB""",specialFlags,QuestieDB,9d39232dab48e35811a7cc02473c2f4e42b62ab6,,no direct ATT field mapped
78127,The Dalaran Digest,-161,detail.questie.provenance.startedBy,null,"""QuestieDB""",startedBy,QuestieDB,9d39232dab48e35811a7cc02473c2f4e42b62ab6,qg/provider; coord,
78127,The Dalaran Digest,-161,detail.questie.provenance.zoneOrSort,null,"""QuestieDB""",zoneOrSort,QuestieDB,9d39232dab48e35811a7cc02473c2f4e42b62ab6,,no direct ATT field mapped
78127,The Dalaran Digest,-161,index.questieCommit,null,"""9d39232dab48e35811a7cc02473c2f4e42b62ab6""",commit,QuestieDB,9d39232dab48e35811a7cc02473c2f4e42b62ab6,,no direct ATT field mapped
78132,Dragonslayer's Helm,0,detail.questie.commit,"""cac1eff815923f896d082764d023cf812454a023""","""9d39232dab48e35811a7cc02473c2f4e42b62ab6""",commit,QuestieDB,9d39232dab48e35811a7cc02473c2f4e42b62ab6,,no direct ATT field mapped
78132,Dragonslayer's Helm,0,index.questieCommit,"""cac1eff815923f896d082764d023cf812454a023""","""9d39232dab48e35811a7cc02473c2f4e42b62ab6""",commit,QuestieDB,9d39232dab48e35811a7cc02473c2f4e42b62ab6,,conflicts with existing value; no direct ATT field mapped
78133,Dragonslayer's Shield,0,detail.questie.commit,"""cac1eff815923f896d082764d023cf812454a023""","""9d39232dab48e35811a7cc02473c2f4e42b62ab6""",commit,QuestieDB,9d39232dab48e35811a7cc02473c2f4e42b62ab6,,no direct ATT field mapped
78133,Dragonslayer's Shield,0,index.questieCommit,"""cac1eff815923f896d082764d023cf812454a023""","""9d39232dab48e35811a7cc02473c2f4e42b62ab6""",commit,QuestieDB,9d39232dab48e35811a7cc02473c2f4e42b62ab6,,conflicts with existing value; no direct ATT field mapped
78134,Dragonslayer's Lance,0,detail.questie.commit,"""cac1eff815923f896d082764d023cf812454a023""","""9d39232dab48e35811a7cc02473c2f4e42b62ab6""",commit,QuestieDB,9d39232dab48e35811a7cc02473c2f4e42b62ab6,,no direct ATT field mapped
78134,Dragonslayer's Lance,0,index.questieCommit,"""cac1eff815923f896d082764d023cf812454a023""","""9d39232dab48e35811a7cc02473c2f4e42b62ab6""",commit,QuestieDB,9d39232dab48e35811a7cc02473c2f4e42b62ab6,,conflicts with existing value; no direct ATT field mapped
78142,Bewitchments and Glamours,-161,detail.questie.commit,null,"""9d39232dab48e35811a7cc02473c2f4e42b62ab6""",commit,QuestieDB,9d39232dab48e35811a7cc02473c2f4e42b62ab6,,no direct ATT field mapped
78142,Bewitchments and Glamours,-161,detail.questie.fields.availableStartingWith,null,0,availableStartingWith,QuestieDB,9d39232dab48e35811a7cc02473c2f4e42b62ab6,,no direct ATT field mapped
78142,Bewitchments and Glamours,-161,detail.questie.fields.availableUntilCompleted,null,0,availableUntilCompleted,QuestieDB,9d39232dab48e35811a7cc02473c2f4e42b62ab6,,no direct ATT field mapped
78142,Bewitchments and Glamours,-161,detail.questie.fields.breadcrumbForQuestId,null,0,breadcrumbForQuestId,QuestieDB,9d39232dab48e35811a7cc02473c2f4e42b62ab6,,no direct ATT field mapped
78142,Bewitchments and Glamours,-161,detail.questie.fields.disabledByQuest,null,0,disabledByQuest,QuestieDB,9d39232dab48e35811a7cc02473c2f4e42b62ab6,,no direct ATT field mapped
78142,Bewitchments and Glamours,-161,detail.questie.fields.finishedBy,null,[[211022]],finishedBy,QuestieDB,9d39232dab48e35811a7cc02473c2f4e42b62ab6,,no direct ATT field mapped
78142,Bewitchments and Glamours,-161,detail.questie.fields.name,null,"""Bewitchments and Glamours""",name,QuestieDB,9d39232dab48e35811a7cc02473c2f4e42b62ab6,,no direct ATT field mapped
78142,Bewitchments and Glamours,-161,detail.questie.fields.nextQuestInChain,null,0,nextQuestInChain,QuestieDB,9d39232dab48e35811a7cc02473c2f4e42b62ab6,sourceQuest on successor,
78142,Bewitchments and Glamours,-161,detail.questie.fields.objectives,null,[],objectives,QuestieDB,9d39232dab48e35811a7cc02473c2f4e42b62ab6,,no direct ATT field mapped
78142,Bewitchments and Glamours,-161,detail.questie.fields.parentQuest,null,0,parentQuest,QuestieDB,9d39232dab48e35811a7cc02473c2f4e42b62ab6,,no direct ATT field mapped
78142,Bewitchments and Glamours,-161,detail.questie.fields.questFlags,null,0,questFlags,QuestieDB,9d39232dab48e35811a7cc02473c2f4e42b62ab6,,no direct ATT field mapped
78142,Bewitchments and Glamours,-161,detail.questie.fields.questLevel,null,0,questLevel,QuestieDB,9d39232dab48e35811a7cc02473c2f4e42b62ab6,,no direct ATT field mapped
78142,Bewitchments and Glamours,-161,detail.questie.fields.requiredClasses,null,0,requiredClasses,QuestieDB,9d39232dab48e35811a7cc02473c2f4e42b62ab6,classes,
78142,Bewitchments and Glamours,-161,detail.questie.fields.requiredLevel,null,0,requiredLevel,QuestieDB,9d39232dab48e35811a7cc02473c2f4e42b62ab6,lvl,
78142,Bewitchments and Glamours,-161,detail.questie.fields.requiredMaxLevel,null,0,requiredMaxLevel,QuestieDB,9d39232dab48e35811a7cc02473c2f4e42b62ab6,,no direct ATT field mapped
78142,Bewitchments and Glamours,-161,detail.questie.fields.requiredRaces,null,0,requiredRaces,QuestieDB,9d39232dab48e35811a7cc02473c2f4e42b62ab6,races,
78142,Bewitchments and Glamours,-161,detail.questie.fields.requiredSpecialization,null,0,requiredSpecialization,QuestieDB,9d39232dab48e35811a7cc02473c2f4e42b62ab6,,no direct ATT field mapped
78142,Bewitchments and Glamours,-161,detail.questie.fields.requiredSpell,null,0,requiredSpell,QuestieDB,9d39232dab48e35811a7cc02473c2f4e42b62ab6,,no direct ATT field mapped
78142,Bewitchments and Glamours,-161,detail.questie.fields.sourceItemId,null,0,sourceItemId,QuestieDB,9d39232dab48e35811a7cc02473c2f4e42b62ab6,,no direct ATT field mapped
78142,Bewitchments and Glamours,-161,detail.questie.fields.specialFlags,null,0,specialFlags,QuestieDB,9d39232dab48e35811a7cc02473c2f4e42b62ab6,,no direct ATT field mapped
78142,Bewitchments and Glamours,-161,detail.questie.fields.startedBy,null,[],startedBy,QuestieDB,9d39232dab48e35811a7cc02473c2f4e42b62ab6,qg/provider; coord,
78142,Bewitchments and Glamours,-161,detail.questie.fields.zoneOrSort,null,0,zoneOrSort,QuestieDB,9d39232dab48e35811a7cc02473c2f4e42b62ab6,,no direct ATT field mapped
78142,Bewitchments and Glamours,-161,detail.questie.finishers,null,"[{""id"":211022,""name"":""Owen Thadd"",""spawns"":{""1497"":[[73.59,32.92],[73.66,33.22],[73.67,32.9],[73.67,32.96],[73.68,33.03],[73.68,33.09],[73.79,33.18]]},""type"":""npc""}]",finishers,QuestieDB,9d39232dab48e35811a7cc02473c2f4e42b62ab6,,no direct ATT field mapped
78142,Bewitchments and Glamours,-161,detail.questie.provenance.availableStartingWith,null,"""QuestieDB""",availableStartingWith,QuestieDB,9d39232dab48e35811a7cc02473c2f4e42b62ab6,,no direct ATT field mapped
78142,Bewitchments and Glamours,-161,detail.questie.provenance.availableUntilCompleted,null,"""QuestieDB""",availableUntilCompleted,QuestieDB,9d39232dab48e35811a7cc02473c2f4e42b62ab6,,no direct ATT field mapped
78142,Bewitchments and Glamours,-161,detail.questie.provenance.breadcrumbForQuestId,null,"""QuestieDB""",breadcrumbForQuestId,QuestieDB,9d39232dab48e35811a7cc02473c2f4e42b62ab6,,no direct ATT field mapped
78142,Bewitchments and Glamours,-161,detail.questie.provenance.disabledByQuest,null,"""QuestieDB""",disabledByQuest,QuestieDB,9d39232dab48e35811a7cc02473c2f4e42b62ab6,,no direct ATT field mapped
78142,Bewitchments and Glamours,-161,detail.questie.provenance.finishedBy,null,"""QuestieDB""",finishedBy,QuestieDB,9d39232dab48e35811a7cc02473c2f4e42b62ab6,,no direct ATT field mapped
78142,Bewitchments and Glamours,-161,detail.questie.provenance.name,null,"""QuestieDB""",name,QuestieDB,9d39232dab48e35811a7cc02473c2f4e42b62ab6,,no direct ATT field mapped
78142,Bewitchments and Glamours,-161,detail.questie.provenance.nextQuestInChain,null,"""QuestieDB""",nextQuestInChain,QuestieDB,9d39232dab48e35811a7cc02473c2f4e42b62ab6,sourceQuest on successor,
78142,Bewitchments and Glamours,-161,detail.questie.provenance.objectives,null,"""QuestieDB""",objectives,QuestieDB,9d39232dab48e35811a7cc02473c2f4e42b62ab6,,no direct ATT field mapped
78142,Bewitchments and Glamours,-161,detail.questie.provenance.parentQuest,null,"""QuestieDB""",parentQuest,QuestieDB,9d39232dab48e35811a7cc02473c2f4e42b62ab6,,no direct ATT field mapped
78142,Bewitchments and Glamours,-161,detail.questie.provenance.questFlags,null,"""QuestieDB""",questFlags,QuestieDB,9d39232dab48e35811a7cc02473c2f4e42b62ab6,,no direct ATT field mapped
78142,Bewitchments and Glamours,-161,detail.questie.provenance.questLevel,null,"""QuestieDB""",questLevel,QuestieDB,9d39232dab48e35811a7cc02473c2f4e42b62ab6,,no direct ATT field mapped
78142,Bewitchments and Glamours,-161,detail.questie.provenance.requiredClasses,null,"""QuestieDB""",requiredClasses,QuestieDB,9d39232dab48e35811a7cc02473c2f4e42b62ab6,classes,
78142,Bewitchments and Glamours,-161,detail.questie.provenance.requiredLevel,null,"""QuestieDB""",requiredLevel,QuestieDB,9d39232dab48e35811a7cc02473c2f4e42b62ab6,lvl,
78142,Bewitchments and Glamours,-161,detail.questie.provenance.requiredMaxLevel,null,"""QuestieDB""",requiredMaxLevel,QuestieDB,9d39232dab48e35811a7cc02473c2f4e42b62ab6,,no direct ATT field mapped
78142,Bewitchments and Glamours,-161,detail.questie.provenance.requiredRaces,null,"""QuestieDB""",requiredRaces,QuestieDB,9d39232dab48e35811a7cc02473c2f4e42b62ab6,races,
78142,Bewitchments and Glamours,-161,detail.questie.provenance.requiredSpecialization,null,"""QuestieDB""",requiredSpecialization,QuestieDB,9d39232dab48e35811a7cc02473c2f4e42b62ab6,,no direct ATT field mapped
78142,Bewitchments and Glamours,-161,detail.questie.provenance.requiredSpell,null,"""QuestieDB""",requiredSpell,QuestieDB,9d39232dab48e35811a7cc02473c2f4e42b62ab6,,no direct ATT field mapped
78142,Bewitchments and Glamours,-161,detail.questie.provenance.sourceItemId,null,"""QuestieDB""",sourceItemId,QuestieDB,9d39232dab48e35811a7cc02473c2f4e42b62ab6,,no direct ATT field mapped
78142,Bewitchments and Glamours,-161,detail.questie.provenance.specialFlags,null,"""QuestieDB""",specialFlags,QuestieDB,9d39232dab48e35811a7cc02473c2f4e42b62ab6,,no direct ATT field mapped
78142,Bewitchments and Glamours,-161,detail.questie.provenance.startedBy,null,"""QuestieDB""",startedBy,QuestieDB,9d39232dab48e35811a7cc02473c2f4e42b62ab6,qg/provider; coord,
78142,Bewitchments and Glamours,-161,detail.questie.provenance.zoneOrSort,null,"""QuestieDB""",zoneOrSort,QuestieDB,9d39232dab48e35811a7cc02473c2f4e42b62ab6,,no direct ATT field mapped
78142,Bewitchments and Glamours,-161,index.questieCommit,null,"""9d39232dab48e35811a7cc02473c2f4e42b62ab6""",commit,QuestieDB,9d39232dab48e35811a7cc02473c2f4e42b62ab6,,no direct ATT field mapped
78143,Secrets of the Dreamers,-161,detail.questie.commit,null,"""9d39232dab48e35811a7cc02473c2f4e42b62ab6""",commit,QuestieDB,9d39232dab48e35811a7cc02473c2f4e42b62ab6,,no direct ATT field mapped
78143,Secrets of the Dreamers,-161,detail.questie.fields.availableStartingWith,null,0,availableStartingWith,QuestieDB,9d39232dab48e35811a7cc02473c2f4e42b62ab6,,no direct ATT field mapped
78143,Secrets of the Dreamers,-161,detail.questie.fields.availableUntilCompleted,null,0,availableUntilCompleted,QuestieDB,9d39232dab48e35811a7cc02473c2f4e42b62ab6,,no direct ATT field mapped
78143,Secrets of the Dreamers,-161,detail.questie.fields.breadcrumbForQuestId,null,0,breadcrumbForQuestId,QuestieDB,9d39232dab48e35811a7cc02473c2f4e42b62ab6,,no direct ATT field mapped
78143,Secrets of the Dreamers,-161,detail.questie.fields.disabledByQuest,null,0,disabledByQuest,QuestieDB,9d39232dab48e35811a7cc02473c2f4e42b62ab6,,no direct ATT field mapped
78143,Secrets of the Dreamers,-161,detail.questie.fields.finishedBy,null,[[211022]],finishedBy,QuestieDB,9d39232dab48e35811a7cc02473c2f4e42b62ab6,,no direct ATT field mapped
78143,Secrets of the Dreamers,-161,detail.questie.fields.name,null,"""Secrets of the Dreamers""",name,QuestieDB,9d39232dab48e35811a7cc02473c2f4e42b62ab6,,no direct ATT field mapped
78143,Secrets of the Dreamers,-161,detail.questie.fields.nextQuestInChain,null,0,nextQuestInChain,QuestieDB,9d39232dab48e35811a7cc02473c2f4e42b62ab6,sourceQuest on successor,
78143,Secrets of the Dreamers,-161,detail.questie.fields.objectives,null,[],objectives,QuestieDB,9d39232dab48e35811a7cc02473c2f4e42b62ab6,,no direct ATT field mapped
78143,Secrets of the Dreamers,-161,detail.questie.fields.parentQuest,null,0,parentQuest,QuestieDB,9d39232dab48e35811a7cc02473c2f4e42b62ab6,,no direct ATT field mapped
78143,Secrets of the Dreamers,-161,detail.questie.fields.questFlags,null,0,questFlags,QuestieDB,9d39232dab48e35811a7cc02473c2f4e42b62ab6,,no direct ATT field mapped
78143,Secrets of the Dreamers,-161,detail.questie.fields.questLevel,null,0,questLevel,QuestieDB,9d39232dab48e35811a7cc02473c2f4e42b62ab6,,no direct ATT field mapped
78143,Secrets of the Dreamers,-161,detail.questie.fields.requiredClasses,null,0,requiredClasses,QuestieDB,9d39232dab48e35811a7cc02473c2f4e42b62ab6,classes,
78143,Secrets of the Dreamers,-161,detail.questie.fields.requiredLevel,null,0,requiredLevel,QuestieDB,9d39232dab48e35811a7cc02473c2f4e42b62ab6,lvl,
78143,Secrets of the Dreamers,-161,detail.questie.fields.requiredMaxLevel,null,0,requiredMaxLevel,QuestieDB,9d39232dab48e35811a7cc02473c2f4e42b62ab6,,no direct ATT field mapped
78143,Secrets of the Dreamers,-161,detail.questie.fields.requiredRaces,null,0,requiredRaces,QuestieDB,9d39232dab48e35811a7cc02473c2f4e42b62ab6,races,
78143,Secrets of the Dreamers,-161,detail.questie.fields.requiredSpecialization,null,0,requiredSpecialization,QuestieDB,9d39232dab48e35811a7cc02473c2f4e42b62ab6,,no direct ATT field mapped
78143,Secrets of the Dreamers,-161,detail.questie.fields.requiredSpell,null,0,requiredSpell,QuestieDB,9d39232dab48e35811a7cc02473c2f4e42b62ab6,,no direct ATT field mapped
78143,Secrets of the Dreamers,-161,detail.questie.fields.sourceItemId,null,0,sourceItemId,QuestieDB,9d39232dab48e35811a7cc02473c2f4e42b62ab6,,no direct ATT field mapped
78143,Secrets of the Dreamers,-161,detail.questie.fields.specialFlags,null,0,specialFlags,QuestieDB,9d39232dab48e35811a7cc02473c2f4e42b62ab6,,no direct ATT field mapped
78143,Secrets of the Dreamers,-161,detail.questie.fields.startedBy,null,[],startedBy,QuestieDB,9d39232dab48e35811a7cc02473c2f4e42b62ab6,qg/provider; coord,
78143,Secrets of the Dreamers,-161,detail.questie.fields.zoneOrSort,null,0,zoneOrSort,QuestieDB,9d39232dab48e35811a7cc02473c2f4e42b62ab6,,no direct ATT field mapped
78143,Secrets of the Dreamers,-161,detail.questie.finishers,null,"[{""id"":211022,""name"":""Owen Thadd"",""spawns"":{""1497"":[[73.59,32.92],[73.66,33.22],[73.67,32.9],[73.67,32.96],[73.68,33.03],[73.68,33.09],[73.79,33.18]]},""type"":""npc""}]",finishers,QuestieDB,9d39232dab48e35811a7cc02473c2f4e42b62ab6,,no direct ATT field mapped
78143,Secrets of the Dreamers,-161,detail.questie.provenance.availableStartingWith,null,"""QuestieDB""",availableStartingWith,QuestieDB,9d39232dab48e35811a7cc02473c2f4e42b62ab6,,no direct ATT field mapped
78143,Secrets of the Dreamers,-161,detail.questie.provenance.availableUntilCompleted,null,"""QuestieDB""",availableUntilCompleted,QuestieDB,9d39232dab48e35811a7cc02473c2f4e42b62ab6,,no direct ATT field mapped
78143,Secrets of the Dreamers,-161,detail.questie.provenance.breadcrumbForQuestId,null,"""QuestieDB""",breadcrumbForQuestId,QuestieDB,9d39232dab48e35811a7cc02473c2f4e42b62ab6,,no direct ATT field mapped
78143,Secrets of the Dreamers,-161,detail.questie.provenance.disabledByQuest,null,"""QuestieDB""",disabledByQuest,QuestieDB,9d39232dab48e35811a7cc02473c2f4e42b62ab6,,no direct ATT field mapped
78143,Secrets of the Dreamers,-161,detail.questie.provenance.finishedBy,null,"""QuestieDB""",finishedBy,QuestieDB,9d39232dab48e35811a7cc02473c2f4e42b62ab6,,no direct ATT field mapped
78143,Secrets of the Dreamers,-161,detail.questie.provenance.name,null,"""QuestieDB""",name,QuestieDB,9d39232dab48e35811a7cc02473c2f4e42b62ab6,,no direct ATT field mapped
78143,Secrets of the Dreamers,-161,detail.questie.provenance.nextQuestInChain,null,"""QuestieDB""",nextQuestInChain,QuestieDB,9d39232dab48e35811a7cc02473c2f4e42b62ab6,sourceQuest on successor,
78143,Secrets of the Dreamers,-161,detail.questie.provenance.objectives,null,"""QuestieDB""",objectives,QuestieDB,9d39232dab48e35811a7cc02473c2f4e42b62ab6,,no direct ATT field mapped
78143,Secrets of the Dreamers,-161,detail.questie.provenance.parentQuest,null,"""QuestieDB""",parentQuest,QuestieDB,9d39232dab48e35811a7cc02473c2f4e42b62ab6,,no direct ATT field mapped
78143,Secrets of the Dreamers,-161,detail.questie.provenance.questFlags,null,"""QuestieDB""",questFlags,QuestieDB,9d39232dab48e35811a7cc02473c2f4e42b62ab6,,no direct ATT field mapped
78143,Secrets of the Dreamers,-161,detail.questie.provenance.questLevel,null,"""QuestieDB""",questLevel,QuestieDB,9d39232dab48e35811a7cc02473c2f4e42b62ab6,,no direct ATT field mapped
78143,Secrets of the Dreamers,-161,detail.questie.provenance.requiredClasses,null,"""QuestieDB""",requiredClasses,QuestieDB,9d39232dab48e35811a7cc02473c2f4e42b62ab6,classes,
78143,Secrets of the Dreamers,-161,detail.questie.provenance.requiredLevel,null,"""QuestieDB""",requiredLevel,QuestieDB,9d39232dab48e35811a7cc02473c2f4e42b62ab6,lvl,
78143,Secrets of the Dreamers,-161,detail.questie.provenance.requiredMaxLevel,null,"""QuestieDB""",requiredMaxLevel,QuestieDB,9d39232dab48e35811a7cc02473c2f4e42b62ab6,,no direct ATT field mapped
78143,Secrets of the Dreamers,-161,detail.questie.provenance.requiredRaces,null,"""QuestieDB""",requiredRaces,QuestieDB,9d39232dab48e35811a7cc02473c2f4e42b62ab6,races,
78143,Secrets of the Dreamers,-161,detail.questie.provenance.requiredSpecialization,null,"""QuestieDB""",requiredSpecialization,QuestieDB,9d39232dab48e35811a7cc02473c2f4e42b62ab6,,no direct ATT field mapped
78143,Secrets of the Dreamers,-161,detail.questie.provenance.requiredSpell,null,"""QuestieDB""",requiredSpell,QuestieDB,9d39232dab48e35811a7cc02473c2f4e42b62ab6,,no direct ATT field mapped
78143,Secrets of the Dreamers,-161,detail.questie.provenance.sourceItemId,null,"""QuestieDB""",sourceItemId,QuestieDB,9d39232dab48e35811a7cc02473c2f4e42b62ab6,,no direct ATT field mapped
78143,Secrets of the Dreamers,-161,detail.questie.provenance.specialFlags,null,"""QuestieDB""",specialFlags,QuestieDB,9d39232dab48e35811a7cc02473c2f4e42b62ab6,,no direct ATT field mapped
78143,Secrets of the Dreamers,-161,detail.questie.provenance.startedBy,null,"""QuestieDB""",startedBy,QuestieDB,9d39232dab48e35811a7cc02473c2f4e42b62ab6,qg/provider; coord,
78143,Secrets of the Dreamers,-161,detail.questie.provenance.zoneOrSort,null,"""QuestieDB""",zoneOrSort,QuestieDB,9d39232dab48e35811a7cc02473c2f4e42b62ab6,,no direct ATT field mapped
78143,Secrets of the Dreamers,-161,index.questieCommit,null,"""9d39232dab48e35811a7cc02473c2f4e42b62ab6""",commit,QuestieDB,9d39232dab48e35811a7cc02473c2f4e42b62ab6,,no direct ATT field mapped
78145,Arcanic Systems Manual,-161,detail.questie.commit,null,"""9d39232dab48e35811a7cc02473c2f4e42b62ab6""",commit,QuestieDB,9d39232dab48e35811a7cc02473c2f4e42b62ab6,,no direct ATT field mapped
78145,Arcanic Systems Manual,-161,detail.questie.fields.availableStartingWith,null,0,availableStartingWith,QuestieDB,9d39232dab48e35811a7cc02473c2f4e42b62ab6,,no direct ATT field mapped
78145,Arcanic Systems Manual,-161,detail.questie.fields.availableUntilCompleted,null,0,availableUntilCompleted,QuestieDB,9d39232dab48e35811a7cc02473c2f4e42b62ab6,,no direct ATT field mapped
78145,Arcanic Systems Manual,-161,detail.questie.fields.breadcrumbForQuestId,null,0,breadcrumbForQuestId,QuestieDB,9d39232dab48e35811a7cc02473c2f4e42b62ab6,,no direct ATT field mapped
78145,Arcanic Systems Manual,-161,detail.questie.fields.disabledByQuest,null,0,disabledByQuest,QuestieDB,9d39232dab48e35811a7cc02473c2f4e42b62ab6,,no direct ATT field mapped
78145,Arcanic Systems Manual,-161,detail.questie.fields.finishedBy,null,[[211022]],finishedBy,QuestieDB,9d39232dab48e35811a7cc02473c2f4e42b62ab6,,no direct ATT field mapped
78145,Arcanic Systems Manual,-161,detail.questie.fields.name,null,"""Arcanic Systems Manual""",name,QuestieDB,9d39232dab48e35811a7cc02473c2f4e42b62ab6,,no direct ATT field mapped
78145,Arcanic Systems Manual,-161,detail.questie.fields.nextQuestInChain,null,0,nextQuestInChain,QuestieDB,9d39232dab48e35811a7cc02473c2f4e42b62ab6,sourceQuest on successor,
78145,Arcanic Systems Manual,-161,detail.questie.fields.objectives,null,[],objectives,QuestieDB,9d39232dab48e35811a7cc02473c2f4e42b62ab6,,no direct ATT field mapped
78145,Arcanic Systems Manual,-161,detail.questie.fields.parentQuest,null,0,parentQuest,QuestieDB,9d39232dab48e35811a7cc02473c2f4e42b62ab6,,no direct ATT field mapped
78145,Arcanic Systems Manual,-161,detail.questie.fields.questFlags,null,0,questFlags,QuestieDB,9d39232dab48e35811a7cc02473c2f4e42b62ab6,,no direct ATT field mapped
78145,Arcanic Systems Manual,-161,detail.questie.fields.questLevel,null,0,questLevel,QuestieDB,9d39232dab48e35811a7cc02473c2f4e42b62ab6,,no direct ATT field mapped
78145,Arcanic Systems Manual,-161,detail.questie.fields.requiredClasses,null,0,requiredClasses,QuestieDB,9d39232dab48e35811a7cc02473c2f4e42b62ab6,classes,
78145,Arcanic Systems Manual,-161,detail.questie.fields.requiredLevel,null,0,requiredLevel,QuestieDB,9d39232dab48e35811a7cc02473c2f4e42b62ab6,lvl,
78145,Arcanic Systems Manual,-161,detail.questie.fields.requiredMaxLevel,null,0,requiredMaxLevel,QuestieDB,9d39232dab48e35811a7cc02473c2f4e42b62ab6,,no direct ATT field mapped
78145,Arcanic Systems Manual,-161,detail.questie.fields.requiredRaces,null,0,requiredRaces,QuestieDB,9d39232dab48e35811a7cc02473c2f4e42b62ab6,races,
78145,Arcanic Systems Manual,-161,detail.questie.fields.requiredSpecialization,null,0,requiredSpecialization,QuestieDB,9d39232dab48e35811a7cc02473c2f4e42b62ab6,,no direct ATT field mapped
78145,Arcanic Systems Manual,-161,detail.questie.fields.requiredSpell,null,0,requiredSpell,QuestieDB,9d39232dab48e35811a7cc02473c2f4e42b62ab6,,no direct ATT field mapped
78145,Arcanic Systems Manual,-161,detail.questie.fields.sourceItemId,null,0,sourceItemId,QuestieDB,9d39232dab48e35811a7cc02473c2f4e42b62ab6,,no direct ATT field mapped
78145,Arcanic Systems Manual,-161,detail.questie.fields.specialFlags,null,0,specialFlags,QuestieDB,9d39232dab48e35811a7cc02473c2f4e42b62ab6,,no direct ATT field mapped
78145,Arcanic Systems Manual,-161,detail.questie.fields.startedBy,null,[],startedBy,QuestieDB,9d39232dab48e35811a7cc02473c2f4e42b62ab6,qg/provider; coord,
78145,Arcanic Systems Manual,-161,detail.questie.fields.zoneOrSort,null,0,zoneOrSort,QuestieDB,9d39232dab48e35811a7cc02473c2f4e42b62ab6,,no direct ATT field mapped
78145,Arcanic Systems Manual,-161,detail.questie.finishers,null,"[{""id"":211022,""name"":""Owen Thadd"",""spawns"":{""1497"":[[73.59,32.92],[73.66,33.22],[73.67,32.9],[73.67,32.96],[73.68,33.03],[73.68,33.09],[73.79,33.18]]},""type"":""npc""}]",finishers,QuestieDB,9d39232dab48e35811a7cc02473c2f4e42b62ab6,,no direct ATT field mapped
78145,Arcanic Systems Manual,-161,detail.questie.provenance.availableStartingWith,null,"""QuestieDB""",availableStartingWith,QuestieDB,9d39232dab48e35811a7cc02473c2f4e42b62ab6,,no direct ATT field mapped
78145,Arcanic Systems Manual,-161,detail.questie.provenance.availableUntilCompleted,null,"""QuestieDB""",availableUntilCompleted,QuestieDB,9d39232dab48e35811a7cc02473c2f4e42b62ab6,,no direct ATT field mapped
78145,Arcanic Systems Manual,-161,detail.questie.provenance.breadcrumbForQuestId,null,"""QuestieDB""",breadcrumbForQuestId,QuestieDB,9d39232dab48e35811a7cc02473c2f4e42b62ab6,,no direct ATT field mapped
78145,Arcanic Systems Manual,-161,detail.questie.provenance.disabledByQuest,null,"""QuestieDB""",disabledByQuest,QuestieDB,9d39232dab48e35811a7cc02473c2f4e42b62ab6,,no direct ATT field mapped
78145,Arcanic Systems Manual,-161,detail.questie.provenance.finishedBy,null,"""QuestieDB""",finishedBy,QuestieDB,9d39232dab48e35811a7cc02473c2f4e42b62ab6,,no direct ATT field mapped
78145,Arcanic Systems Manual,-161,detail.questie.provenance.name,null,"""QuestieDB""",name,QuestieDB,9d39232dab48e35811a7cc02473c2f4e42b62ab6,,no direct ATT field mapped
78145,Arcanic Systems Manual,-161,detail.questie.provenance.nextQuestInChain,null,"""QuestieDB""",nextQuestInChain,QuestieDB,9d39232dab48e35811a7cc02473c2f4e42b62ab6,sourceQuest on successor,
78145,Arcanic Systems Manual,-161,detail.questie.provenance.objectives,null,"""QuestieDB""",objectives,QuestieDB,9d39232dab48e35811a7cc02473c2f4e42b62ab6,,no direct ATT field mapped
78145,Arcanic Systems Manual,-161,detail.questie.provenance.parentQuest,null,"""QuestieDB""",parentQuest,QuestieDB,9d39232dab48e35811a7cc02473c2f4e42b62ab6,,no direct ATT field mapped
78145,Arcanic Systems Manual,-161,detail.questie.provenance.questFlags,null,"""QuestieDB""",questFlags,QuestieDB,9d39232dab48e35811a7cc02473c2f4e42b62ab6,,no direct ATT field mapped
78145,Arcanic Systems Manual,-161,detail.questie.provenance.questLevel,null,"""QuestieDB""",questLevel,QuestieDB,9d39232dab48e35811a7cc02473c2f4e42b62ab6,,no direct ATT field mapped
78145,Arcanic Systems Manual,-161,detail.questie.provenance.requiredClasses,null,"""QuestieDB""",requiredClasses,QuestieDB,9d39232dab48e35811a7cc02473c2f4e42b62ab6,classes,
78145,Arcanic Systems Manual,-161,detail.questie.provenance.requiredLevel,null,"""QuestieDB""",requiredLevel,QuestieDB,9d39232dab48e35811a7cc02473c2f4e42b62ab6,lvl,
78145,Arcanic Systems Manual,-161,detail.questie.provenance.requiredMaxLevel,null,"""QuestieDB""",requiredMaxLevel,QuestieDB,9d39232dab48e35811a7cc02473c2f4e42b62ab6,,no direct ATT field mapped
78145,Arcanic Systems Manual,-161,detail.questie.provenance.requiredRaces,null,"""QuestieDB""",requiredRaces,QuestieDB,9d39232dab48e35811a7cc02473c2f4e42b62ab6,races,
78145,Arcanic Systems Manual,-161,detail.questie.provenance.requiredSpecialization,null,"""QuestieDB""",requiredSpecialization,QuestieDB,9d39232dab48e35811a7cc02473c2f4e42b62ab6,,no direct ATT field mapped
78145,Arcanic Systems Manual,-161,detail.questie.provenance.requiredSpell,null,"""QuestieDB""",requiredSpell,QuestieDB,9d39232dab48e35811a7cc02473c2f4e42b62ab6,,no direct ATT field mapped
78145,Arcanic Systems Manual,-161,detail.questie.provenance.sourceItemId,null,"""QuestieDB""",sourceItemId,QuestieDB,9d39232dab48e35811a7cc02473c2f4e42b62ab6,,no direct ATT field mapped
78145,Arcanic Systems Manual,-161,detail.questie.provenance.specialFlags,null,"""QuestieDB""",specialFlags,QuestieDB,9d39232dab48e35811a7cc02473c2f4e42b62ab6,,no direct ATT field mapped
78145,Arcanic Systems Manual,-161,detail.questie.provenance.startedBy,null,"""QuestieDB""",startedBy,QuestieDB,9d39232dab48e35811a7cc02473c2f4e42b62ab6,qg/provider; coord,
78145,Arcanic Systems Manual,-161,detail.questie.provenance.zoneOrSort,null,"""QuestieDB""",zoneOrSort,QuestieDB,9d39232dab48e35811a7cc02473c2f4e42b62ab6,,no direct ATT field mapped
78145,Arcanic Systems Manual,-161,index.questieCommit,null,"""9d39232dab48e35811a7cc02473c2f4e42b62ab6""",commit,QuestieDB,9d39232dab48e35811a7cc02473c2f4e42b62ab6,,no direct ATT field mapped
78148,Runes of the Sorcerer-Kings,-161,detail.questie.commit,"""cac1eff815923f896d082764d023cf812454a023""","""9d39232dab48e35811a7cc02473c2f4e42b62ab6""",commit,QuestieDB,9d39232dab48e35811a7cc02473c2f4e42b62ab6,,no direct ATT field mapped
78148,Runes of the Sorcerer-Kings,-161,detail.questie.finishers,"[{""id"":211022,""name"":""Owen Thadd"",""spawns"":{""1497"":[[73.4,33],[73.6,33],[74,32.4]]},""type"":""npc""},{""id"":211033,""name"":""Garion Wendell"",""type"":""npc""}]","[{""id"":211022,""name"":""Owen Thadd"",""spawns"":{""1497"":[[73.59,32.92],[73.66,33.22],[73.67,32.9],[73.67,32.96],[73.68,33.03],[73.68,33.09],[73.79,33.18]]},""type"":""npc""},{""id"":211033,""name"":""Garion Wendell"",""spawns"":{""1519"":[[48.93,86.45],[49,86.44],[49.02,86.52],[49.02,86.59],[49.13,86.42],[49.25,86.25]]},""type"":""npc""}]",finishers,QuestieDB,9d39232dab48e35811a7cc02473c2f4e42b62ab6,,no direct ATT field mapped
78148,Runes of the Sorcerer-Kings,-161,detail.questie.starters,"[{""id"":211033,""name"":""Garion Wendell"",""type"":""npc""}]","[{""id"":211033,""name"":""Garion Wendell"",""spawns"":{""1519"":[[48.93,86.45],[49,86.44],[49.02,86.52],[49.02,86.59],[49.13,86.42],[49.25,86.25]]},""type"":""npc""}]",starters,QuestieDB,9d39232dab48e35811a7cc02473c2f4e42b62ab6,qg/provider; coord,
78148,Runes of the Sorcerer-Kings,-161,index.questieCommit,"""cac1eff815923f896d082764d023cf812454a023""","""9d39232dab48e35811a7cc02473c2f4e42b62ab6""",commit,QuestieDB,9d39232dab48e35811a7cc02473c2f4e42b62ab6,,conflicts with existing value; no direct ATT field mapped
78149,Fury of the Land,-161,detail.questie.commit,null,"""9d39232dab48e35811a7cc02473c2f4e42b62ab6""",commit,QuestieDB,9d39232dab48e35811a7cc02473c2f4e42b62ab6,,no direct ATT field mapped
78149,Fury of the Land,-161,detail.questie.fields.availableStartingWith,null,0,availableStartingWith,QuestieDB,9d39232dab48e35811a7cc02473c2f4e42b62ab6,,no direct ATT field mapped
78149,Fury of the Land,-161,detail.questie.fields.availableUntilCompleted,null,0,availableUntilCompleted,QuestieDB,9d39232dab48e35811a7cc02473c2f4e42b62ab6,,no direct ATT field mapped
78149,Fury of the Land,-161,detail.questie.fields.breadcrumbForQuestId,null,0,breadcrumbForQuestId,QuestieDB,9d39232dab48e35811a7cc02473c2f4e42b62ab6,,no direct ATT field mapped
78149,Fury of the Land,-161,detail.questie.fields.disabledByQuest,null,0,disabledByQuest,QuestieDB,9d39232dab48e35811a7cc02473c2f4e42b62ab6,,no direct ATT field mapped
78149,Fury of the Land,-161,detail.questie.fields.finishedBy,null,[[211022]],finishedBy,QuestieDB,9d39232dab48e35811a7cc02473c2f4e42b62ab6,,no direct ATT field mapped
78149,Fury of the Land,-161,detail.questie.fields.name,null,"""Fury of the Land""",name,QuestieDB,9d39232dab48e35811a7cc02473c2f4e42b62ab6,,no direct ATT field mapped
78149,Fury of the Land,-161,detail.questie.fields.nextQuestInChain,null,0,nextQuestInChain,QuestieDB,9d39232dab48e35811a7cc02473c2f4e42b62ab6,sourceQuest on successor,
78149,Fury of the Land,-161,detail.questie.fields.objectives,null,[],objectives,QuestieDB,9d39232dab48e35811a7cc02473c2f4e42b62ab6,,no direct ATT field mapped
78149,Fury of the Land,-161,detail.questie.fields.parentQuest,null,0,parentQuest,QuestieDB,9d39232dab48e35811a7cc02473c2f4e42b62ab6,,no direct ATT field mapped
78149,Fury of the Land,-161,detail.questie.fields.questFlags,null,0,questFlags,QuestieDB,9d39232dab48e35811a7cc02473c2f4e42b62ab6,,no direct ATT field mapped
78149,Fury of the Land,-161,detail.questie.fields.questLevel,null,0,questLevel,QuestieDB,9d39232dab48e35811a7cc02473c2f4e42b62ab6,,no direct ATT field mapped
78149,Fury of the Land,-161,detail.questie.fields.requiredClasses,null,0,requiredClasses,QuestieDB,9d39232dab48e35811a7cc02473c2f4e42b62ab6,classes,
78149,Fury of the Land,-161,detail.questie.fields.requiredLevel,null,0,requiredLevel,QuestieDB,9d39232dab48e35811a7cc02473c2f4e42b62ab6,lvl,
78149,Fury of the Land,-161,detail.questie.fields.requiredMaxLevel,null,0,requiredMaxLevel,QuestieDB,9d39232dab48e35811a7cc02473c2f4e42b62ab6,,no direct ATT field mapped
78149,Fury of the Land,-161,detail.questie.fields.requiredRaces,null,0,requiredRaces,QuestieDB,9d39232dab48e35811a7cc02473c2f4e42b62ab6,races,
78149,Fury of the Land,-161,detail.questie.fields.requiredSpecialization,null,0,requiredSpecialization,QuestieDB,9d39232dab48e35811a7cc02473c2f4e42b62ab6,,no direct ATT field mapped
78149,Fury of the Land,-161,detail.questie.fields.requiredSpell,null,0,requiredSpell,QuestieDB,9d39232dab48e35811a7cc02473c2f4e42b62ab6,,no direct ATT field mapped
78149,Fury of the Land,-161,detail.questie.fields.sourceItemId,null,0,sourceItemId,QuestieDB,9d39232dab48e35811a7cc02473c2f4e42b62ab6,,no direct ATT field mapped
78149,Fury of the Land,-161,detail.questie.fields.specialFlags,null,0,specialFlags,QuestieDB,9d39232dab48e35811a7cc02473c2f4e42b62ab6,,no direct ATT field mapped
78149,Fury of the Land,-161,detail.questie.fields.startedBy,null,[],startedBy,QuestieDB,9d39232dab48e35811a7cc02473c2f4e42b62ab6,qg/provider; coord,
78149,Fury of the Land,-161,detail.questie.fields.zoneOrSort,null,0,zoneOrSort,QuestieDB,9d39232dab48e35811a7cc02473c2f4e42b62ab6,,no direct ATT field mapped
78149,Fury of the Land,-161,detail.questie.finishers,null,"[{""id"":211022,""name"":""Owen Thadd"",""spawns"":{""1497"":[[73.59,32.92],[73.66,33.22],[73.67,32.9],[73.67,32.96],[73.68,33.03],[73.68,33.09],[73.79,33.18]]},""type"":""npc""}]",finishers,QuestieDB,9d39232dab48e35811a7cc02473c2f4e42b62ab6,,no direct ATT field mapped
78149,Fury of the Land,-161,detail.questie.provenance.availableStartingWith,null,"""QuestieDB""",availableStartingWith,QuestieDB,9d39232dab48e35811a7cc02473c2f4e42b62ab6,,no direct ATT field mapped
78149,Fury of the Land,-161,detail.questie.provenance.availableUntilCompleted,null,"""QuestieDB""",availableUntilCompleted,QuestieDB,9d39232dab48e35811a7cc02473c2f4e42b62ab6,,no direct ATT field mapped
78149,Fury of the Land,-161,detail.questie.provenance.breadcrumbForQuestId,null,"""QuestieDB""",breadcrumbForQuestId,QuestieDB,9d39232dab48e35811a7cc02473c2f4e42b62ab6,,no direct ATT field mapped
78149,Fury of the Land,-161,detail.questie.provenance.disabledByQuest,null,"""QuestieDB""",disabledByQuest,QuestieDB,9d39232dab48e35811a7cc02473c2f4e42b62ab6,,no direct ATT field mapped
78149,Fury of the Land,-161,detail.questie.provenance.finishedBy,null,"""QuestieDB""",finishedBy,QuestieDB,9d39232dab48e35811a7cc02473c2f4e42b62ab6,,no direct ATT field mapped
78149,Fury of the Land,-161,detail.questie.provenance.name,null,"""QuestieDB""",name,QuestieDB,9d39232dab48e35811a7cc02473c2f4e42b62ab6,,no direct ATT field mapped
78149,Fury of the Land,-161,detail.questie.provenance.nextQuestInChain,null,"""QuestieDB""",nextQuestInChain,QuestieDB,9d39232dab48e35811a7cc02473c2f4e42b62ab6,sourceQuest on successor,
78149,Fury of the Land,-161,detail.questie.provenance.objectives,null,"""QuestieDB""",objectives,QuestieDB,9d39232dab48e35811a7cc02473c2f4e42b62ab6,,no direct ATT field mapped
78149,Fury of the Land,-161,detail.questie.provenance.parentQuest,null,"""QuestieDB""",parentQuest,QuestieDB,9d39232dab48e35811a7cc02473c2f4e42b62ab6,,no direct ATT field mapped
78149,Fury of the Land,-161,detail.questie.provenance.questFlags,null,"""QuestieDB""",questFlags,QuestieDB,9d39232dab48e35811a7cc02473c2f4e42b62ab6,,no direct ATT field mapped
78149,Fury of the Land,-161,detail.questie.provenance.questLevel,null,"""QuestieDB""",questLevel,QuestieDB,9d39232dab48e35811a7cc02473c2f4e42b62ab6,,no direct ATT field mapped
78149,Fury of the Land,-161,detail.questie.provenance.requiredClasses,null,"""QuestieDB""",requiredClasses,QuestieDB,9d39232dab48e35811a7cc02473c2f4e42b62ab6,classes,
78149,Fury of the Land,-161,detail.questie.provenance.requiredLevel,null,"""QuestieDB""",requiredLevel,QuestieDB,9d39232dab48e35811a7cc02473c2f4e42b62ab6,lvl,
78149,Fury of the Land,-161,detail.questie.provenance.requiredMaxLevel,null,"""QuestieDB""",requiredMaxLevel,QuestieDB,9d39232dab48e35811a7cc02473c2f4e42b62ab6,,no direct ATT field mapped
78149,Fury of the Land,-161,detail.questie.provenance.requiredRaces,null,"""QuestieDB""",requiredRaces,QuestieDB,9d39232dab48e35811a7cc02473c2f4e42b62ab6,races,
78149,Fury of the Land,-161,detail.questie.provenance.requiredSpecialization,null,"""QuestieDB""",requiredSpecialization,QuestieDB,9d39232dab48e35811a7cc02473c2f4e42b62ab6,,no direct ATT field mapped
78149,Fury of the Land,-161,detail.questie.provenance.requiredSpell,null,"""QuestieDB""",requiredSpell,QuestieDB,9d39232dab48e35811a7cc02473c2f4e42b62ab6,,no direct ATT field mapped
78149,Fury of the Land,-161,detail.questie.provenance.sourceItemId,null,"""QuestieDB""",sourceItemId,QuestieDB,9d39232dab48e35811a7cc02473c2f4e42b62ab6,,no direct ATT field mapped
78149,Fury of the Land,-161,detail.questie.provenance.specialFlags,null,"""QuestieDB""",specialFlags,QuestieDB,9d39232dab48e35811a7cc02473c2f4e42b62ab6,,no direct ATT field mapped
78149,Fury of the Land,-161,detail.questie.provenance.startedBy,null,"""QuestieDB""",startedBy,QuestieDB,9d39232dab48e35811a7cc02473c2f4e42b62ab6,qg/provider; coord,
78149,Fury of the Land,-161,detail.questie.provenance.zoneOrSort,null,"""QuestieDB""",zoneOrSort,QuestieDB,9d39232dab48e35811a7cc02473c2f4e42b62ab6,,no direct ATT field mapped
78149,Fury of the Land,-161,index.questieCommit,null,"""9d39232dab48e35811a7cc02473c2f4e42b62ab6""",commit,QuestieDB,9d39232dab48e35811a7cc02473c2f4e42b62ab6,,no direct ATT field mapped
78261,The Horn of Xelthos,-162,detail.questLevel,null,23,questLevel,QuestieDB,9d39232dab48e35811a7cc02473c2f4e42b62ab6,,no direct ATT field mapped
78261,The Horn of Xelthos,-162,detail.questie.commit,null,"""9d39232dab48e35811a7cc02473c2f4e42b62ab6""",commit,QuestieDB,9d39232dab48e35811a7cc02473c2f4e42b62ab6,,no direct ATT field mapped
78261,The Horn of Xelthos,-162,detail.questie.fields.availableStartingWith,null,0,availableStartingWith,QuestieDB,9d39232dab48e35811a7cc02473c2f4e42b62ab6,,no direct ATT field mapped
78261,The Horn of Xelthos,-162,detail.questie.fields.availableUntilCompleted,null,0,availableUntilCompleted,QuestieDB,9d39232dab48e35811a7cc02473c2f4e42b62ab6,,no direct ATT field mapped
78261,The Horn of Xelthos,-162,detail.questie.fields.breadcrumbForQuestId,null,0,breadcrumbForQuestId,QuestieDB,9d39232dab48e35811a7cc02473c2f4e42b62ab6,,no direct ATT field mapped
78261,The Horn of Xelthos,-162,detail.questie.fields.disabledByQuest,null,0,disabledByQuest,QuestieDB,9d39232dab48e35811a7cc02473c2f4e42b62ab6,,no direct ATT field mapped
78261,The Horn of Xelthos,-162,detail.questie.fields.finishedBy,null,[],finishedBy,QuestieDB,9d39232dab48e35811a7cc02473c2f4e42b62ab6,,no direct ATT field mapped
78261,The Horn of Xelthos,-162,detail.questie.fields.name,null,"""The Horn of Xelthos""",name,QuestieDB,9d39232dab48e35811a7cc02473c2f4e42b62ab6,,no direct ATT field mapped
78261,The Horn of Xelthos,-162,detail.questie.fields.nextQuestInChain,null,0,nextQuestInChain,QuestieDB,9d39232dab48e35811a7cc02473c2f4e42b62ab6,sourceQuest on successor,
78261,The Horn of Xelthos,-162,detail.questie.fields.objectives,null,[],objectives,QuestieDB,9d39232dab48e35811a7cc02473c2f4e42b62ab6,,no direct ATT field mapped
78261,The Horn of Xelthos,-162,detail.questie.fields.objectivesText,null,"[""Find The Horn of Xelthos inside of Shadowfang Keep. Then, return it to C's dead drop near Pyrewood Village. You must complete the job alone.""]",objectivesText,QuestieDB,9d39232dab48e35811a7cc02473c2f4e42b62ab6,,no direct ATT field mapped
78261,The Horn of Xelthos,-162,detail.questie.fields.parentQuest,null,0,parentQuest,QuestieDB,9d39232dab48e35811a7cc02473c2f4e42b62ab6,,no direct ATT field mapped
78261,The Horn of Xelthos,-162,detail.questie.fields.questFlags,null,0,questFlags,QuestieDB,9d39232dab48e35811a7cc02473c2f4e42b62ab6,,no direct ATT field mapped
78261,The Horn of Xelthos,-162,detail.questie.fields.questLevel,null,23,questLevel,QuestieDB,9d39232dab48e35811a7cc02473c2f4e42b62ab6,,no direct ATT field mapped
78261,The Horn of Xelthos,-162,detail.questie.fields.requiredClasses,null,0,requiredClasses,QuestieDB,9d39232dab48e35811a7cc02473c2f4e42b62ab6,classes,
78261,The Horn of Xelthos,-162,detail.questie.fields.requiredLevel,null,0,requiredLevel,QuestieDB,9d39232dab48e35811a7cc02473c2f4e42b62ab6,lvl,
78261,The Horn of Xelthos,-162,detail.questie.fields.requiredMaxLevel,null,0,requiredMaxLevel,QuestieDB,9d39232dab48e35811a7cc02473c2f4e42b62ab6,,no direct ATT field mapped
78261,The Horn of Xelthos,-162,detail.questie.fields.requiredRaces,null,0,requiredRaces,QuestieDB,9d39232dab48e35811a7cc02473c2f4e42b62ab6,races,
78261,The Horn of Xelthos,-162,detail.questie.fields.requiredSpecialization,null,0,requiredSpecialization,QuestieDB,9d39232dab48e35811a7cc02473c2f4e42b62ab6,,no direct ATT field mapped
78261,The Horn of Xelthos,-162,detail.questie.fields.requiredSpell,null,0,requiredSpell,QuestieDB,9d39232dab48e35811a7cc02473c2f4e42b62ab6,,no direct ATT field mapped
78261,The Horn of Xelthos,-162,detail.questie.fields.sourceItemId,null,0,sourceItemId,QuestieDB,9d39232dab48e35811a7cc02473c2f4e42b62ab6,,no direct ATT field mapped
78261,The Horn of Xelthos,-162,detail.questie.fields.specialFlags,null,0,specialFlags,QuestieDB,9d39232dab48e35811a7cc02473c2f4e42b62ab6,,no direct ATT field mapped
78261,The Horn of Xelthos,-162,detail.questie.fields.startedBy,null,[],startedBy,QuestieDB,9d39232dab48e35811a7cc02473c2f4e42b62ab6,qg/provider; coord,
78261,The Horn of Xelthos,-162,detail.questie.fields.zoneOrSort,null,0,zoneOrSort,QuestieDB,9d39232dab48e35811a7cc02473c2f4e42b62ab6,,no direct ATT field mapped
78261,The Horn of Xelthos,-162,detail.questie.provenance.availableStartingWith,null,"""QuestieDB""",availableStartingWith,QuestieDB,9d39232dab48e35811a7cc02473c2f4e42b62ab6,,no direct ATT field mapped
78261,The Horn of Xelthos,-162,detail.questie.provenance.availableUntilCompleted,null,"""QuestieDB""",availableUntilCompleted,QuestieDB,9d39232dab48e35811a7cc02473c2f4e42b62ab6,,no direct ATT field mapped
78261,The Horn of Xelthos,-162,detail.questie.provenance.breadcrumbForQuestId,null,"""QuestieDB""",breadcrumbForQuestId,QuestieDB,9d39232dab48e35811a7cc02473c2f4e42b62ab6,,no direct ATT field mapped
78261,The Horn of Xelthos,-162,detail.questie.provenance.disabledByQuest,null,"""QuestieDB""",disabledByQuest,QuestieDB,9d39232dab48e35811a7cc02473c2f4e42b62ab6,,no direct ATT field mapped
78261,The Horn of Xelthos,-162,detail.questie.provenance.finishedBy,null,"""QuestieDB""",finishedBy,QuestieDB,9d39232dab48e35811a7cc02473c2f4e42b62ab6,,no direct ATT field mapped
78261,The Horn of Xelthos,-162,detail.questie.provenance.name,null,"""QuestieDB""",name,QuestieDB,9d39232dab48e35811a7cc02473c2f4e42b62ab6,,no direct ATT field mapped
78261,The Horn of Xelthos,-162,detail.questie.provenance.nextQuestInChain,null,"""QuestieDB""",nextQuestInChain,QuestieDB,9d39232dab48e35811a7cc02473c2f4e42b62ab6,sourceQuest on successor,
78261,The Horn of Xelthos,-162,detail.questie.provenance.objectives,null,"""QuestieDB""",objectives,QuestieDB,9d39232dab48e35811a7cc02473c2f4e42b62ab6,,no direct ATT field mapped
78261,The Horn of Xelthos,-162,detail.questie.provenance.objectivesText,null,"""QuestieDB""",objectivesText,QuestieDB,9d39232dab48e35811a7cc02473c2f4e42b62ab6,,no direct ATT field mapped
78261,The Horn of Xelthos,-162,detail.questie.provenance.parentQuest,null,"""QuestieDB""",parentQuest,QuestieDB,9d39232dab48e35811a7cc02473c2f4e42b62ab6,,no direct ATT field mapped
78261,The Horn of Xelthos,-162,detail.questie.provenance.questFlags,null,"""QuestieDB""",questFlags,QuestieDB,9d39232dab48e35811a7cc02473c2f4e42b62ab6,,no direct ATT field mapped
78261,The Horn of Xelthos,-162,detail.questie.provenance.questLevel,null,"""QuestieDB""",questLevel,QuestieDB,9d39232dab48e35811a7cc02473c2f4e42b62ab6,,no direct ATT field mapped
78261,The Horn of Xelthos,-162,detail.questie.provenance.requiredClasses,null,"""QuestieDB""",requiredClasses,QuestieDB,9d39232dab48e35811a7cc02473c2f4e42b62ab6,classes,
78261,The Horn of Xelthos,-162,detail.questie.provenance.requiredLevel,null,"""QuestieDB""",requiredLevel,QuestieDB,9d39232dab48e35811a7cc02473c2f4e42b62ab6,lvl,
78261,The Horn of Xelthos,-162,detail.questie.provenance.requiredMaxLevel,null,"""QuestieDB""",requiredMaxLevel,QuestieDB,9d39232dab48e35811a7cc02473c2f4e42b62ab6,,no direct ATT field mapped
78261,The Horn of Xelthos,-162,detail.questie.provenance.requiredRaces,null,"""QuestieDB""",requiredRaces,QuestieDB,9d39232dab48e35811a7cc02473c2f4e42b62ab6,races,
78261,The Horn of Xelthos,-162,detail.questie.provenance.requiredSpecialization,null,"""QuestieDB""",requiredSpecialization,QuestieDB,9d39232dab48e35811a7cc02473c2f4e42b62ab6,,no direct ATT field mapped
78261,The Horn of Xelthos,-162,detail.questie.provenance.requiredSpell,null,"""QuestieDB""",requiredSpell,QuestieDB,9d39232dab48e35811a7cc02473c2f4e42b62ab6,,no direct ATT field mapped
78261,The Horn of Xelthos,-162,detail.questie.provenance.sourceItemId,null,"""QuestieDB""",sourceItemId,QuestieDB,9d39232dab48e35811a7cc02473c2f4e42b62ab6,,no direct ATT field mapped
78261,The Horn of Xelthos,-162,detail.questie.provenance.specialFlags,null,"""QuestieDB""",specialFlags,QuestieDB,9d39232dab48e35811a7cc02473c2f4e42b62ab6,,no direct ATT field mapped
78261,The Horn of Xelthos,-162,detail.questie.provenance.startedBy,null,"""QuestieDB""",startedBy,QuestieDB,9d39232dab48e35811a7cc02473c2f4e42b62ab6,qg/provider; coord,
78261,The Horn of Xelthos,-162,detail.questie.provenance.zoneOrSort,null,"""QuestieDB""",zoneOrSort,QuestieDB,9d39232dab48e35811a7cc02473c2f4e42b62ab6,,no direct ATT field mapped
78261,The Horn of Xelthos,-162,index.questLevel,null,23,questLevel,QuestieDB,9d39232dab48e35811a7cc02473c2f4e42b62ab6,,no direct ATT field mapped
78261,The Horn of Xelthos,-162,index.questieCommit,null,"""9d39232dab48e35811a7cc02473c2f4e42b62ab6""",commit,QuestieDB,9d39232dab48e35811a7cc02473c2f4e42b62ab6,,no direct ATT field mapped
79007,... and that note you found,390,detail.questie.commit,"""cac1eff815923f896d082764d023cf812454a023""","""9d39232dab48e35811a7cc02473c2f4e42b62ab6""",commit,QuestieDB,9d39232dab48e35811a7cc02473c2f4e42b62ab6,,no direct ATT field mapped
79007,... and that note you found,390,index.questieCommit,"""cac1eff815923f896d082764d023cf812454a023""","""9d39232dab48e35811a7cc02473c2f4e42b62ab6""",commit,QuestieDB,9d39232dab48e35811a7cc02473c2f4e42b62ab6,,conflicts with existing value; no direct ATT field mapped
79008,... and that note you found,40,detail.questie.commit,"""cac1eff815923f896d082764d023cf812454a023""","""9d39232dab48e35811a7cc02473c2f4e42b62ab6""",commit,QuestieDB,9d39232dab48e35811a7cc02473c2f4e42b62ab6,,no direct ATT field mapped
79008,... and that note you found,40,index.questieCommit,"""cac1eff815923f896d082764d023cf812454a023""","""9d39232dab48e35811a7cc02473c2f4e42b62ab6""",commit,QuestieDB,9d39232dab48e35811a7cc02473c2f4e42b62ab6,,conflicts with existing value; no direct ATT field mapped
79091,Archmage Antonidas: The Unabridged Autobiography,-161,detail.questie.commit,null,"""9d39232dab48e35811a7cc02473c2f4e42b62ab6""",commit,QuestieDB,9d39232dab48e35811a7cc02473c2f4e42b62ab6,,no direct ATT field mapped
79091,Archmage Antonidas: The Unabridged Autobiography,-161,detail.questie.fields.availableStartingWith,null,0,availableStartingWith,QuestieDB,9d39232dab48e35811a7cc02473c2f4e42b62ab6,,no direct ATT field mapped
79091,Archmage Antonidas: The Unabridged Autobiography,-161,detail.questie.fields.availableUntilCompleted,null,0,availableUntilCompleted,QuestieDB,9d39232dab48e35811a7cc02473c2f4e42b62ab6,,no direct ATT field mapped
79091,Archmage Antonidas: The Unabridged Autobiography,-161,detail.questie.fields.breadcrumbForQuestId,null,0,breadcrumbForQuestId,QuestieDB,9d39232dab48e35811a7cc02473c2f4e42b62ab6,,no direct ATT field mapped
79091,Archmage Antonidas: The Unabridged Autobiography,-161,detail.questie.fields.disabledByQuest,null,0,disabledByQuest,QuestieDB,9d39232dab48e35811a7cc02473c2f4e42b62ab6,,no direct ATT field mapped
79091,Archmage Antonidas: The Unabridged Autobiography,-161,detail.questie.fields.finishedBy,null,[[211033]],finishedBy,QuestieDB,9d39232dab48e35811a7cc02473c2f4e42b62ab6,,no direct ATT field mapped
79091,Archmage Antonidas: The Unabridged Autobiography,-161,detail.questie.fields.name,null,"""Archmage Antonidas: The Unabridged Autobiography""",name,QuestieDB,9d39232dab48e35811a7cc02473c2f4e42b62ab6,,no direct ATT field mapped
79091,Archmage Antonidas: The Unabridged Autobiography,-161,detail.questie.fields.nextQuestInChain,null,0,nextQuestInChain,QuestieDB,9d39232dab48e35811a7cc02473c2f4e42b62ab6,sourceQuest on successor,
79091,Archmage Antonidas: The Unabridged Autobiography,-161,detail.questie.fields.objectives,null,[],objectives,QuestieDB,9d39232dab48e35811a7cc02473c2f4e42b62ab6,,no direct ATT field mapped
79091,Archmage Antonidas: The Unabridged Autobiography,-161,detail.questie.fields.parentQuest,null,0,parentQuest,QuestieDB,9d39232dab48e35811a7cc02473c2f4e42b62ab6,,no direct ATT field mapped
79091,Archmage Antonidas: The Unabridged Autobiography,-161,detail.questie.fields.questFlags,null,0,questFlags,QuestieDB,9d39232dab48e35811a7cc02473c2f4e42b62ab6,,no direct ATT field mapped
79091,Archmage Antonidas: The Unabridged Autobiography,-161,detail.questie.fields.questLevel,null,0,questLevel,QuestieDB,9d39232dab48e35811a7cc02473c2f4e42b62ab6,,no direct ATT field mapped
79091,Archmage Antonidas: The Unabridged Autobiography,-161,detail.questie.fields.requiredClasses,null,0,requiredClasses,QuestieDB,9d39232dab48e35811a7cc02473c2f4e42b62ab6,classes,
79091,Archmage Antonidas: The Unabridged Autobiography,-161,detail.questie.fields.requiredLevel,null,0,requiredLevel,QuestieDB,9d39232dab48e35811a7cc02473c2f4e42b62ab6,lvl,
79091,Archmage Antonidas: The Unabridged Autobiography,-161,detail.questie.fields.requiredMaxLevel,null,0,requiredMaxLevel,QuestieDB,9d39232dab48e35811a7cc02473c2f4e42b62ab6,,no direct ATT field mapped
79091,Archmage Antonidas: The Unabridged Autobiography,-161,detail.questie.fields.requiredRaces,null,0,requiredRaces,QuestieDB,9d39232dab48e35811a7cc02473c2f4e42b62ab6,races,
79091,Archmage Antonidas: The Unabridged Autobiography,-161,detail.questie.fields.requiredSpecialization,null,0,requiredSpecialization,QuestieDB,9d39232dab48e35811a7cc02473c2f4e42b62ab6,,no direct ATT field mapped
79091,Archmage Antonidas: The Unabridged Autobiography,-161,detail.questie.fields.requiredSpell,null,0,requiredSpell,QuestieDB,9d39232dab48e35811a7cc02473c2f4e42b62ab6,,no direct ATT field mapped
79091,Archmage Antonidas: The Unabridged Autobiography,-161,detail.questie.fields.sourceItemId,null,0,sourceItemId,QuestieDB,9d39232dab48e35811a7cc02473c2f4e42b62ab6,,no direct ATT field mapped
79091,Archmage Antonidas: The Unabridged Autobiography,-161,detail.questie.fields.specialFlags,null,0,specialFlags,QuestieDB,9d39232dab48e35811a7cc02473c2f4e42b62ab6,,no direct ATT field mapped
79091,Archmage Antonidas: The Unabridged Autobiography,-161,detail.questie.fields.startedBy,null,[],startedBy,QuestieDB,9d39232dab48e35811a7cc02473c2f4e42b62ab6,qg/provider; coord,
79091,Archmage Antonidas: The Unabridged Autobiography,-161,detail.questie.fields.zoneOrSort,null,0,zoneOrSort,QuestieDB,9d39232dab48e35811a7cc02473c2f4e42b62ab6,,no direct ATT field mapped
79091,Archmage Antonidas: The Unabridged Autobiography,-161,detail.questie.finishers,null,"[{""id"":211033,""name"":""Garion Wendell"",""spawns"":{""1519"":[[48.93,86.45],[49,86.44],[49.02,86.52],[49.02,86.59],[49.13,86.42],[49.25,86.25]]},""type"":""npc""}]",finishers,QuestieDB,9d39232dab48e35811a7cc02473c2f4e42b62ab6,,no direct ATT field mapped
79091,Archmage Antonidas: The Unabridged Autobiography,-161,detail.questie.provenance.availableStartingWith,null,"""QuestieDB""",availableStartingWith,QuestieDB,9d39232dab48e35811a7cc02473c2f4e42b62ab6,,no direct ATT field mapped
79091,Archmage Antonidas: The Unabridged Autobiography,-161,detail.questie.provenance.availableUntilCompleted,null,"""QuestieDB""",availableUntilCompleted,QuestieDB,9d39232dab48e35811a7cc02473c2f4e42b62ab6,,no direct ATT field mapped
79091,Archmage Antonidas: The Unabridged Autobiography,-161,detail.questie.provenance.breadcrumbForQuestId,null,"""QuestieDB""",breadcrumbForQuestId,QuestieDB,9d39232dab48e35811a7cc02473c2f4e42b62ab6,,no direct ATT field mapped
79091,Archmage Antonidas: The Unabridged Autobiography,-161,detail.questie.provenance.disabledByQuest,null,"""QuestieDB""",disabledByQuest,QuestieDB,9d39232dab48e35811a7cc02473c2f4e42b62ab6,,no direct ATT field mapped
79091,Archmage Antonidas: The Unabridged Autobiography,-161,detail.questie.provenance.finishedBy,null,"""QuestieDB""",finishedBy,QuestieDB,9d39232dab48e35811a7cc02473c2f4e42b62ab6,,no direct ATT field mapped
79091,Archmage Antonidas: The Unabridged Autobiography,-161,detail.questie.provenance.name,null,"""QuestieDB""",name,QuestieDB,9d39232dab48e35811a7cc02473c2f4e42b62ab6,,no direct ATT field mapped
79091,Archmage Antonidas: The Unabridged Autobiography,-161,detail.questie.provenance.nextQuestInChain,null,"""QuestieDB""",nextQuestInChain,QuestieDB,9d39232dab48e35811a7cc02473c2f4e42b62ab6,sourceQuest on successor,
79091,Archmage Antonidas: The Unabridged Autobiography,-161,detail.questie.provenance.objectives,null,"""QuestieDB""",objectives,QuestieDB,9d39232dab48e35811a7cc02473c2f4e42b62ab6,,no direct ATT field mapped
79091,Archmage Antonidas: The Unabridged Autobiography,-161,detail.questie.provenance.parentQuest,null,"""QuestieDB""",parentQuest,QuestieDB,9d39232dab48e35811a7cc02473c2f4e42b62ab6,,no direct ATT field mapped
79091,Archmage Antonidas: The Unabridged Autobiography,-161,detail.questie.provenance.questFlags,null,"""QuestieDB""",questFlags,QuestieDB,9d39232dab48e35811a7cc02473c2f4e42b62ab6,,no direct ATT field mapped
79091,Archmage Antonidas: The Unabridged Autobiography,-161,detail.questie.provenance.questLevel,null,"""QuestieDB""",questLevel,QuestieDB,9d39232dab48e35811a7cc02473c2f4e42b62ab6,,no direct ATT field mapped
79091,Archmage Antonidas: The Unabridged Autobiography,-161,detail.questie.provenance.requiredClasses,null,"""QuestieDB""",requiredClasses,QuestieDB,9d39232dab48e35811a7cc02473c2f4e42b62ab6,classes,
79091,Archmage Antonidas: The Unabridged Autobiography,-161,detail.questie.provenance.requiredLevel,null,"""QuestieDB""",requiredLevel,QuestieDB,9d39232dab48e35811a7cc02473c2f4e42b62ab6,lvl,
79091,Archmage Antonidas: The Unabridged Autobiography,-161,detail.questie.provenance.requiredMaxLevel,null,"""QuestieDB""",requiredMaxLevel,QuestieDB,9d39232dab48e35811a7cc02473c2f4e42b62ab6,,no direct ATT field mapped
79091,Archmage Antonidas: The Unabridged Autobiography,-161,detail.questie.provenance.requiredRaces,null,"""QuestieDB""",requiredRaces,QuestieDB,9d39232dab48e35811a7cc02473c2f4e42b62ab6,races,
79091,Archmage Antonidas: The Unabridged Autobiography,-161,detail.questie.provenance.requiredSpecialization,null,"""QuestieDB""",requiredSpecialization,QuestieDB,9d39232dab48e35811a7cc02473c2f4e42b62ab6,,no direct ATT field mapped
79091,Archmage Antonidas: The Unabridged Autobiography,-161,detail.questie.provenance.requiredSpell,null,"""QuestieDB""",requiredSpell,QuestieDB,9d39232dab48e35811a7cc02473c2f4e42b62ab6,,no direct ATT field mapped
79091,Archmage Antonidas: The Unabridged Autobiography,-161,detail.questie.provenance.sourceItemId,null,"""QuestieDB""",sourceItemId,QuestieDB,9d39232dab48e35811a7cc02473c2f4e42b62ab6,,no direct ATT field mapped
79091,Archmage Antonidas: The Unabridged Autobiography,-161,detail.questie.provenance.specialFlags,null,"""QuestieDB""",specialFlags,QuestieDB,9d39232dab48e35811a7cc02473c2f4e42b62ab6,,no direct ATT field mapped
79091,Archmage Antonidas: The Unabridged Autobiography,-161,detail.questie.provenance.startedBy,null,"""QuestieDB""",startedBy,QuestieDB,9d39232dab48e35811a7cc02473c2f4e42b62ab6,qg/provider; coord,
79091,Archmage Antonidas: The Unabridged Autobiography,-161,detail.questie.provenance.zoneOrSort,null,"""QuestieDB""",zoneOrSort,QuestieDB,9d39232dab48e35811a7cc02473c2f4e42b62ab6,,no direct ATT field mapped
79091,Archmage Antonidas: The Unabridged Autobiography,-161,index.questieCommit,null,"""9d39232dab48e35811a7cc02473c2f4e42b62ab6""",commit,QuestieDB,9d39232dab48e35811a7cc02473c2f4e42b62ab6,,no direct ATT field mapped
79092,Archmage Theocritus' Research Journal,-161,detail.questie.commit,"""cac1eff815923f896d082764d023cf812454a023""","""9d39232dab48e35811a7cc02473c2f4e42b62ab6""",commit,QuestieDB,9d39232dab48e35811a7cc02473c2f4e42b62ab6,,no direct ATT field mapped
79092,Archmage Theocritus' Research Journal,-161,detail.questie.fields.objectives,[],"{""3"":[{""1"":203755,""3"":0}]}",objectives,QuestieDB,9d39232dab48e35811a7cc02473c2f4e42b62ab6,,no direct ATT field mapped
79092,Archmage Theocritus' Research Journal,-161,detail.questie.finishers,"[{""id"":211022,""name"":""Owen Thadd"",""spawns"":{""1497"":[[73.4,33],[73.6,33],[74,32.4]]},""type"":""npc""},{""id"":211033,""name"":""Garion Wendell"",""type"":""npc""}]","[{""id"":211022,""name"":""Owen Thadd"",""spawns"":{""1497"":[[73.59,32.92],[73.66,33.22],[73.67,32.9],[73.67,32.96],[73.68,33.03],[73.68,33.09],[73.79,33.18]]},""type"":""npc""},{""id"":211033,""name"":""Garion Wendell"",""spawns"":{""1519"":[[48.93,86.45],[49,86.44],[49.02,86.52],[49.02,86.59],[49.13,86.42],[49.25,86.25]]},""type"":""npc""}]",finishers,QuestieDB,9d39232dab48e35811a7cc02473c2f4e42b62ab6,,no direct ATT field mapped
79092,Archmage Theocritus' Research Journal,-161,detail.questie.starters,"[{""id"":211033,""name"":""Garion Wendell"",""type"":""npc""}]","[{""id"":211033,""name"":""Garion Wendell"",""spawns"":{""1519"":[[48.93,86.45],[49,86.44],[49.02,86.52],[49.02,86.59],[49.13,86.42],[49.25,86.25]]},""type"":""npc""}]",starters,QuestieDB,9d39232dab48e35811a7cc02473c2f4e42b62ab6,qg/provider; coord,
79092,Archmage Theocritus' Research Journal,-161,index.questieCommit,"""cac1eff815923f896d082764d023cf812454a023""","""9d39232dab48e35811a7cc02473c2f4e42b62ab6""",commit,QuestieDB,9d39232dab48e35811a7cc02473c2f4e42b62ab6,,conflicts with existing value; no direct ATT field mapped
79093,Rumi of Gnomeregan: The Collected Works,-161,detail.questie.commit,null,"""9d39232dab48e35811a7cc02473c2f4e42b62ab6""",commit,QuestieDB,9d39232dab48e35811a7cc02473c2f4e42b62ab6,,no direct ATT field mapped
79093,Rumi of Gnomeregan: The Collected Works,-161,detail.questie.fields.availableStartingWith,null,0,availableStartingWith,QuestieDB,9d39232dab48e35811a7cc02473c2f4e42b62ab6,,no direct ATT field mapped
79093,Rumi of Gnomeregan: The Collected Works,-161,detail.questie.fields.availableUntilCompleted,null,0,availableUntilCompleted,QuestieDB,9d39232dab48e35811a7cc02473c2f4e42b62ab6,,no direct ATT field mapped
79093,Rumi of Gnomeregan: The Collected Works,-161,detail.questie.fields.breadcrumbForQuestId,null,0,breadcrumbForQuestId,QuestieDB,9d39232dab48e35811a7cc02473c2f4e42b62ab6,,no direct ATT field mapped
79093,Rumi of Gnomeregan: The Collected Works,-161,detail.questie.fields.disabledByQuest,null,0,disabledByQuest,QuestieDB,9d39232dab48e35811a7cc02473c2f4e42b62ab6,,no direct ATT field mapped
79093,Rumi of Gnomeregan: The Collected Works,-161,detail.questie.fields.finishedBy,null,[[211033]],finishedBy,QuestieDB,9d39232dab48e35811a7cc02473c2f4e42b62ab6,,no direct ATT field mapped
79093,Rumi of Gnomeregan: The Collected Works,-161,detail.questie.fields.name,null,"""Rumi of Gnomeregan: The Collected Works""",name,QuestieDB,9d39232dab48e35811a7cc02473c2f4e42b62ab6,,no direct ATT field mapped
79093,Rumi of Gnomeregan: The Collected Works,-161,detail.questie.fields.nextQuestInChain,null,0,nextQuestInChain,QuestieDB,9d39232dab48e35811a7cc02473c2f4e42b62ab6,sourceQuest on successor,
79093,Rumi of Gnomeregan: The Collected Works,-161,detail.questie.fields.objectives,null,[],objectives,QuestieDB,9d39232dab48e35811a7cc02473c2f4e42b62ab6,,no direct ATT field mapped
79093,Rumi of Gnomeregan: The Collected Works,-161,detail.questie.fields.parentQuest,null,0,parentQuest,QuestieDB,9d39232dab48e35811a7cc02473c2f4e42b62ab6,,no direct ATT field mapped
79093,Rumi of Gnomeregan: The Collected Works,-161,detail.questie.fields.questFlags,null,0,questFlags,QuestieDB,9d39232dab48e35811a7cc02473c2f4e42b62ab6,,no direct ATT field mapped
79093,Rumi of Gnomeregan: The Collected Works,-161,detail.questie.fields.questLevel,null,0,questLevel,QuestieDB,9d39232dab48e35811a7cc02473c2f4e42b62ab6,,no direct ATT field mapped
79093,Rumi of Gnomeregan: The Collected Works,-161,detail.questie.fields.requiredClasses,null,0,requiredClasses,QuestieDB,9d39232dab48e35811a7cc02473c2f4e42b62ab6,classes,
79093,Rumi of Gnomeregan: The Collected Works,-161,detail.questie.fields.requiredLevel,null,0,requiredLevel,QuestieDB,9d39232dab48e35811a7cc02473c2f4e42b62ab6,lvl,
79093,Rumi of Gnomeregan: The Collected Works,-161,detail.questie.fields.requiredMaxLevel,null,0,requiredMaxLevel,QuestieDB,9d39232dab48e35811a7cc02473c2f4e42b62ab6,,no direct ATT field mapped
79093,Rumi of Gnomeregan: The Collected Works,-161,detail.questie.fields.requiredRaces,null,0,requiredRaces,QuestieDB,9d39232dab48e35811a7cc02473c2f4e42b62ab6,races,
79093,Rumi of Gnomeregan: The Collected Works,-161,detail.questie.fields.requiredSpecialization,null,0,requiredSpecialization,QuestieDB,9d39232dab48e35811a7cc02473c2f4e42b62ab6,,no direct ATT field mapped
79093,Rumi of Gnomeregan: The Collected Works,-161,detail.questie.fields.requiredSpell,null,0,requiredSpell,QuestieDB,9d39232dab48e35811a7cc02473c2f4e42b62ab6,,no direct ATT field mapped
79093,Rumi of Gnomeregan: The Collected Works,-161,detail.questie.fields.sourceItemId,null,0,sourceItemId,QuestieDB,9d39232dab48e35811a7cc02473c2f4e42b62ab6,,no direct ATT field mapped
79093,Rumi of Gnomeregan: The Collected Works,-161,detail.questie.fields.specialFlags,null,0,specialFlags,QuestieDB,9d39232dab48e35811a7cc02473c2f4e42b62ab6,,no direct ATT field mapped
79093,Rumi of Gnomeregan: The Collected Works,-161,detail.questie.fields.startedBy,null,[],startedBy,QuestieDB,9d39232dab48e35811a7cc02473c2f4e42b62ab6,qg/provider; coord,
79093,Rumi of Gnomeregan: The Collected Works,-161,detail.questie.fields.zoneOrSort,null,0,zoneOrSort,QuestieDB,9d39232dab48e35811a7cc02473c2f4e42b62ab6,,no direct ATT field mapped
79093,Rumi of Gnomeregan: The Collected Works,-161,detail.questie.finishers,null,"[{""id"":211033,""name"":""Garion Wendell"",""spawns"":{""1519"":[[48.93,86.45],[49,86.44],[49.02,86.52],[49.02,86.59],[49.13,86.42],[49.25,86.25]]},""type"":""npc""}]",finishers,QuestieDB,9d39232dab48e35811a7cc02473c2f4e42b62ab6,,no direct ATT field mapped
79093,Rumi of Gnomeregan: The Collected Works,-161,detail.questie.provenance.availableStartingWith,null,"""QuestieDB""",availableStartingWith,QuestieDB,9d39232dab48e35811a7cc02473c2f4e42b62ab6,,no direct ATT field mapped
79093,Rumi of Gnomeregan: The Collected Works,-161,detail.questie.provenance.availableUntilCompleted,null,"""QuestieDB""",availableUntilCompleted,QuestieDB,9d39232dab48e35811a7cc02473c2f4e42b62ab6,,no direct ATT field mapped
79093,Rumi of Gnomeregan: The Collected Works,-161,detail.questie.provenance.breadcrumbForQuestId,null,"""QuestieDB""",breadcrumbForQuestId,QuestieDB,9d39232dab48e35811a7cc02473c2f4e42b62ab6,,no direct ATT field mapped
79093,Rumi of Gnomeregan: The Collected Works,-161,detail.questie.provenance.disabledByQuest,null,"""QuestieDB""",disabledByQuest,QuestieDB,9d39232dab48e35811a7cc02473c2f4e42b62ab6,,no direct ATT field mapped
79093,Rumi of Gnomeregan: The Collected Works,-161,detail.questie.provenance.finishedBy,null,"""QuestieDB""",finishedBy,QuestieDB,9d39232dab48e35811a7cc02473c2f4e42b62ab6,,no direct ATT field mapped
79093,Rumi of Gnomeregan: The Collected Works,-161,detail.questie.provenance.name,null,"""QuestieDB""",name,QuestieDB,9d39232dab48e35811a7cc02473c2f4e42b62ab6,,no direct ATT field mapped
79093,Rumi of Gnomeregan: The Collected Works,-161,detail.questie.provenance.nextQuestInChain,null,"""QuestieDB""",nextQuestInChain,QuestieDB,9d39232dab48e35811a7cc02473c2f4e42b62ab6,sourceQuest on successor,
79093,Rumi of Gnomeregan: The Collected Works,-161,detail.questie.provenance.objectives,null,"""QuestieDB""",objectives,QuestieDB,9d39232dab48e35811a7cc02473c2f4e42b62ab6,,no direct ATT field mapped
79093,Rumi of Gnomeregan: The Collected Works,-161,detail.questie.provenance.parentQuest,null,"""QuestieDB""",parentQuest,QuestieDB,9d39232dab48e35811a7cc02473c2f4e42b62ab6,,no direct ATT field mapped
79093,Rumi of Gnomeregan: The Collected Works,-161,detail.questie.provenance.questFlags,null,"""QuestieDB""",questFlags,QuestieDB,9d39232dab48e35811a7cc02473c2f4e42b62ab6,,no direct ATT field mapped
79093,Rumi of Gnomeregan: The Collected Works,-161,detail.questie.provenance.questLevel,null,"""QuestieDB""",questLevel,QuestieDB,9d39232dab48e35811a7cc02473c2f4e42b62ab6,,no direct ATT field mapped
79093,Rumi of Gnomeregan: The Collected Works,-161,detail.questie.provenance.requiredClasses,null,"""QuestieDB""",requiredClasses,QuestieDB,9d39232dab48e35811a7cc02473c2f4e42b62ab6,classes,
79093,Rumi of Gnomeregan: The Collected Works,-161,detail.questie.provenance.requiredLevel,null,"""QuestieDB""",requiredLevel,QuestieDB,9d39232dab48e35811a7cc02473c2f4e42b62ab6,lvl,
79093,Rumi of Gnomeregan: The Collected Works,-161,detail.questie.provenance.requiredMaxLevel,null,"""QuestieDB""",requiredMaxLevel,QuestieDB,9d39232dab48e35811a7cc02473c2f4e42b62ab6,,no direct ATT field mapped
79093,Rumi of Gnomeregan: The Collected Works,-161,detail.questie.provenance.requiredRaces,null,"""QuestieDB""",requiredRaces,QuestieDB,9d39232dab48e35811a7cc02473c2f4e42b62ab6,races,
79093,Rumi of Gnomeregan: The Collected Works,-161,detail.questie.provenance.requiredSpecialization,null,"""QuestieDB""",requiredSpecialization,QuestieDB,9d39232dab48e35811a7cc02473c2f4e42b62ab6,,no direct ATT field mapped
79093,Rumi of Gnomeregan: The Collected Works,-161,detail.questie.provenance.requiredSpell,null,"""QuestieDB""",requiredSpell,QuestieDB,9d39232dab48e35811a7cc02473c2f4e42b62ab6,,no direct ATT field mapped
79093,Rumi of Gnomeregan: The Collected Works,-161,detail.questie.provenance.sourceItemId,null,"""QuestieDB""",sourceItemId,QuestieDB,9d39232dab48e35811a7cc02473c2f4e42b62ab6,,no direct ATT field mapped
79093,Rumi of Gnomeregan: The Collected Works,-161,detail.questie.provenance.specialFlags,null,"""QuestieDB""",specialFlags,QuestieDB,9d39232dab48e35811a7cc02473c2f4e42b62ab6,,no direct ATT field mapped
79093,Rumi of Gnomeregan: The Collected Works,-161,detail.questie.provenance.startedBy,null,"""QuestieDB""",startedBy,QuestieDB,9d39232dab48e35811a7cc02473c2f4e42b62ab6,qg/provider; coord,
79093,Rumi of Gnomeregan: The Collected Works,-161,detail.questie.provenance.zoneOrSort,null,"""QuestieDB""",zoneOrSort,QuestieDB,9d39232dab48e35811a7cc02473c2f4e42b62ab6,,no direct ATT field mapped
79093,Rumi of Gnomeregan: The Collected Works,-161,index.questieCommit,null,"""9d39232dab48e35811a7cc02473c2f4e42b62ab6""",commit,QuestieDB,9d39232dab48e35811a7cc02473c2f4e42b62ab6,,no direct ATT field mapped
79094,The Lessons of Ta'zo,-161,detail.questie.commit,null,"""9d39232dab48e35811a7cc02473c2f4e42b62ab6""",commit,QuestieDB,9d39232dab48e35811a7cc02473c2f4e42b62ab6,,no direct ATT field mapped
79094,The Lessons of Ta'zo,-161,detail.questie.fields.availableStartingWith,null,0,availableStartingWith,QuestieDB,9d39232dab48e35811a7cc02473c2f4e42b62ab6,,no direct ATT field mapped
79094,The Lessons of Ta'zo,-161,detail.questie.fields.availableUntilCompleted,null,0,availableUntilCompleted,QuestieDB,9d39232dab48e35811a7cc02473c2f4e42b62ab6,,no direct ATT field mapped
79094,The Lessons of Ta'zo,-161,detail.questie.fields.breadcrumbForQuestId,null,0,breadcrumbForQuestId,QuestieDB,9d39232dab48e35811a7cc02473c2f4e42b62ab6,,no direct ATT field mapped
79094,The Lessons of Ta'zo,-161,detail.questie.fields.disabledByQuest,null,0,disabledByQuest,QuestieDB,9d39232dab48e35811a7cc02473c2f4e42b62ab6,,no direct ATT field mapped
79094,The Lessons of Ta'zo,-161,detail.questie.fields.finishedBy,null,[[211022]],finishedBy,QuestieDB,9d39232dab48e35811a7cc02473c2f4e42b62ab6,,no direct ATT field mapped
79094,The Lessons of Ta'zo,-161,detail.questie.fields.name,null,"""The Lessons of Ta'zo""",name,QuestieDB,9d39232dab48e35811a7cc02473c2f4e42b62ab6,,no direct ATT field mapped
79094,The Lessons of Ta'zo,-161,detail.questie.fields.nextQuestInChain,null,0,nextQuestInChain,QuestieDB,9d39232dab48e35811a7cc02473c2f4e42b62ab6,sourceQuest on successor,
79094,The Lessons of Ta'zo,-161,detail.questie.fields.objectives,null,[],objectives,QuestieDB,9d39232dab48e35811a7cc02473c2f4e42b62ab6,,no direct ATT field mapped
79094,The Lessons of Ta'zo,-161,detail.questie.fields.parentQuest,null,0,parentQuest,QuestieDB,9d39232dab48e35811a7cc02473c2f4e42b62ab6,,no direct ATT field mapped
79094,The Lessons of Ta'zo,-161,detail.questie.fields.questFlags,null,0,questFlags,QuestieDB,9d39232dab48e35811a7cc02473c2f4e42b62ab6,,no direct ATT field mapped
79094,The Lessons of Ta'zo,-161,detail.questie.fields.questLevel,null,0,questLevel,QuestieDB,9d39232dab48e35811a7cc02473c2f4e42b62ab6,,no direct ATT field mapped
79094,The Lessons of Ta'zo,-161,detail.questie.fields.requiredClasses,null,0,requiredClasses,QuestieDB,9d39232dab48e35811a7cc02473c2f4e42b62ab6,classes,
79094,The Lessons of Ta'zo,-161,detail.questie.fields.requiredLevel,null,0,requiredLevel,QuestieDB,9d39232dab48e35811a7cc02473c2f4e42b62ab6,lvl,
79094,The Lessons of Ta'zo,-161,detail.questie.fields.requiredMaxLevel,null,0,requiredMaxLevel,QuestieDB,9d39232dab48e35811a7cc02473c2f4e42b62ab6,,no direct ATT field mapped
79094,The Lessons of Ta'zo,-161,detail.questie.fields.requiredRaces,null,0,requiredRaces,QuestieDB,9d39232dab48e35811a7cc02473c2f4e42b62ab6,races,
79094,The Lessons of Ta'zo,-161,detail.questie.fields.requiredSpecialization,null,0,requiredSpecialization,QuestieDB,9d39232dab48e35811a7cc02473c2f4e42b62ab6,,no direct ATT field mapped
79094,The Lessons of Ta'zo,-161,detail.questie.fields.requiredSpell,null,0,requiredSpell,QuestieDB,9d39232dab48e35811a7cc02473c2f4e42b62ab6,,no direct ATT field mapped
79094,The Lessons of Ta'zo,-161,detail.questie.fields.sourceItemId,null,0,sourceItemId,QuestieDB,9d39232dab48e35811a7cc02473c2f4e42b62ab6,,no direct ATT field mapped
79094,The Lessons of Ta'zo,-161,detail.questie.fields.specialFlags,null,0,specialFlags,QuestieDB,9d39232dab48e35811a7cc02473c2f4e42b62ab6,,no direct ATT field mapped
79094,The Lessons of Ta'zo,-161,detail.questie.fields.startedBy,null,[],startedBy,QuestieDB,9d39232dab48e35811a7cc02473c2f4e42b62ab6,qg/provider; coord,
79094,The Lessons of Ta'zo,-161,detail.questie.fields.zoneOrSort,null,0,zoneOrSort,QuestieDB,9d39232dab48e35811a7cc02473c2f4e42b62ab6,,no direct ATT field mapped
79094,The Lessons of Ta'zo,-161,detail.questie.finishers,null,"[{""id"":211022,""name"":""Owen Thadd"",""spawns"":{""1497"":[[73.59,32.92],[73.66,33.22],[73.67,32.9],[73.67,32.96],[73.68,33.03],[73.68,33.09],[73.79,33.18]]},""type"":""npc""}]",finishers,QuestieDB,9d39232dab48e35811a7cc02473c2f4e42b62ab6,,no direct ATT field mapped
79094,The Lessons of Ta'zo,-161,detail.questie.provenance.availableStartingWith,null,"""QuestieDB""",availableStartingWith,QuestieDB,9d39232dab48e35811a7cc02473c2f4e42b62ab6,,no direct ATT field mapped
79094,The Lessons of Ta'zo,-161,detail.questie.provenance.availableUntilCompleted,null,"""QuestieDB""",availableUntilCompleted,QuestieDB,9d39232dab48e35811a7cc02473c2f4e42b62ab6,,no direct ATT field mapped
79094,The Lessons of Ta'zo,-161,detail.questie.provenance.breadcrumbForQuestId,null,"""QuestieDB""",breadcrumbForQuestId,QuestieDB,9d39232dab48e35811a7cc02473c2f4e42b62ab6,,no direct ATT field mapped
79094,The Lessons of Ta'zo,-161,detail.questie.provenance.disabledByQuest,null,"""QuestieDB""",disabledByQuest,QuestieDB,9d39232dab48e35811a7cc02473c2f4e42b62ab6,,no direct ATT field mapped
79094,The Lessons of Ta'zo,-161,detail.questie.provenance.finishedBy,null,"""QuestieDB""",finishedBy,QuestieDB,9d39232dab48e35811a7cc02473c2f4e42b62ab6,,no direct ATT field mapped
79094,The Lessons of Ta'zo,-161,detail.questie.provenance.name,null,"""QuestieDB""",name,QuestieDB,9d39232dab48e35811a7cc02473c2f4e42b62ab6,,no direct ATT field mapped
79094,The Lessons of Ta'zo,-161,detail.questie.provenance.nextQuestInChain,null,"""QuestieDB""",nextQuestInChain,QuestieDB,9d39232dab48e35811a7cc02473c2f4e42b62ab6,sourceQuest on successor,
79094,The Lessons of Ta'zo,-161,detail.questie.provenance.objectives,null,"""QuestieDB""",objectives,QuestieDB,9d39232dab48e35811a7cc02473c2f4e42b62ab6,,no direct ATT field mapped
79094,The Lessons of Ta'zo,-161,detail.questie.provenance.parentQuest,null,"""QuestieDB""",parentQuest,QuestieDB,9d39232dab48e35811a7cc02473c2f4e42b62ab6,,no direct ATT field mapped
79094,The Lessons of Ta'zo,-161,detail.questie.provenance.questFlags,null,"""QuestieDB""",questFlags,QuestieDB,9d39232dab48e35811a7cc02473c2f4e42b62ab6,,no direct ATT field mapped
79094,The Lessons of Ta'zo,-161,detail.questie.provenance.questLevel,null,"""QuestieDB""",questLevel,QuestieDB,9d39232dab48e35811a7cc02473c2f4e42b62ab6,,no direct ATT field mapped
79094,The Lessons of Ta'zo,-161,detail.questie.provenance.requiredClasses,null,"""QuestieDB""",requiredClasses,QuestieDB,9d39232dab48e35811a7cc02473c2f4e42b62ab6,classes,
79094,The Lessons of Ta'zo,-161,detail.questie.provenance.requiredLevel,null,"""QuestieDB""",requiredLevel,QuestieDB,9d39232dab48e35811a7cc02473c2f4e42b62ab6,lvl,
79094,The Lessons of Ta'zo,-161,detail.questie.provenance.requiredMaxLevel,null,"""QuestieDB""",requiredMaxLevel,QuestieDB,9d39232dab48e35811a7cc02473c2f4e42b62ab6,,no direct ATT field mapped
79094,The Lessons of Ta'zo,-161,detail.questie.provenance.requiredRaces,null,"""QuestieDB""",requiredRaces,QuestieDB,9d39232dab48e35811a7cc02473c2f4e42b62ab6,races,
79094,The Lessons of Ta'zo,-161,detail.questie.provenance.requiredSpecialization,null,"""QuestieDB""",requiredSpecialization,QuestieDB,9d39232dab48e35811a7cc02473c2f4e42b62ab6,,no direct ATT field mapped
79094,The Lessons of Ta'zo,-161,detail.questie.provenance.requiredSpell,null,"""QuestieDB""",requiredSpell,QuestieDB,9d39232dab48e35811a7cc02473c2f4e42b62ab6,,no direct ATT field mapped
79094,The Lessons of Ta'zo,-161,detail.questie.provenance.sourceItemId,null,"""QuestieDB""",sourceItemId,QuestieDB,9d39232dab48e35811a7cc02473c2f4e42b62ab6,,no direct ATT field mapped
79094,The Lessons of Ta'zo,-161,detail.questie.provenance.specialFlags,null,"""QuestieDB""",specialFlags,QuestieDB,9d39232dab48e35811a7cc02473c2f4e42b62ab6,,no direct ATT field mapped
79094,The Lessons of Ta'zo,-161,detail.questie.provenance.startedBy,null,"""QuestieDB""",startedBy,QuestieDB,9d39232dab48e35811a7cc02473c2f4e42b62ab6,qg/provider; coord,
79094,The Lessons of Ta'zo,-161,detail.questie.provenance.zoneOrSort,null,"""QuestieDB""",zoneOrSort,QuestieDB,9d39232dab48e35811a7cc02473c2f4e42b62ab6,,no direct ATT field mapped
79094,The Lessons of Ta'zo,-161,index.questieCommit,null,"""9d39232dab48e35811a7cc02473c2f4e42b62ab6""",commit,QuestieDB,9d39232dab48e35811a7cc02473c2f4e42b62ab6,,no direct ATT field mapped
79095,The Apothecary's Metaphysical Primer,-161,detail.questie.commit,"""cac1eff815923f896d082764d023cf812454a023""","""9d39232dab48e35811a7cc02473c2f4e42b62ab6""",commit,QuestieDB,9d39232dab48e35811a7cc02473c2f4e42b62ab6,,no direct ATT field mapped
79095,The Apothecary's Metaphysical Primer,-161,detail.questie.finishers,"[{""id"":211022,""name"":""Owen Thadd"",""spawns"":{""1497"":[[73.4,33],[73.6,33],[74,32.4]]},""type"":""npc""}]","[{""id"":211022,""name"":""Owen Thadd"",""spawns"":{""1497"":[[73.59,32.92],[73.66,33.22],[73.67,32.9],[73.67,32.96],[73.68,33.03],[73.68,33.09],[73.79,33.18]]},""type"":""npc""}]",finishers,QuestieDB,9d39232dab48e35811a7cc02473c2f4e42b62ab6,,no direct ATT field mapped
79095,The Apothecary's Metaphysical Primer,-161,detail.questie.starters,"[{""id"":211022,""name"":""Owen Thadd"",""spawns"":{""1497"":[[73.4,33],[73.6,33],[74,32.4]]},""type"":""npc""}]","[{""id"":211022,""name"":""Owen Thadd"",""spawns"":{""1497"":[[73.59,32.92],[73.66,33.22],[73.67,32.9],[73.67,32.96],[73.68,33.03],[73.68,33.09],[73.79,33.18]]},""type"":""npc""}]",starters,QuestieDB,9d39232dab48e35811a7cc02473c2f4e42b62ab6,qg/provider; coord,
79095,The Apothecary's Metaphysical Primer,-161,index.questieCommit,"""cac1eff815923f896d082764d023cf812454a023""","""9d39232dab48e35811a7cc02473c2f4e42b62ab6""",commit,QuestieDB,9d39232dab48e35811a7cc02473c2f4e42b62ab6,,conflicts with existing value; no direct ATT field mapped
79097,Baxtan: On Destructive Magics,-161,detail.questie.commit,null,"""9d39232dab48e35811a7cc02473c2f4e42b62ab6""",commit,QuestieDB,9d39232dab48e35811a7cc02473c2f4e42b62ab6,,no direct ATT field mapped
79097,Baxtan: On Destructive Magics,-161,detail.questie.fields.availableStartingWith,null,0,availableStartingWith,QuestieDB,9d39232dab48e35811a7cc02473c2f4e42b62ab6,,no direct ATT field mapped
79097,Baxtan: On Destructive Magics,-161,detail.questie.fields.availableUntilCompleted,null,0,availableUntilCompleted,QuestieDB,9d39232dab48e35811a7cc02473c2f4e42b62ab6,,no direct ATT field mapped
79097,Baxtan: On Destructive Magics,-161,detail.questie.fields.breadcrumbForQuestId,null,0,breadcrumbForQuestId,QuestieDB,9d39232dab48e35811a7cc02473c2f4e42b62ab6,,no direct ATT field mapped
79097,Baxtan: On Destructive Magics,-161,detail.questie.fields.disabledByQuest,null,0,disabledByQuest,QuestieDB,9d39232dab48e35811a7cc02473c2f4e42b62ab6,,no direct ATT field mapped
79097,Baxtan: On Destructive Magics,-161,detail.questie.fields.finishedBy,null,[[211022]],finishedBy,QuestieDB,9d39232dab48e35811a7cc02473c2f4e42b62ab6,,no direct ATT field mapped
79097,Baxtan: On Destructive Magics,-161,detail.questie.fields.name,null,"""Baxtan: On Destructive Magics""",name,QuestieDB,9d39232dab48e35811a7cc02473c2f4e42b62ab6,,no direct ATT field mapped
79097,Baxtan: On Destructive Magics,-161,detail.questie.fields.nextQuestInChain,null,0,nextQuestInChain,QuestieDB,9d39232dab48e35811a7cc02473c2f4e42b62ab6,sourceQuest on successor,
79097,Baxtan: On Destructive Magics,-161,detail.questie.fields.objectives,null,[],objectives,QuestieDB,9d39232dab48e35811a7cc02473c2f4e42b62ab6,,no direct ATT field mapped
79097,Baxtan: On Destructive Magics,-161,detail.questie.fields.parentQuest,null,0,parentQuest,QuestieDB,9d39232dab48e35811a7cc02473c2f4e42b62ab6,,no direct ATT field mapped
79097,Baxtan: On Destructive Magics,-161,detail.questie.fields.questFlags,null,0,questFlags,QuestieDB,9d39232dab48e35811a7cc02473c2f4e42b62ab6,,no direct ATT field mapped
79097,Baxtan: On Destructive Magics,-161,detail.questie.fields.questLevel,null,0,questLevel,QuestieDB,9d39232dab48e35811a7cc02473c2f4e42b62ab6,,no direct ATT field mapped
79097,Baxtan: On Destructive Magics,-161,detail.questie.fields.requiredClasses,null,0,requiredClasses,QuestieDB,9d39232dab48e35811a7cc02473c2f4e42b62ab6,classes,
79097,Baxtan: On Destructive Magics,-161,detail.questie.fields.requiredLevel,null,0,requiredLevel,QuestieDB,9d39232dab48e35811a7cc02473c2f4e42b62ab6,lvl,
79097,Baxtan: On Destructive Magics,-161,detail.questie.fields.requiredMaxLevel,null,0,requiredMaxLevel,QuestieDB,9d39232dab48e35811a7cc02473c2f4e42b62ab6,,no direct ATT field mapped
79097,Baxtan: On Destructive Magics,-161,detail.questie.fields.requiredRaces,null,0,requiredRaces,QuestieDB,9d39232dab48e35811a7cc02473c2f4e42b62ab6,races,
79097,Baxtan: On Destructive Magics,-161,detail.questie.fields.requiredSpecialization,null,0,requiredSpecialization,QuestieDB,9d39232dab48e35811a7cc02473c2f4e42b62ab6,,no direct ATT field mapped
79097,Baxtan: On Destructive Magics,-161,detail.questie.fields.requiredSpell,null,0,requiredSpell,QuestieDB,9d39232dab48e35811a7cc02473c2f4e42b62ab6,,no direct ATT field mapped
79097,Baxtan: On Destructive Magics,-161,detail.questie.fields.sourceItemId,null,0,sourceItemId,QuestieDB,9d39232dab48e35811a7cc02473c2f4e42b62ab6,,no direct ATT field mapped
79097,Baxtan: On Destructive Magics,-161,detail.questie.fields.specialFlags,null,0,specialFlags,QuestieDB,9d39232dab48e35811a7cc02473c2f4e42b62ab6,,no direct ATT field mapped
79097,Baxtan: On Destructive Magics,-161,detail.questie.fields.startedBy,null,[],startedBy,QuestieDB,9d39232dab48e35811a7cc02473c2f4e42b62ab6,qg/provider; coord,
79097,Baxtan: On Destructive Magics,-161,detail.questie.fields.zoneOrSort,null,0,zoneOrSort,QuestieDB,9d39232dab48e35811a7cc02473c2f4e42b62ab6,,no direct ATT field mapped
79097,Baxtan: On Destructive Magics,-161,detail.questie.finishers,null,"[{""id"":211022,""name"":""Owen Thadd"",""spawns"":{""1497"":[[73.59,32.92],[73.66,33.22],[73.67,32.9],[73.67,32.96],[73.68,33.03],[73.68,33.09],[73.79,33.18]]},""type"":""npc""}]",finishers,QuestieDB,9d39232dab48e35811a7cc02473c2f4e42b62ab6,,no direct ATT field mapped
79097,Baxtan: On Destructive Magics,-161,detail.questie.provenance.availableStartingWith,null,"""QuestieDB""",availableStartingWith,QuestieDB,9d39232dab48e35811a7cc02473c2f4e42b62ab6,,no direct ATT field mapped
79097,Baxtan: On Destructive Magics,-161,detail.questie.provenance.availableUntilCompleted,null,"""QuestieDB""",availableUntilCompleted,QuestieDB,9d39232dab48e35811a7cc02473c2f4e42b62ab6,,no direct ATT field mapped
79097,Baxtan: On Destructive Magics,-161,detail.questie.provenance.breadcrumbForQuestId,null,"""QuestieDB""",breadcrumbForQuestId,QuestieDB,9d39232dab48e35811a7cc02473c2f4e42b62ab6,,no direct ATT field mapped
79097,Baxtan: On Destructive Magics,-161,detail.questie.provenance.disabledByQuest,null,"""QuestieDB""",disabledByQuest,QuestieDB,9d39232dab48e35811a7cc02473c2f4e42b62ab6,,no direct ATT field mapped
79097,Baxtan: On Destructive Magics,-161,detail.questie.provenance.finishedBy,null,"""QuestieDB""",finishedBy,QuestieDB,9d39232dab48e35811a7cc02473c2f4e42b62ab6,,no direct ATT field mapped
79097,Baxtan: On Destructive Magics,-161,detail.questie.provenance.name,null,"""QuestieDB""",name,QuestieDB,9d39232dab48e35811a7cc02473c2f4e42b62ab6,,no direct ATT field mapped
79097,Baxtan: On Destructive Magics,-161,detail.questie.provenance.nextQuestInChain,null,"""QuestieDB""",nextQuestInChain,QuestieDB,9d39232dab48e35811a7cc02473c2f4e42b62ab6,sourceQuest on successor,
79097,Baxtan: On Destructive Magics,-161,detail.questie.provenance.objectives,null,"""QuestieDB""",objectives,QuestieDB,9d39232dab48e35811a7cc02473c2f4e42b62ab6,,no direct ATT field mapped
79097,Baxtan: On Destructive Magics,-161,detail.questie.provenance.parentQuest,null,"""QuestieDB""",parentQuest,QuestieDB,9d39232dab48e35811a7cc02473c2f4e42b62ab6,,no direct ATT field mapped
79097,Baxtan: On Destructive Magics,-161,detail.questie.provenance.questFlags,null,"""QuestieDB""",questFlags,QuestieDB,9d39232dab48e35811a7cc02473c2f4e42b62ab6,,no direct ATT field mapped
79097,Baxtan: On Destructive Magics,-161,detail.questie.provenance.questLevel,null,"""QuestieDB""",questLevel,QuestieDB,9d39232dab48e35811a7cc02473c2f4e42b62ab6,,no direct ATT field mapped
79097,Baxtan: On Destructive Magics,-161,detail.questie.provenance.requiredClasses,null,"""QuestieDB""",requiredClasses,QuestieDB,9d39232dab48e35811a7cc02473c2f4e42b62ab6,classes,
79097,Baxtan: On Destructive Magics,-161,detail.questie.provenance.requiredLevel,null,"""QuestieDB""",requiredLevel,QuestieDB,9d39232dab48e35811a7cc02473c2f4e42b62ab6,lvl,
79097,Baxtan: On Destructive Magics,-161,detail.questie.provenance.requiredMaxLevel,null,"""QuestieDB""",requiredMaxLevel,QuestieDB,9d39232dab48e35811a7cc02473c2f4e42b62ab6,,no direct ATT field mapped
79097,Baxtan: On Destructive Magics,-161,detail.questie.provenance.requiredRaces,null,"""QuestieDB""",requiredRaces,QuestieDB,9d39232dab48e35811a7cc02473c2f4e42b62ab6,races,
79097,Baxtan: On Destructive Magics,-161,detail.questie.provenance.requiredSpecialization,null,"""QuestieDB""",requiredSpecialization,QuestieDB,9d39232dab48e35811a7cc02473c2f4e42b62ab6,,no direct ATT field mapped
79097,Baxtan: On Destructive Magics,-161,detail.questie.provenance.requiredSpell,null,"""QuestieDB""",requiredSpell,QuestieDB,9d39232dab48e35811a7cc02473c2f4e42b62ab6,,no direct ATT field mapped
79097,Baxtan: On Destructive Magics,-161,detail.questie.provenance.sourceItemId,null,"""QuestieDB""",sourceItemId,QuestieDB,9d39232dab48e35811a7cc02473c2f4e42b62ab6,,no direct ATT field mapped
79097,Baxtan: On Destructive Magics,-161,detail.questie.provenance.specialFlags,null,"""QuestieDB""",specialFlags,QuestieDB,9d39232dab48e35811a7cc02473c2f4e42b62ab6,,no direct ATT field mapped
79097,Baxtan: On Destructive Magics,-161,detail.questie.provenance.startedBy,null,"""QuestieDB""",startedBy,QuestieDB,9d39232dab48e35811a7cc02473c2f4e42b62ab6,qg/provider; coord,
79097,Baxtan: On Destructive Magics,-161,detail.questie.provenance.zoneOrSort,null,"""QuestieDB""",zoneOrSort,QuestieDB,9d39232dab48e35811a7cc02473c2f4e42b62ab6,,no direct ATT field mapped
79097,Baxtan: On Destructive Magics,-161,index.questieCommit,null,"""9d39232dab48e35811a7cc02473c2f4e42b62ab6""",commit,QuestieDB,9d39232dab48e35811a7cc02473c2f4e42b62ab6,,no direct ATT field mapped
79192,Stepping Stones,17,detail.questie.commit,"""cac1eff815923f896d082764d023cf812454a023""","""9d39232dab48e35811a7cc02473c2f4e42b62ab6""",commit,QuestieDB,9d39232dab48e35811a7cc02473c2f4e42b62ab6,,no direct ATT field mapped
79192,Stepping Stones,17,index.questieCommit,"""cac1eff815923f896d082764d023cf812454a023""","""9d39232dab48e35811a7cc02473c2f4e42b62ab6""",commit,QuestieDB,9d39232dab48e35811a7cc02473c2f4e42b62ab6,,conflicts with existing value; no direct ATT field mapped
79536,Greater Friend of the Library,-161,detail.questie.commit,"""cac1eff815923f896d082764d023cf812454a023""","""9d39232dab48e35811a7cc02473c2f4e42b62ab6""",commit,QuestieDB,9d39232dab48e35811a7cc02473c2f4e42b62ab6,,no direct ATT field mapped
79536,Greater Friend of the Library,-161,detail.questie.finishers,"[{""id"":211022,""name"":""Owen Thadd"",""spawns"":{""1497"":[[73.4,33],[73.6,33],[74,32.4]]},""type"":""npc""},{""id"":211033,""name"":""Garion Wendell"",""type"":""npc""}]","[{""id"":211022,""name"":""Owen Thadd"",""spawns"":{""1497"":[[73.59,32.92],[73.66,33.22],[73.67,32.9],[73.67,32.96],[73.68,33.03],[73.68,33.09],[73.79,33.18]]},""type"":""npc""},{""id"":211033,""name"":""Garion Wendell"",""spawns"":{""1519"":[[48.93,86.45],[49,86.44],[49.02,86.52],[49.02,86.59],[49.13,86.42],[49.25,86.25]]},""type"":""npc""}]",finishers,QuestieDB,9d39232dab48e35811a7cc02473c2f4e42b62ab6,,no direct ATT field mapped
79536,Greater Friend of the Library,-161,detail.questie.starters,"[{""id"":211033,""name"":""Garion Wendell"",""type"":""npc""}]","[{""id"":211033,""name"":""Garion Wendell"",""spawns"":{""1519"":[[48.93,86.45],[49,86.44],[49.02,86.52],[49.02,86.59],[49.13,86.42],[49.25,86.25]]},""type"":""npc""}]",starters,QuestieDB,9d39232dab48e35811a7cc02473c2f4e42b62ab6,qg/provider; coord,
79536,Greater Friend of the Library,-161,index.questieCommit,"""cac1eff815923f896d082764d023cf812454a023""","""9d39232dab48e35811a7cc02473c2f4e42b62ab6""",commit,QuestieDB,9d39232dab48e35811a7cc02473c2f4e42b62ab6,,conflicts with existing value; no direct ATT field mapped
79948,Defensive Magics 101,-161,detail.questie.commit,null,"""9d39232dab48e35811a7cc02473c2f4e42b62ab6""",commit,QuestieDB,9d39232dab48e35811a7cc02473c2f4e42b62ab6,,no direct ATT field mapped
79948,Defensive Magics 101,-161,detail.questie.fields.availableStartingWith,null,0,availableStartingWith,QuestieDB,9d39232dab48e35811a7cc02473c2f4e42b62ab6,,no direct ATT field mapped
79948,Defensive Magics 101,-161,detail.questie.fields.availableUntilCompleted,null,0,availableUntilCompleted,QuestieDB,9d39232dab48e35811a7cc02473c2f4e42b62ab6,,no direct ATT field mapped
79948,Defensive Magics 101,-161,detail.questie.fields.breadcrumbForQuestId,null,0,breadcrumbForQuestId,QuestieDB,9d39232dab48e35811a7cc02473c2f4e42b62ab6,,no direct ATT field mapped
79948,Defensive Magics 101,-161,detail.questie.fields.disabledByQuest,null,0,disabledByQuest,QuestieDB,9d39232dab48e35811a7cc02473c2f4e42b62ab6,,no direct ATT field mapped
79948,Defensive Magics 101,-161,detail.questie.fields.finishedBy,null,[[211033]],finishedBy,QuestieDB,9d39232dab48e35811a7cc02473c2f4e42b62ab6,,no direct ATT field mapped
79948,Defensive Magics 101,-161,detail.questie.fields.name,null,"""Defensive Magics 101""",name,QuestieDB,9d39232dab48e35811a7cc02473c2f4e42b62ab6,,no direct ATT field mapped
79948,Defensive Magics 101,-161,detail.questie.fields.nextQuestInChain,null,0,nextQuestInChain,QuestieDB,9d39232dab48e35811a7cc02473c2f4e42b62ab6,sourceQuest on successor,
79948,Defensive Magics 101,-161,detail.questie.fields.objectives,null,[],objectives,QuestieDB,9d39232dab48e35811a7cc02473c2f4e42b62ab6,,no direct ATT field mapped
79948,Defensive Magics 101,-161,detail.questie.fields.parentQuest,null,0,parentQuest,QuestieDB,9d39232dab48e35811a7cc02473c2f4e42b62ab6,,no direct ATT field mapped
79948,Defensive Magics 101,-161,detail.questie.fields.questFlags,null,0,questFlags,QuestieDB,9d39232dab48e35811a7cc02473c2f4e42b62ab6,,no direct ATT field mapped
79948,Defensive Magics 101,-161,detail.questie.fields.questLevel,null,0,questLevel,QuestieDB,9d39232dab48e35811a7cc02473c2f4e42b62ab6,,no direct ATT field mapped
79948,Defensive Magics 101,-161,detail.questie.fields.requiredClasses,null,0,requiredClasses,QuestieDB,9d39232dab48e35811a7cc02473c2f4e42b62ab6,classes,
79948,Defensive Magics 101,-161,detail.questie.fields.requiredLevel,null,0,requiredLevel,QuestieDB,9d39232dab48e35811a7cc02473c2f4e42b62ab6,lvl,
79948,Defensive Magics 101,-161,detail.questie.fields.requiredMaxLevel,null,0,requiredMaxLevel,QuestieDB,9d39232dab48e35811a7cc02473c2f4e42b62ab6,,no direct ATT field mapped
79948,Defensive Magics 101,-161,detail.questie.fields.requiredRaces,null,0,requiredRaces,QuestieDB,9d39232dab48e35811a7cc02473c2f4e42b62ab6,races,
79948,Defensive Magics 101,-161,detail.questie.fields.requiredSpecialization,null,0,requiredSpecialization,QuestieDB,9d39232dab48e35811a7cc02473c2f4e42b62ab6,,no direct ATT field mapped
79948,Defensive Magics 101,-161,detail.questie.fields.requiredSpell,null,0,requiredSpell,QuestieDB,9d39232dab48e35811a7cc02473c2f4e42b62ab6,,no direct ATT field mapped
79948,Defensive Magics 101,-161,detail.questie.fields.sourceItemId,null,0,sourceItemId,QuestieDB,9d39232dab48e35811a7cc02473c2f4e42b62ab6,,no direct ATT field mapped
79948,Defensive Magics 101,-161,detail.questie.fields.specialFlags,null,0,specialFlags,QuestieDB,9d39232dab48e35811a7cc02473c2f4e42b62ab6,,no direct ATT field mapped
79948,Defensive Magics 101,-161,detail.questie.fields.startedBy,null,[],startedBy,QuestieDB,9d39232dab48e35811a7cc02473c2f4e42b62ab6,qg/provider; coord,
79948,Defensive Magics 101,-161,detail.questie.fields.zoneOrSort,null,0,zoneOrSort,QuestieDB,9d39232dab48e35811a7cc02473c2f4e42b62ab6,,no direct ATT field mapped
79948,Defensive Magics 101,-161,detail.questie.finishers,null,"[{""id"":211033,""name"":""Garion Wendell"",""spawns"":{""1519"":[[48.93,86.45],[49,86.44],[49.02,86.52],[49.02,86.59],[49.13,86.42],[49.25,86.25]]},""type"":""npc""}]",finishers,QuestieDB,9d39232dab48e35811a7cc02473c2f4e42b62ab6,,no direct ATT field mapped
79948,Defensive Magics 101,-161,detail.questie.provenance.availableStartingWith,null,"""QuestieDB""",availableStartingWith,QuestieDB,9d39232dab48e35811a7cc02473c2f4e42b62ab6,,no direct ATT field mapped
79948,Defensive Magics 101,-161,detail.questie.provenance.availableUntilCompleted,null,"""QuestieDB""",availableUntilCompleted,QuestieDB,9d39232dab48e35811a7cc02473c2f4e42b62ab6,,no direct ATT field mapped
79948,Defensive Magics 101,-161,detail.questie.provenance.breadcrumbForQuestId,null,"""QuestieDB""",breadcrumbForQuestId,QuestieDB,9d39232dab48e35811a7cc02473c2f4e42b62ab6,,no direct ATT field mapped
79948,Defensive Magics 101,-161,detail.questie.provenance.disabledByQuest,null,"""QuestieDB""",disabledByQuest,QuestieDB,9d39232dab48e35811a7cc02473c2f4e42b62ab6,,no direct ATT field mapped
79948,Defensive Magics 101,-161,detail.questie.provenance.finishedBy,null,"""QuestieDB""",finishedBy,QuestieDB,9d39232dab48e35811a7cc02473c2f4e42b62ab6,,no direct ATT field mapped
79948,Defensive Magics 101,-161,detail.questie.provenance.name,null,"""QuestieDB""",name,QuestieDB,9d39232dab48e35811a7cc02473c2f4e42b62ab6,,no direct ATT field mapped
79948,Defensive Magics 101,-161,detail.questie.provenance.nextQuestInChain,null,"""QuestieDB""",nextQuestInChain,QuestieDB,9d39232dab48e35811a7cc02473c2f4e42b62ab6,sourceQuest on successor,
79948,Defensive Magics 101,-161,detail.questie.provenance.objectives,null,"""QuestieDB""",objectives,QuestieDB,9d39232dab48e35811a7cc02473c2f4e42b62ab6,,no direct ATT field mapped
79948,Defensive Magics 101,-161,detail.questie.provenance.parentQuest,null,"""QuestieDB""",parentQuest,QuestieDB,9d39232dab48e35811a7cc02473c2f4e42b62ab6,,no direct ATT field mapped
79948,Defensive Magics 101,-161,detail.questie.provenance.questFlags,null,"""QuestieDB""",questFlags,QuestieDB,9d39232dab48e35811a7cc02473c2f4e42b62ab6,,no direct ATT field mapped
79948,Defensive Magics 101,-161,detail.questie.provenance.questLevel,null,"""QuestieDB""",questLevel,QuestieDB,9d39232dab48e35811a7cc02473c2f4e42b62ab6,,no direct ATT field mapped
79948,Defensive Magics 101,-161,detail.questie.provenance.requiredClasses,null,"""QuestieDB""",requiredClasses,QuestieDB,9d39232dab48e35811a7cc02473c2f4e42b62ab6,classes,
79948,Defensive Magics 101,-161,detail.questie.provenance.requiredLevel,null,"""QuestieDB""",requiredLevel,QuestieDB,9d39232dab48e35811a7cc02473c2f4e42b62ab6,lvl,
79948,Defensive Magics 101,-161,detail.questie.provenance.requiredMaxLevel,null,"""QuestieDB""",requiredMaxLevel,QuestieDB,9d39232dab48e35811a7cc02473c2f4e42b62ab6,,no direct ATT field mapped
79948,Defensive Magics 101,-161,detail.questie.provenance.requiredRaces,null,"""QuestieDB""",requiredRaces,QuestieDB,9d39232dab48e35811a7cc02473c2f4e42b62ab6,races,
79948,Defensive Magics 101,-161,detail.questie.provenance.requiredSpecialization,null,"""QuestieDB""",requiredSpecialization,QuestieDB,9d39232dab48e35811a7cc02473c2f4e42b62ab6,,no direct ATT field mapped
79948,Defensive Magics 101,-161,detail.questie.provenance.requiredSpell,null,"""QuestieDB""",requiredSpell,QuestieDB,9d39232dab48e35811a7cc02473c2f4e42b62ab6,,no direct ATT field mapped
79948,Defensive Magics 101,-161,detail.questie.provenance.sourceItemId,null,"""QuestieDB""",sourceItemId,QuestieDB,9d39232dab48e35811a7cc02473c2f4e42b62ab6,,no direct ATT field mapped
79948,Defensive Magics 101,-161,detail.questie.provenance.specialFlags,null,"""QuestieDB""",specialFlags,QuestieDB,9d39232dab48e35811a7cc02473c2f4e42b62ab6,,no direct ATT field mapped
79948,Defensive Magics 101,-161,detail.questie.provenance.startedBy,null,"""QuestieDB""",startedBy,QuestieDB,9d39232dab48e35811a7cc02473c2f4e42b62ab6,qg/provider; coord,
79948,Defensive Magics 101,-161,detail.questie.provenance.zoneOrSort,null,"""QuestieDB""",zoneOrSort,QuestieDB,9d39232dab48e35811a7cc02473c2f4e42b62ab6,,no direct ATT field mapped
79948,Defensive Magics 101,-161,index.questieCommit,null,"""9d39232dab48e35811a7cc02473c2f4e42b62ab6""",commit,QuestieDB,9d39232dab48e35811a7cc02473c2f4e42b62ab6,,no direct ATT field mapped
79974,Wet Job,406,detail.questie.commit,"""cac1eff815923f896d082764d023cf812454a023""","""9d39232dab48e35811a7cc02473c2f4e42b62ab6""",commit,QuestieDB,9d39232dab48e35811a7cc02473c2f4e42b62ab6,,no direct ATT field mapped
79974,Wet Job,406,index.questieCommit,"""cac1eff815923f896d082764d023cf812454a023""","""9d39232dab48e35811a7cc02473c2f4e42b62ab6""",commit,QuestieDB,9d39232dab48e35811a7cc02473c2f4e42b62ab6,,conflicts with existing value; no direct ATT field mapped
79975,Eagle's Fist,146,detail.questie.commit,"""cac1eff815923f896d082764d023cf812454a023""","""9d39232dab48e35811a7cc02473c2f4e42b62ab6""",commit,QuestieDB,9d39232dab48e35811a7cc02473c2f4e42b62ab6,,no direct ATT field mapped
79975,Eagle's Fist,146,index.questieCommit,"""cac1eff815923f896d082764d023cf812454a023""","""9d39232dab48e35811a7cc02473c2f4e42b62ab6""",commit,QuestieDB,9d39232dab48e35811a7cc02473c2f4e42b62ab6,,conflicts with existing value; no direct ATT field mapped
79976,This Must Be The Place,293,detail.questie.commit,"""cac1eff815923f896d082764d023cf812454a023""","""9d39232dab48e35811a7cc02473c2f4e42b62ab6""",commit,QuestieDB,9d39232dab48e35811a7cc02473c2f4e42b62ab6,,no direct ATT field mapped
79976,This Must Be The Place,293,index.questieCommit,"""cac1eff815923f896d082764d023cf812454a023""","""9d39232dab48e35811a7cc02473c2f4e42b62ab6""",commit,QuestieDB,9d39232dab48e35811a7cc02473c2f4e42b62ab6,,conflicts with existing value; no direct ATT field mapped
79980,Scramble,406,detail.questie.commit,"""cac1eff815923f896d082764d023cf812454a023""","""9d39232dab48e35811a7cc02473c2f4e42b62ab6""",commit,QuestieDB,9d39232dab48e35811a7cc02473c2f4e42b62ab6,,no direct ATT field mapped
79980,Scramble,406,index.questieCommit,"""cac1eff815923f896d082764d023cf812454a023""","""9d39232dab48e35811a7cc02473c2f4e42b62ab6""",commit,QuestieDB,9d39232dab48e35811a7cc02473c2f4e42b62ab6,,conflicts with existing value; no direct ATT field mapped
81953,Stonewrought Design,-161,detail.questie.commit,null,"""9d39232dab48e35811a7cc02473c2f4e42b62ab6""",commit,QuestieDB,9d39232dab48e35811a7cc02473c2f4e42b62ab6,,no direct ATT field mapped
81953,Stonewrought Design,-161,detail.questie.fields.availableStartingWith,null,0,availableStartingWith,QuestieDB,9d39232dab48e35811a7cc02473c2f4e42b62ab6,,no direct ATT field mapped
81953,Stonewrought Design,-161,detail.questie.fields.availableUntilCompleted,null,0,availableUntilCompleted,QuestieDB,9d39232dab48e35811a7cc02473c2f4e42b62ab6,,no direct ATT field mapped
81953,Stonewrought Design,-161,detail.questie.fields.breadcrumbForQuestId,null,0,breadcrumbForQuestId,QuestieDB,9d39232dab48e35811a7cc02473c2f4e42b62ab6,,no direct ATT field mapped
81953,Stonewrought Design,-161,detail.questie.fields.disabledByQuest,null,0,disabledByQuest,QuestieDB,9d39232dab48e35811a7cc02473c2f4e42b62ab6,,no direct ATT field mapped
81953,Stonewrought Design,-161,detail.questie.fields.finishedBy,null,[[211033]],finishedBy,QuestieDB,9d39232dab48e35811a7cc02473c2f4e42b62ab6,,no direct ATT field mapped
81953,Stonewrought Design,-161,detail.questie.fields.name,null,"""Stonewrought Design""",name,QuestieDB,9d39232dab48e35811a7cc02473c2f4e42b62ab6,,no direct ATT field mapped
81953,Stonewrought Design,-161,detail.questie.fields.nextQuestInChain,null,0,nextQuestInChain,QuestieDB,9d39232dab48e35811a7cc02473c2f4e42b62ab6,sourceQuest on successor,
81953,Stonewrought Design,-161,detail.questie.fields.objectives,null,[],objectives,QuestieDB,9d39232dab48e35811a7cc02473c2f4e42b62ab6,,no direct ATT field mapped
81953,Stonewrought Design,-161,detail.questie.fields.parentQuest,null,0,parentQuest,QuestieDB,9d39232dab48e35811a7cc02473c2f4e42b62ab6,,no direct ATT field mapped
81953,Stonewrought Design,-161,detail.questie.fields.questFlags,null,0,questFlags,QuestieDB,9d39232dab48e35811a7cc02473c2f4e42b62ab6,,no direct ATT field mapped
81953,Stonewrought Design,-161,detail.questie.fields.questLevel,null,0,questLevel,QuestieDB,9d39232dab48e35811a7cc02473c2f4e42b62ab6,,no direct ATT field mapped
81953,Stonewrought Design,-161,detail.questie.fields.requiredClasses,null,0,requiredClasses,QuestieDB,9d39232dab48e35811a7cc02473c2f4e42b62ab6,classes,
81953,Stonewrought Design,-161,detail.questie.fields.requiredLevel,null,0,requiredLevel,QuestieDB,9d39232dab48e35811a7cc02473c2f4e42b62ab6,lvl,
81953,Stonewrought Design,-161,detail.questie.fields.requiredMaxLevel,null,0,requiredMaxLevel,QuestieDB,9d39232dab48e35811a7cc02473c2f4e42b62ab6,,no direct ATT field mapped
81953,Stonewrought Design,-161,detail.questie.fields.requiredRaces,null,0,requiredRaces,QuestieDB,9d39232dab48e35811a7cc02473c2f4e42b62ab6,races,
81953,Stonewrought Design,-161,detail.questie.fields.requiredSpecialization,null,0,requiredSpecialization,QuestieDB,9d39232dab48e35811a7cc02473c2f4e42b62ab6,,no direct ATT field mapped
81953,Stonewrought Design,-161,detail.questie.fields.requiredSpell,null,0,requiredSpell,QuestieDB,9d39232dab48e35811a7cc02473c2f4e42b62ab6,,no direct ATT field mapped
81953,Stonewrought Design,-161,detail.questie.fields.sourceItemId,null,0,sourceItemId,QuestieDB,9d39232dab48e35811a7cc02473c2f4e42b62ab6,,no direct ATT field mapped
81953,Stonewrought Design,-161,detail.questie.fields.specialFlags,null,0,specialFlags,QuestieDB,9d39232dab48e35811a7cc02473c2f4e42b62ab6,,no direct ATT field mapped
81953,Stonewrought Design,-161,detail.questie.fields.startedBy,null,[],startedBy,QuestieDB,9d39232dab48e35811a7cc02473c2f4e42b62ab6,qg/provider; coord,
81953,Stonewrought Design,-161,detail.questie.fields.zoneOrSort,null,0,zoneOrSort,QuestieDB,9d39232dab48e35811a7cc02473c2f4e42b62ab6,,no direct ATT field mapped
81953,Stonewrought Design,-161,detail.questie.finishers,null,"[{""id"":211033,""name"":""Garion Wendell"",""spawns"":{""1519"":[[48.93,86.45],[49,86.44],[49.02,86.52],[49.02,86.59],[49.13,86.42],[49.25,86.25]]},""type"":""npc""}]",finishers,QuestieDB,9d39232dab48e35811a7cc02473c2f4e42b62ab6,,no direct ATT field mapped
81953,Stonewrought Design,-161,detail.questie.provenance.availableStartingWith,null,"""QuestieDB""",availableStartingWith,QuestieDB,9d39232dab48e35811a7cc02473c2f4e42b62ab6,,no direct ATT field mapped
81953,Stonewrought Design,-161,detail.questie.provenance.availableUntilCompleted,null,"""QuestieDB""",availableUntilCompleted,QuestieDB,9d39232dab48e35811a7cc02473c2f4e42b62ab6,,no direct ATT field mapped
81953,Stonewrought Design,-161,detail.questie.provenance.breadcrumbForQuestId,null,"""QuestieDB""",breadcrumbForQuestId,QuestieDB,9d39232dab48e35811a7cc02473c2f4e42b62ab6,,no direct ATT field mapped
81953,Stonewrought Design,-161,detail.questie.provenance.disabledByQuest,null,"""QuestieDB""",disabledByQuest,QuestieDB,9d39232dab48e35811a7cc02473c2f4e42b62ab6,,no direct ATT field mapped
81953,Stonewrought Design,-161,detail.questie.provenance.finishedBy,null,"""QuestieDB""",finishedBy,QuestieDB,9d39232dab48e35811a7cc02473c2f4e42b62ab6,,no direct ATT field mapped
81953,Stonewrought Design,-161,detail.questie.provenance.name,null,"""QuestieDB""",name,QuestieDB,9d39232dab48e35811a7cc02473c2f4e42b62ab6,,no direct ATT field mapped
81953,Stonewrought Design,-161,detail.questie.provenance.nextQuestInChain,null,"""QuestieDB""",nextQuestInChain,QuestieDB,9d39232dab48e35811a7cc02473c2f4e42b62ab6,sourceQuest on successor,
81953,Stonewrought Design,-161,detail.questie.provenance.objectives,null,"""QuestieDB""",objectives,QuestieDB,9d39232dab48e35811a7cc02473c2f4e42b62ab6,,no direct ATT field mapped
81953,Stonewrought Design,-161,detail.questie.provenance.parentQuest,null,"""QuestieDB""",parentQuest,QuestieDB,9d39232dab48e35811a7cc02473c2f4e42b62ab6,,no direct ATT field mapped
81953,Stonewrought Design,-161,detail.questie.provenance.questFlags,null,"""QuestieDB""",questFlags,QuestieDB,9d39232dab48e35811a7cc02473c2f4e42b62ab6,,no direct ATT field mapped
81953,Stonewrought Design,-161,detail.questie.provenance.questLevel,null,"""QuestieDB""",questLevel,QuestieDB,9d39232dab48e35811a7cc02473c2f4e42b62ab6,,no direct ATT field mapped
81953,Stonewrought Design,-161,detail.questie.provenance.requiredClasses,null,"""QuestieDB""",requiredClasses,QuestieDB,9d39232dab48e35811a7cc02473c2f4e42b62ab6,classes,
81953,Stonewrought Design,-161,detail.questie.provenance.requiredLevel,null,"""QuestieDB""",requiredLevel,QuestieDB,9d39232dab48e35811a7cc02473c2f4e42b62ab6,lvl,
81953,Stonewrought Design,-161,detail.questie.provenance.requiredMaxLevel,null,"""QuestieDB""",requiredMaxLevel,QuestieDB,9d39232dab48e35811a7cc02473c2f4e42b62ab6,,no direct ATT field mapped
81953,Stonewrought Design,-161,detail.questie.provenance.requiredRaces,null,"""QuestieDB""",requiredRaces,QuestieDB,9d39232dab48e35811a7cc02473c2f4e42b62ab6,races,
81953,Stonewrought Design,-161,detail.questie.provenance.requiredSpecialization,null,"""QuestieDB""",requiredSpecialization,QuestieDB,9d39232dab48e35811a7cc02473c2f4e42b62ab6,,no direct ATT field mapped
81953,Stonewrought Design,-161,detail.questie.provenance.requiredSpell,null,"""QuestieDB""",requiredSpell,QuestieDB,9d39232dab48e35811a7cc02473c2f4e42b62ab6,,no direct ATT field mapped
81953,Stonewrought Design,-161,detail.questie.provenance.sourceItemId,null,"""QuestieDB""",sourceItemId,QuestieDB,9d39232dab48e35811a7cc02473c2f4e42b62ab6,,no direct ATT field mapped
81953,Stonewrought Design,-161,detail.questie.provenance.specialFlags,null,"""QuestieDB""",specialFlags,QuestieDB,9d39232dab48e35811a7cc02473c2f4e42b62ab6,,no direct ATT field mapped
81953,Stonewrought Design,-161,detail.questie.provenance.startedBy,null,"""QuestieDB""",startedBy,QuestieDB,9d39232dab48e35811a7cc02473c2f4e42b62ab6,qg/provider; coord,
81953,Stonewrought Design,-161,detail.questie.provenance.zoneOrSort,null,"""QuestieDB""",zoneOrSort,QuestieDB,9d39232dab48e35811a7cc02473c2f4e42b62ab6,,no direct ATT field mapped
81953,Stonewrought Design,-161,index.questieCommit,null,"""9d39232dab48e35811a7cc02473c2f4e42b62ab6""",commit,QuestieDB,9d39232dab48e35811a7cc02473c2f4e42b62ab6,,no direct ATT field mapped
81954,Venomous Journeys,-161,detail.questie.commit,null,"""9d39232dab48e35811a7cc02473c2f4e42b62ab6""",commit,QuestieDB,9d39232dab48e35811a7cc02473c2f4e42b62ab6,,no direct ATT field mapped
81954,Venomous Journeys,-161,detail.questie.fields.availableStartingWith,null,0,availableStartingWith,QuestieDB,9d39232dab48e35811a7cc02473c2f4e42b62ab6,,no direct ATT field mapped
81954,Venomous Journeys,-161,detail.questie.fields.availableUntilCompleted,null,0,availableUntilCompleted,QuestieDB,9d39232dab48e35811a7cc02473c2f4e42b62ab6,,no direct ATT field mapped
81954,Venomous Journeys,-161,detail.questie.fields.breadcrumbForQuestId,null,0,breadcrumbForQuestId,QuestieDB,9d39232dab48e35811a7cc02473c2f4e42b62ab6,,no direct ATT field mapped
81954,Venomous Journeys,-161,detail.questie.fields.disabledByQuest,null,0,disabledByQuest,QuestieDB,9d39232dab48e35811a7cc02473c2f4e42b62ab6,,no direct ATT field mapped
81954,Venomous Journeys,-161,detail.questie.fields.finishedBy,null,[[211033]],finishedBy,QuestieDB,9d39232dab48e35811a7cc02473c2f4e42b62ab6,,no direct ATT field mapped
81954,Venomous Journeys,-161,detail.questie.fields.name,null,"""Venomous Journeys""",name,QuestieDB,9d39232dab48e35811a7cc02473c2f4e42b62ab6,,no direct ATT field mapped
81954,Venomous Journeys,-161,detail.questie.fields.nextQuestInChain,null,0,nextQuestInChain,QuestieDB,9d39232dab48e35811a7cc02473c2f4e42b62ab6,sourceQuest on successor,
81954,Venomous Journeys,-161,detail.questie.fields.objectives,null,[],objectives,QuestieDB,9d39232dab48e35811a7cc02473c2f4e42b62ab6,,no direct ATT field mapped
81954,Venomous Journeys,-161,detail.questie.fields.parentQuest,null,0,parentQuest,QuestieDB,9d39232dab48e35811a7cc02473c2f4e42b62ab6,,no direct ATT field mapped
81954,Venomous Journeys,-161,detail.questie.fields.questFlags,null,0,questFlags,QuestieDB,9d39232dab48e35811a7cc02473c2f4e42b62ab6,,no direct ATT field mapped
81954,Venomous Journeys,-161,detail.questie.fields.questLevel,null,0,questLevel,QuestieDB,9d39232dab48e35811a7cc02473c2f4e42b62ab6,,no direct ATT field mapped
81954,Venomous Journeys,-161,detail.questie.fields.requiredClasses,null,0,requiredClasses,QuestieDB,9d39232dab48e35811a7cc02473c2f4e42b62ab6,classes,
81954,Venomous Journeys,-161,detail.questie.fields.requiredLevel,null,0,requiredLevel,QuestieDB,9d39232dab48e35811a7cc02473c2f4e42b62ab6,lvl,
81954,Venomous Journeys,-161,detail.questie.fields.requiredMaxLevel,null,0,requiredMaxLevel,QuestieDB,9d39232dab48e35811a7cc02473c2f4e42b62ab6,,no direct ATT field mapped
81954,Venomous Journeys,-161,detail.questie.fields.requiredRaces,null,0,requiredRaces,QuestieDB,9d39232dab48e35811a7cc02473c2f4e42b62ab6,races,
81954,Venomous Journeys,-161,detail.questie.fields.requiredSpecialization,null,0,requiredSpecialization,QuestieDB,9d39232dab48e35811a7cc02473c2f4e42b62ab6,,no direct ATT field mapped
81954,Venomous Journeys,-161,detail.questie.fields.requiredSpell,null,0,requiredSpell,QuestieDB,9d39232dab48e35811a7cc02473c2f4e42b62ab6,,no direct ATT field mapped
81954,Venomous Journeys,-161,detail.questie.fields.sourceItemId,null,0,sourceItemId,QuestieDB,9d39232dab48e35811a7cc02473c2f4e42b62ab6,,no direct ATT field mapped
81954,Venomous Journeys,-161,detail.questie.fields.specialFlags,null,0,specialFlags,QuestieDB,9d39232dab48e35811a7cc02473c2f4e42b62ab6,,no direct ATT field mapped
81954,Venomous Journeys,-161,detail.questie.fields.startedBy,null,[],startedBy,QuestieDB,9d39232dab48e35811a7cc02473c2f4e42b62ab6,qg/provider; coord,
81954,Venomous Journeys,-161,detail.questie.fields.zoneOrSort,null,0,zoneOrSort,QuestieDB,9d39232dab48e35811a7cc02473c2f4e42b62ab6,,no direct ATT field mapped
81954,Venomous Journeys,-161,detail.questie.finishers,null,"[{""id"":211033,""name"":""Garion Wendell"",""spawns"":{""1519"":[[48.93,86.45],[49,86.44],[49.02,86.52],[49.02,86.59],[49.13,86.42],[49.25,86.25]]},""type"":""npc""}]",finishers,QuestieDB,9d39232dab48e35811a7cc02473c2f4e42b62ab6,,no direct ATT field mapped
81954,Venomous Journeys,-161,detail.questie.provenance.availableStartingWith,null,"""QuestieDB""",availableStartingWith,QuestieDB,9d39232dab48e35811a7cc02473c2f4e42b62ab6,,no direct ATT field mapped
81954,Venomous Journeys,-161,detail.questie.provenance.availableUntilCompleted,null,"""QuestieDB""",availableUntilCompleted,QuestieDB,9d39232dab48e35811a7cc02473c2f4e42b62ab6,,no direct ATT field mapped
81954,Venomous Journeys,-161,detail.questie.provenance.breadcrumbForQuestId,null,"""QuestieDB""",breadcrumbForQuestId,QuestieDB,9d39232dab48e35811a7cc02473c2f4e42b62ab6,,no direct ATT field mapped
81954,Venomous Journeys,-161,detail.questie.provenance.disabledByQuest,null,"""QuestieDB""",disabledByQuest,QuestieDB,9d39232dab48e35811a7cc02473c2f4e42b62ab6,,no direct ATT field mapped
81954,Venomous Journeys,-161,detail.questie.provenance.finishedBy,null,"""QuestieDB""",finishedBy,QuestieDB,9d39232dab48e35811a7cc02473c2f4e42b62ab6,,no direct ATT field mapped
81954,Venomous Journeys,-161,detail.questie.provenance.name,null,"""QuestieDB""",name,QuestieDB,9d39232dab48e35811a7cc02473c2f4e42b62ab6,,no direct ATT field mapped
81954,Venomous Journeys,-161,detail.questie.provenance.nextQuestInChain,null,"""QuestieDB""",nextQuestInChain,QuestieDB,9d39232dab48e35811a7cc02473c2f4e42b62ab6,sourceQuest on successor,
81954,Venomous Journeys,-161,detail.questie.provenance.objectives,null,"""QuestieDB""",objectives,QuestieDB,9d39232dab48e35811a7cc02473c2f4e42b62ab6,,no direct ATT field mapped
81954,Venomous Journeys,-161,detail.questie.provenance.parentQuest,null,"""QuestieDB""",parentQuest,QuestieDB,9d39232dab48e35811a7cc02473c2f4e42b62ab6,,no direct ATT field mapped
81954,Venomous Journeys,-161,detail.questie.provenance.questFlags,null,"""QuestieDB""",questFlags,QuestieDB,9d39232dab48e35811a7cc02473c2f4e42b62ab6,,no direct ATT field mapped
81954,Venomous Journeys,-161,detail.questie.provenance.questLevel,null,"""QuestieDB""",questLevel,QuestieDB,9d39232dab48e35811a7cc02473c2f4e42b62ab6,,no direct ATT field mapped
81954,Venomous Journeys,-161,detail.questie.provenance.requiredClasses,null,"""QuestieDB""",requiredClasses,QuestieDB,9d39232dab48e35811a7cc02473c2f4e42b62ab6,classes,
81954,Venomous Journeys,-161,detail.questie.provenance.requiredLevel,null,"""QuestieDB""",requiredLevel,QuestieDB,9d39232dab48e35811a7cc02473c2f4e42b62ab6,lvl,
81954,Venomous Journeys,-161,detail.questie.provenance.requiredMaxLevel,null,"""QuestieDB""",requiredMaxLevel,QuestieDB,9d39232dab48e35811a7cc02473c2f4e42b62ab6,,no direct ATT field mapped
81954,Venomous Journeys,-161,detail.questie.provenance.requiredRaces,null,"""QuestieDB""",requiredRaces,QuestieDB,9d39232dab48e35811a7cc02473c2f4e42b62ab6,races,
81954,Venomous Journeys,-161,detail.questie.provenance.requiredSpecialization,null,"""QuestieDB""",requiredSpecialization,QuestieDB,9d39232dab48e35811a7cc02473c2f4e42b62ab6,,no direct ATT field mapped
81954,Venomous Journeys,-161,detail.questie.provenance.requiredSpell,null,"""QuestieDB""",requiredSpell,QuestieDB,9d39232dab48e35811a7cc02473c2f4e42b62ab6,,no direct ATT field mapped
81954,Venomous Journeys,-161,detail.questie.provenance.sourceItemId,null,"""QuestieDB""",sourceItemId,QuestieDB,9d39232dab48e35811a7cc02473c2f4e42b62ab6,,no direct ATT field mapped
81954,Venomous Journeys,-161,detail.questie.provenance.specialFlags,null,"""QuestieDB""",specialFlags,QuestieDB,9d39232dab48e35811a7cc02473c2f4e42b62ab6,,no direct ATT field mapped
81954,Venomous Journeys,-161,detail.questie.provenance.startedBy,null,"""QuestieDB""",startedBy,QuestieDB,9d39232dab48e35811a7cc02473c2f4e42b62ab6,qg/provider; coord,
81954,Venomous Journeys,-161,detail.questie.provenance.zoneOrSort,null,"""QuestieDB""",zoneOrSort,QuestieDB,9d39232dab48e35811a7cc02473c2f4e42b62ab6,,no direct ATT field mapped
81954,Venomous Journeys,-161,index.questieCommit,null,"""9d39232dab48e35811a7cc02473c2f4e42b62ab6""",commit,QuestieDB,9d39232dab48e35811a7cc02473c2f4e42b62ab6,,no direct ATT field mapped
81955,A Mind of Metal,-161,detail.questie.commit,null,"""9d39232dab48e35811a7cc02473c2f4e42b62ab6""",commit,QuestieDB,9d39232dab48e35811a7cc02473c2f4e42b62ab6,,no direct ATT field mapped
81955,A Mind of Metal,-161,detail.questie.fields.availableStartingWith,null,0,availableStartingWith,QuestieDB,9d39232dab48e35811a7cc02473c2f4e42b62ab6,,no direct ATT field mapped
81955,A Mind of Metal,-161,detail.questie.fields.availableUntilCompleted,null,0,availableUntilCompleted,QuestieDB,9d39232dab48e35811a7cc02473c2f4e42b62ab6,,no direct ATT field mapped
81955,A Mind of Metal,-161,detail.questie.fields.breadcrumbForQuestId,null,0,breadcrumbForQuestId,QuestieDB,9d39232dab48e35811a7cc02473c2f4e42b62ab6,,no direct ATT field mapped
81955,A Mind of Metal,-161,detail.questie.fields.disabledByQuest,null,0,disabledByQuest,QuestieDB,9d39232dab48e35811a7cc02473c2f4e42b62ab6,,no direct ATT field mapped
81955,A Mind of Metal,-161,detail.questie.fields.finishedBy,null,[[211033]],finishedBy,QuestieDB,9d39232dab48e35811a7cc02473c2f4e42b62ab6,,no direct ATT field mapped
81955,A Mind of Metal,-161,detail.questie.fields.name,null,"""A Mind of Metal""",name,QuestieDB,9d39232dab48e35811a7cc02473c2f4e42b62ab6,,no direct ATT field mapped
81955,A Mind of Metal,-161,detail.questie.fields.nextQuestInChain,null,0,nextQuestInChain,QuestieDB,9d39232dab48e35811a7cc02473c2f4e42b62ab6,sourceQuest on successor,
81955,A Mind of Metal,-161,detail.questie.fields.objectives,null,[],objectives,QuestieDB,9d39232dab48e35811a7cc02473c2f4e42b62ab6,,no direct ATT field mapped
81955,A Mind of Metal,-161,detail.questie.fields.parentQuest,null,0,parentQuest,QuestieDB,9d39232dab48e35811a7cc02473c2f4e42b62ab6,,no direct ATT field mapped
81955,A Mind of Metal,-161,detail.questie.fields.questFlags,null,0,questFlags,QuestieDB,9d39232dab48e35811a7cc02473c2f4e42b62ab6,,no direct ATT field mapped
81955,A Mind of Metal,-161,detail.questie.fields.questLevel,null,0,questLevel,QuestieDB,9d39232dab48e35811a7cc02473c2f4e42b62ab6,,no direct ATT field mapped
81955,A Mind of Metal,-161,detail.questie.fields.requiredClasses,null,0,requiredClasses,QuestieDB,9d39232dab48e35811a7cc02473c2f4e42b62ab6,classes,
81955,A Mind of Metal,-161,detail.questie.fields.requiredLevel,null,0,requiredLevel,QuestieDB,9d39232dab48e35811a7cc02473c2f4e42b62ab6,lvl,
81955,A Mind of Metal,-161,detail.questie.fields.requiredMaxLevel,null,0,requiredMaxLevel,QuestieDB,9d39232dab48e35811a7cc02473c2f4e42b62ab6,,no direct ATT field mapped
81955,A Mind of Metal,-161,detail.questie.fields.requiredRaces,null,0,requiredRaces,QuestieDB,9d39232dab48e35811a7cc02473c2f4e42b62ab6,races,
81955,A Mind of Metal,-161,detail.questie.fields.requiredSpecialization,null,0,requiredSpecialization,QuestieDB,9d39232dab48e35811a7cc02473c2f4e42b62ab6,,no direct ATT field mapped
81955,A Mind of Metal,-161,detail.questie.fields.requiredSpell,null,0,requiredSpell,QuestieDB,9d39232dab48e35811a7cc02473c2f4e42b62ab6,,no direct ATT field mapped
81955,A Mind of Metal,-161,detail.questie.fields.sourceItemId,null,0,sourceItemId,QuestieDB,9d39232dab48e35811a7cc02473c2f4e42b62ab6,,no direct ATT field mapped
81955,A Mind of Metal,-161,detail.questie.fields.specialFlags,null,0,specialFlags,QuestieDB,9d39232dab48e35811a7cc02473c2f4e42b62ab6,,no direct ATT field mapped
81955,A Mind of Metal,-161,detail.questie.fields.startedBy,null,[],startedBy,QuestieDB,9d39232dab48e35811a7cc02473c2f4e42b62ab6,qg/provider; coord,
81955,A Mind of Metal,-161,detail.questie.fields.zoneOrSort,null,0,zoneOrSort,QuestieDB,9d39232dab48e35811a7cc02473c2f4e42b62ab6,,no direct ATT field mapped
81955,A Mind of Metal,-161,detail.questie.finishers,null,"[{""id"":211033,""name"":""Garion Wendell"",""spawns"":{""1519"":[[48.93,86.45],[49,86.44],[49.02,86.52],[49.02,86.59],[49.13,86.42],[49.25,86.25]]},""type"":""npc""}]",finishers,QuestieDB,9d39232dab48e35811a7cc02473c2f4e42b62ab6,,no direct ATT field mapped
81955,A Mind of Metal,-161,detail.questie.provenance.availableStartingWith,null,"""QuestieDB""",availableStartingWith,QuestieDB,9d39232dab48e35811a7cc02473c2f4e42b62ab6,,no direct ATT field mapped
81955,A Mind of Metal,-161,detail.questie.provenance.availableUntilCompleted,null,"""QuestieDB""",availableUntilCompleted,QuestieDB,9d39232dab48e35811a7cc02473c2f4e42b62ab6,,no direct ATT field mapped
81955,A Mind of Metal,-161,detail.questie.provenance.breadcrumbForQuestId,null,"""QuestieDB""",breadcrumbForQuestId,QuestieDB,9d39232dab48e35811a7cc02473c2f4e42b62ab6,,no direct ATT field mapped
81955,A Mind of Metal,-161,detail.questie.provenance.disabledByQuest,null,"""QuestieDB""",disabledByQuest,QuestieDB,9d39232dab48e35811a7cc02473c2f4e42b62ab6,,no direct ATT field mapped
81955,A Mind of Metal,-161,detail.questie.provenance.finishedBy,null,"""QuestieDB""",finishedBy,QuestieDB,9d39232dab48e35811a7cc02473c2f4e42b62ab6,,no direct ATT field mapped
81955,A Mind of Metal,-161,detail.questie.provenance.name,null,"""QuestieDB""",name,QuestieDB,9d39232dab48e35811a7cc02473c2f4e42b62ab6,,no direct ATT field mapped
81955,A Mind of Metal,-161,detail.questie.provenance.nextQuestInChain,null,"""QuestieDB""",nextQuestInChain,QuestieDB,9d39232dab48e35811a7cc02473c2f4e42b62ab6,sourceQuest on successor,
81955,A Mind of Metal,-161,detail.questie.provenance.objectives,null,"""QuestieDB""",objectives,QuestieDB,9d39232dab48e35811a7cc02473c2f4e42b62ab6,,no direct ATT field mapped
81955,A Mind of Metal,-161,detail.questie.provenance.parentQuest,null,"""QuestieDB""",parentQuest,QuestieDB,9d39232dab48e35811a7cc02473c2f4e42b62ab6,,no direct ATT field mapped
81955,A Mind of Metal,-161,detail.questie.provenance.questFlags,null,"""QuestieDB""",questFlags,QuestieDB,9d39232dab48e35811a7cc02473c2f4e42b62ab6,,no direct ATT field mapped
81955,A Mind of Metal,-161,detail.questie.provenance.questLevel,null,"""QuestieDB""",questLevel,QuestieDB,9d39232dab48e35811a7cc02473c2f4e42b62ab6,,no direct ATT field mapped
81955,A Mind of Metal,-161,detail.questie.provenance.requiredClasses,null,"""QuestieDB""",requiredClasses,QuestieDB,9d39232dab48e35811a7cc02473c2f4e42b62ab6,classes,
81955,A Mind of Metal,-161,detail.questie.provenance.requiredLevel,null,"""QuestieDB""",requiredLevel,QuestieDB,9d39232dab48e35811a7cc02473c2f4e42b62ab6,lvl,
81955,A Mind of Metal,-161,detail.questie.provenance.requiredMaxLevel,null,"""QuestieDB""",requiredMaxLevel,QuestieDB,9d39232dab48e35811a7cc02473c2f4e42b62ab6,,no direct ATT field mapped
81955,A Mind of Metal,-161,detail.questie.provenance.requiredRaces,null,"""QuestieDB""",requiredRaces,QuestieDB,9d39232dab48e35811a7cc02473c2f4e42b62ab6,races,
81955,A Mind of Metal,-161,detail.questie.provenance.requiredSpecialization,null,"""QuestieDB""",requiredSpecialization,QuestieDB,9d39232dab48e35811a7cc02473c2f4e42b62ab6,,no direct ATT field mapped
81955,A Mind of Metal,-161,detail.questie.provenance.requiredSpell,null,"""QuestieDB""",requiredSpell,QuestieDB,9d39232dab48e35811a7cc02473c2f4e42b62ab6,,no direct ATT field mapped
81955,A Mind of Metal,-161,detail.questie.provenance.sourceItemId,null,"""QuestieDB""",sourceItemId,QuestieDB,9d39232dab48e35811a7cc02473c2f4e42b62ab6,,no direct ATT field mapped
81955,A Mind of Metal,-161,detail.questie.provenance.specialFlags,null,"""QuestieDB""",specialFlags,QuestieDB,9d39232dab48e35811a7cc02473c2f4e42b62ab6,,no direct ATT field mapped
81955,A Mind of Metal,-161,detail.questie.provenance.startedBy,null,"""QuestieDB""",startedBy,QuestieDB,9d39232dab48e35811a7cc02473c2f4e42b62ab6,qg/provider; coord,
81955,A Mind of Metal,-161,detail.questie.provenance.zoneOrSort,null,"""QuestieDB""",zoneOrSort,QuestieDB,9d39232dab48e35811a7cc02473c2f4e42b62ab6,,no direct ATT field mapped
81955,A Mind of Metal,-161,index.questieCommit,null,"""9d39232dab48e35811a7cc02473c2f4e42b62ab6""",commit,QuestieDB,9d39232dab48e35811a7cc02473c2f4e42b62ab6,,no direct ATT field mapped
84396,Magma or Lava?,-161,detail.questie.commit,null,"""9d39232dab48e35811a7cc02473c2f4e42b62ab6""",commit,QuestieDB,9d39232dab48e35811a7cc02473c2f4e42b62ab6,,no direct ATT field mapped
84396,Magma or Lava?,-161,detail.questie.fields.availableStartingWith,null,0,availableStartingWith,QuestieDB,9d39232dab48e35811a7cc02473c2f4e42b62ab6,,no direct ATT field mapped
84396,Magma or Lava?,-161,detail.questie.fields.availableUntilCompleted,null,0,availableUntilCompleted,QuestieDB,9d39232dab48e35811a7cc02473c2f4e42b62ab6,,no direct ATT field mapped
84396,Magma or Lava?,-161,detail.questie.fields.breadcrumbForQuestId,null,0,breadcrumbForQuestId,QuestieDB,9d39232dab48e35811a7cc02473c2f4e42b62ab6,,no direct ATT field mapped
84396,Magma or Lava?,-161,detail.questie.fields.disabledByQuest,null,0,disabledByQuest,QuestieDB,9d39232dab48e35811a7cc02473c2f4e42b62ab6,,no direct ATT field mapped
84396,Magma or Lava?,-161,detail.questie.fields.finishedBy,null,[[5497]],finishedBy,QuestieDB,9d39232dab48e35811a7cc02473c2f4e42b62ab6,,no direct ATT field mapped
84396,Magma or Lava?,-161,detail.questie.fields.name,null,"""Magma or Lava?""",name,QuestieDB,9d39232dab48e35811a7cc02473c2f4e42b62ab6,,no direct ATT field mapped
84396,Magma or Lava?,-161,detail.questie.fields.nextQuestInChain,null,0,nextQuestInChain,QuestieDB,9d39232dab48e35811a7cc02473c2f4e42b62ab6,sourceQuest on successor,
84396,Magma or Lava?,-161,detail.questie.fields.objectives,null,[],objectives,QuestieDB,9d39232dab48e35811a7cc02473c2f4e42b62ab6,,no direct ATT field mapped
84396,Magma or Lava?,-161,detail.questie.fields.parentQuest,null,0,parentQuest,QuestieDB,9d39232dab48e35811a7cc02473c2f4e42b62ab6,,no direct ATT field mapped
84396,Magma or Lava?,-161,detail.questie.fields.questFlags,null,0,questFlags,QuestieDB,9d39232dab48e35811a7cc02473c2f4e42b62ab6,,no direct ATT field mapped
84396,Magma or Lava?,-161,detail.questie.fields.questLevel,null,0,questLevel,QuestieDB,9d39232dab48e35811a7cc02473c2f4e42b62ab6,,no direct ATT field mapped
84396,Magma or Lava?,-161,detail.questie.fields.requiredClasses,null,0,requiredClasses,QuestieDB,9d39232dab48e35811a7cc02473c2f4e42b62ab6,classes,
84396,Magma or Lava?,-161,detail.questie.fields.requiredLevel,null,0,requiredLevel,QuestieDB,9d39232dab48e35811a7cc02473c2f4e42b62ab6,lvl,
84396,Magma or Lava?,-161,detail.questie.fields.requiredMaxLevel,null,0,requiredMaxLevel,QuestieDB,9d39232dab48e35811a7cc02473c2f4e42b62ab6,,no direct ATT field mapped
84396,Magma or Lava?,-161,detail.questie.fields.requiredRaces,null,0,requiredRaces,QuestieDB,9d39232dab48e35811a7cc02473c2f4e42b62ab6,races,
84396,Magma or Lava?,-161,detail.questie.fields.requiredSpecialization,null,0,requiredSpecialization,QuestieDB,9d39232dab48e35811a7cc02473c2f4e42b62ab6,,no direct ATT field mapped
84396,Magma or Lava?,-161,detail.questie.fields.requiredSpell,null,0,requiredSpell,QuestieDB,9d39232dab48e35811a7cc02473c2f4e42b62ab6,,no direct ATT field mapped
84396,Magma or Lava?,-161,detail.questie.fields.sourceItemId,null,0,sourceItemId,QuestieDB,9d39232dab48e35811a7cc02473c2f4e42b62ab6,,no direct ATT field mapped
84396,Magma or Lava?,-161,detail.questie.fields.specialFlags,null,0,specialFlags,QuestieDB,9d39232dab48e35811a7cc02473c2f4e42b62ab6,,no direct ATT field mapped
84396,Magma or Lava?,-161,detail.questie.fields.startedBy,null,[[5497]],startedBy,QuestieDB,9d39232dab48e35811a7cc02473c2f4e42b62ab6,qg/provider; coord,
84396,Magma or Lava?,-161,detail.questie.fields.zoneOrSort,null,0,zoneOrSort,QuestieDB,9d39232dab48e35811a7cc02473c2f4e42b62ab6,,no direct ATT field mapped
84396,Magma or Lava?,-161,detail.questie.finishers,null,"[{""id"":5497,""type"":""npc""}]",finishers,QuestieDB,9d39232dab48e35811a7cc02473c2f4e42b62ab6,,no direct ATT field mapped
84396,Magma or Lava?,-161,detail.questie.provenance.availableStartingWith,null,"""QuestieDB""",availableStartingWith,QuestieDB,9d39232dab48e35811a7cc02473c2f4e42b62ab6,,no direct ATT field mapped
84396,Magma or Lava?,-161,detail.questie.provenance.availableUntilCompleted,null,"""QuestieDB""",availableUntilCompleted,QuestieDB,9d39232dab48e35811a7cc02473c2f4e42b62ab6,,no direct ATT field mapped
84396,Magma or Lava?,-161,detail.questie.provenance.breadcrumbForQuestId,null,"""QuestieDB""",breadcrumbForQuestId,QuestieDB,9d39232dab48e35811a7cc02473c2f4e42b62ab6,,no direct ATT field mapped
84396,Magma or Lava?,-161,detail.questie.provenance.disabledByQuest,null,"""QuestieDB""",disabledByQuest,QuestieDB,9d39232dab48e35811a7cc02473c2f4e42b62ab6,,no direct ATT field mapped
84396,Magma or Lava?,-161,detail.questie.provenance.finishedBy,null,"""QuestieDB""",finishedBy,QuestieDB,9d39232dab48e35811a7cc02473c2f4e42b62ab6,,no direct ATT field mapped
84396,Magma or Lava?,-161,detail.questie.provenance.name,null,"""QuestieDB""",name,QuestieDB,9d39232dab48e35811a7cc02473c2f4e42b62ab6,,no direct ATT field mapped
84396,Magma or Lava?,-161,detail.questie.provenance.nextQuestInChain,null,"""QuestieDB""",nextQuestInChain,QuestieDB,9d39232dab48e35811a7cc02473c2f4e42b62ab6,sourceQuest on successor,
84396,Magma or Lava?,-161,detail.questie.provenance.objectives,null,"""QuestieDB""",objectives,QuestieDB,9d39232dab48e35811a7cc02473c2f4e42b62ab6,,no direct ATT field mapped
84396,Magma or Lava?,-161,detail.questie.provenance.parentQuest,null,"""QuestieDB""",parentQuest,QuestieDB,9d39232dab48e35811a7cc02473c2f4e42b62ab6,,no direct ATT field mapped
84396,Magma or Lava?,-161,detail.questie.provenance.questFlags,null,"""QuestieDB""",questFlags,QuestieDB,9d39232dab48e35811a7cc02473c2f4e42b62ab6,,no direct ATT field mapped
84396,Magma or Lava?,-161,detail.questie.provenance.questLevel,null,"""QuestieDB""",questLevel,QuestieDB,9d39232dab48e35811a7cc02473c2f4e42b62ab6,,no direct ATT field mapped
84396,Magma or Lava?,-161,detail.questie.provenance.requiredClasses,null,"""QuestieDB""",requiredClasses,QuestieDB,9d39232dab48e35811a7cc02473c2f4e42b62ab6,classes,
84396,Magma or Lava?,-161,detail.questie.provenance.requiredLevel,null,"""QuestieDB""",requiredLevel,QuestieDB,9d39232dab48e35811a7cc02473c2f4e42b62ab6,lvl,
84396,Magma or Lava?,-161,detail.questie.provenance.requiredMaxLevel,null,"""QuestieDB""",requiredMaxLevel,QuestieDB,9d39232dab48e35811a7cc02473c2f4e42b62ab6,,no direct ATT field mapped
84396,Magma or Lava?,-161,detail.questie.provenance.requiredRaces,null,"""QuestieDB""",requiredRaces,QuestieDB,9d39232dab48e35811a7cc02473c2f4e42b62ab6,races,
84396,Magma or Lava?,-161,detail.questie.provenance.requiredSpecialization,null,"""QuestieDB""",requiredSpecialization,QuestieDB,9d39232dab48e35811a7cc02473c2f4e42b62ab6,,no direct ATT field mapped
84396,Magma or Lava?,-161,detail.questie.provenance.requiredSpell,null,"""QuestieDB""",requiredSpell,QuestieDB,9d39232dab48e35811a7cc02473c2f4e42b62ab6,,no direct ATT field mapped
84396,Magma or Lava?,-161,detail.questie.provenance.sourceItemId,null,"""QuestieDB""",sourceItemId,QuestieDB,9d39232dab48e35811a7cc02473c2f4e42b62ab6,,no direct ATT field mapped
84396,Magma or Lava?,-161,detail.questie.provenance.specialFlags,null,"""QuestieDB""",specialFlags,QuestieDB,9d39232dab48e35811a7cc02473c2f4e42b62ab6,,no direct ATT field mapped
84396,Magma or Lava?,-161,detail.questie.provenance.startedBy,null,"""QuestieDB""",startedBy,QuestieDB,9d39232dab48e35811a7cc02473c2f4e42b62ab6,qg/provider; coord,
84396,Magma or Lava?,-161,detail.questie.provenance.zoneOrSort,null,"""QuestieDB""",zoneOrSort,QuestieDB,9d39232dab48e35811a7cc02473c2f4e42b62ab6,,no direct ATT field mapped
84396,Magma or Lava?,-161,detail.questie.starters,null,"[{""id"":5497,""type"":""npc""}]",starters,QuestieDB,9d39232dab48e35811a7cc02473c2f4e42b62ab6,qg/provider; coord,
84396,Magma or Lava?,-161,index.questieCommit,null,"""9d39232dab48e35811a7cc02473c2f4e42b62ab6""",commit,QuestieDB,9d39232dab48e35811a7cc02473c2f4e42b62ab6,,no direct ATT field mapped
86574,Stonetalon Supply Run,406,detail.questie.commit,"""cac1eff815923f896d082764d023cf812454a023""","""9d39232dab48e35811a7cc02473c2f4e42b62ab6""",commit,QuestieDB,9d39232dab48e35811a7cc02473c2f4e42b62ab6,,no direct ATT field mapped
86574,Stonetalon Supply Run,406,detail.questie.fields.objectives,[],"{""3"":[{""1"":277917,""3"":0}]}",objectives,QuestieDB,9d39232dab48e35811a7cc02473c2f4e42b62ab6,,no direct ATT field mapped
86574,Stonetalon Supply Run,406,detail.questie.fields.sourceItemId,0,277915,sourceItemId,QuestieDB,9d39232dab48e35811a7cc02473c2f4e42b62ab6,,no direct ATT field mapped
86574,Stonetalon Supply Run,406,index.questieCommit,"""cac1eff815923f896d082764d023cf812454a023""","""9d39232dab48e35811a7cc02473c2f4e42b62ab6""",commit,QuestieDB,9d39232dab48e35811a7cc02473c2f4e42b62ab6,,conflicts with existing value; no direct ATT field mapped
86576,Bloodfury Trinkets,406,detail.questie.commit,"""cac1eff815923f896d082764d023cf812454a023""","""9d39232dab48e35811a7cc02473c2f4e42b62ab6""",commit,QuestieDB,9d39232dab48e35811a7cc02473c2f4e42b62ab6,,no direct ATT field mapped
86576,Bloodfury Trinkets,406,detail.questie.fields.objectives,[],"{""3"":[{""1"":277936,""3"":0}]}",objectives,QuestieDB,9d39232dab48e35811a7cc02473c2f4e42b62ab6,,no direct ATT field mapped
86576,Bloodfury Trinkets,406,index.questieCommit,"""cac1eff815923f896d082764d023cf812454a023""","""9d39232dab48e35811a7cc02473c2f4e42b62ab6""",commit,QuestieDB,9d39232dab48e35811a7cc02473c2f4e42b62ab6,,conflicts with existing value; no direct ATT field mapped
86585,Banner of the Fallen,38,detail.questie.commit,"""cac1eff815923f896d082764d023cf812454a023""","""9d39232dab48e35811a7cc02473c2f4e42b62ab6""",commit,QuestieDB,9d39232dab48e35811a7cc02473c2f4e42b62ab6,,no direct ATT field mapped
86585,Banner of the Fallen,38,detail.questie.fields.objectives,[],"[[{""1"":269185,""3"":0}]]",objectives,QuestieDB,9d39232dab48e35811a7cc02473c2f4e42b62ab6,,no direct ATT field mapped
86585,Banner of the Fallen,38,detail.questie.fields.sourceItemId,0,253247,sourceItemId,QuestieDB,9d39232dab48e35811a7cc02473c2f4e42b62ab6,,no direct ATT field mapped
86585,Banner of the Fallen,38,index.questieCommit,"""cac1eff815923f896d082764d023cf812454a023""","""9d39232dab48e35811a7cc02473c2f4e42b62ab6""",commit,QuestieDB,9d39232dab48e35811a7cc02473c2f4e42b62ab6,,conflicts with existing value; no direct ATT field mapped
86613,Excavation Tools,38,detail.questie.commit,"""cac1eff815923f896d082764d023cf812454a023""","""9d39232dab48e35811a7cc02473c2f4e42b62ab6""",commit,QuestieDB,9d39232dab48e35811a7cc02473c2f4e42b62ab6,,no direct ATT field mapped
86613,Excavation Tools,38,detail.questie.fields.sourceItemId,0,278398,sourceItemId,QuestieDB,9d39232dab48e35811a7cc02473c2f4e42b62ab6,,no direct ATT field mapped
86613,Excavation Tools,38,index.questieCommit,"""cac1eff815923f896d082764d023cf812454a023""","""9d39232dab48e35811a7cc02473c2f4e42b62ab6""",commit,QuestieDB,9d39232dab48e35811a7cc02473c2f4e42b62ab6,,conflicts with existing value; no direct ATT field mapped
86614,Silver of the Waves,38,detail.questie.commit,"""cac1eff815923f896d082764d023cf812454a023""","""9d39232dab48e35811a7cc02473c2f4e42b62ab6""",commit,QuestieDB,9d39232dab48e35811a7cc02473c2f4e42b62ab6,,no direct ATT field mapped
86614,Silver of the Waves,38,detail.questie.fields.sourceItemId,0,278051,sourceItemId,QuestieDB,9d39232dab48e35811a7cc02473c2f4e42b62ab6,,no direct ATT field mapped
86614,Silver of the Waves,38,index.questieCommit,"""cac1eff815923f896d082764d023cf812454a023""","""9d39232dab48e35811a7cc02473c2f4e42b62ab6""",commit,QuestieDB,9d39232dab48e35811a7cc02473c2f4e42b62ab6,,conflicts with existing value; no direct ATT field mapped
86667,Snowbound,38,detail.questie.commit,"""cac1eff815923f896d082764d023cf812454a023""","""9d39232dab48e35811a7cc02473c2f4e42b62ab6""",commit,QuestieDB,9d39232dab48e35811a7cc02473c2f4e42b62ab6,,no direct ATT field mapped
86667,Snowbound,38,detail.questie.fields.objectives,[],"{""3"":[{""1"":279379,""3"":0}]}",objectives,QuestieDB,9d39232dab48e35811a7cc02473c2f4e42b62ab6,,no direct ATT field mapped
86667,Snowbound,38,detail.questie.fields.sourceItemId,0,279380,sourceItemId,QuestieDB,9d39232dab48e35811a7cc02473c2f4e42b62ab6,,no direct ATT field mapped
86667,Snowbound,38,index.questieCommit,"""cac1eff815923f896d082764d023cf812454a023""","""9d39232dab48e35811a7cc02473c2f4e42b62ab6""",commit,QuestieDB,9d39232dab48e35811a7cc02473c2f4e42b62ab6,,conflicts with existing value; no direct ATT field mapped
86758,Twisting the Knife,38,detail.questie.commit,"""cac1eff815923f896d082764d023cf812454a023""","""9d39232dab48e35811a7cc02473c2f4e42b62ab6""",commit,QuestieDB,9d39232dab48e35811a7cc02473c2f4e42b62ab6,,no direct ATT field mapped
86758,Twisting the Knife,38,detail.questie.fields.objectives,[],"{""3"":[{""1"":279591,""3"":0}]}",objectives,QuestieDB,9d39232dab48e35811a7cc02473c2f4e42b62ab6,,no direct ATT field mapped
86758,Twisting the Knife,38,index.questieCommit,"""cac1eff815923f896d082764d023cf812454a023""","""9d39232dab48e35811a7cc02473c2f4e42b62ab6""",commit,QuestieDB,9d39232dab48e35811a7cc02473c2f4e42b62ab6,,conflicts with existing value; no direct ATT field mapped
86776,Ingredients for the Forge,38,detail.questie.commit,"""cac1eff815923f896d082764d023cf812454a023""","""9d39232dab48e35811a7cc02473c2f4e42b62ab6""",commit,QuestieDB,9d39232dab48e35811a7cc02473c2f4e42b62ab6,,no direct ATT field mapped
86776,Ingredients for the Forge,38,detail.questie.fields.objectives,[],"{""3"":[{""1"":2841,""3"":0}]}",objectives,QuestieDB,9d39232dab48e35811a7cc02473c2f4e42b62ab6,,no direct ATT field mapped
86776,Ingredients for the Forge,38,index.questieCommit,"""cac1eff815923f896d082764d023cf812454a023""","""9d39232dab48e35811a7cc02473c2f4e42b62ab6""",commit,QuestieDB,9d39232dab48e35811a7cc02473c2f4e42b62ab6,,conflicts with existing value; no direct ATT field mapped
86784,Sticks and Bones,85,detail.questie.commit,"""cac1eff815923f896d082764d023cf812454a023""","""9d39232dab48e35811a7cc02473c2f4e42b62ab6""",commit,QuestieDB,9d39232dab48e35811a7cc02473c2f4e42b62ab6,,no direct ATT field mapped
86784,Sticks and Bones,85,detail.questie.fields.objectives,[],"{""3"":[{""1"":279991,""3"":0}]}",objectives,QuestieDB,9d39232dab48e35811a7cc02473c2f4e42b62ab6,,no direct ATT field mapped
86784,Sticks and Bones,85,detail.questie.fields.sourceItemId,0,279937,sourceItemId,QuestieDB,9d39232dab48e35811a7cc02473c2f4e42b62ab6,,no direct ATT field mapped
86784,Sticks and Bones,85,index.questieCommit,"""cac1eff815923f896d082764d023cf812454a023""","""9d39232dab48e35811a7cc02473c2f4e42b62ab6""",commit,QuestieDB,9d39232dab48e35811a7cc02473c2f4e42b62ab6,,conflicts with existing value; no direct ATT field mapped
87288,Soft Saber Pelts,141,detail.questie.commit,"""cac1eff815923f896d082764d023cf812454a023""","""9d39232dab48e35811a7cc02473c2f4e42b62ab6""",commit,QuestieDB,9d39232dab48e35811a7cc02473c2f4e42b62ab6,,no direct ATT field mapped
87288,Soft Saber Pelts,141,detail.questie.fields.objectives,[],"{""3"":[{""1"":280087,""3"":0}]}",objectives,QuestieDB,9d39232dab48e35811a7cc02473c2f4e42b62ab6,,no direct ATT field mapped
87288,Soft Saber Pelts,141,index.questieCommit,"""cac1eff815923f896d082764d023cf812454a023""","""9d39232dab48e35811a7cc02473c2f4e42b62ab6""",commit,QuestieDB,9d39232dab48e35811a7cc02473c2f4e42b62ab6,,conflicts with existing value; no direct ATT field mapped
87760,Holy Diver,148,detail.questie.commit,"""cac1eff815923f896d082764d023cf812454a023""","""9d39232dab48e35811a7cc02473c2f4e42b62ab6""",commit,QuestieDB,9d39232dab48e35811a7cc02473c2f4e42b62ab6,,no direct ATT field mapped
87760,Holy Diver,148,detail.questie.fields.objectives,[],"{""3"":[{""1"":280686,""3"":0}]}",objectives,QuestieDB,9d39232dab48e35811a7cc02473c2f4e42b62ab6,,no direct ATT field mapped
87760,Holy Diver,148,index.questieCommit,"""cac1eff815923f896d082764d023cf812454a023""","""9d39232dab48e35811a7cc02473c2f4e42b62ab6""",commit,QuestieDB,9d39232dab48e35811a7cc02473c2f4e42b62ab6,,conflicts with existing value; no direct ATT field mapped
90902,Rediscovering the Light,-141,detail.questie.commit,"""cac1eff815923f896d082764d023cf812454a023""","""9d39232dab48e35811a7cc02473c2f4e42b62ab6""",commit,QuestieDB,9d39232dab48e35811a7cc02473c2f4e42b62ab6,,no direct ATT field mapped
90902,Rediscovering the Light,-141,index.questieCommit,"""cac1eff815923f896d082764d023cf812454a023""","""9d39232dab48e35811a7cc02473c2f4e42b62ab6""",commit,QuestieDB,9d39232dab48e35811a7cc02473c2f4e42b62ab6,,conflicts with existing value; no direct ATT field mapped
91208,Coming to Terms,-141,detail.questie.commit,"""cac1eff815923f896d082764d023cf812454a023""","""9d39232dab48e35811a7cc02473c2f4e42b62ab6""",commit,QuestieDB,9d39232dab48e35811a7cc02473c2f4e42b62ab6,,no direct ATT field mapped
91208,Coming to Terms,-141,index.questieCommit,"""cac1eff815923f896d082764d023cf812454a023""","""9d39232dab48e35811a7cc02473c2f4e42b62ab6""",commit,QuestieDB,9d39232dab48e35811a7cc02473c2f4e42b62ab6,,conflicts with existing value; no direct ATT field mapped
91209,Continue Your Training,-141,detail.questie.commit,"""cac1eff815923f896d082764d023cf812454a023""","""9d39232dab48e35811a7cc02473c2f4e42b62ab6""",commit,QuestieDB,9d39232dab48e35811a7cc02473c2f4e42b62ab6,,no direct ATT field mapped
91209,Continue Your Training,-141,index.questieCommit,"""cac1eff815923f896d082764d023cf812454a023""","""9d39232dab48e35811a7cc02473c2f4e42b62ab6""",commit,QuestieDB,9d39232dab48e35811a7cc02473c2f4e42b62ab6,,conflicts with existing value; no direct ATT field mapped
91282,A Second Home,-141,detail.questie.commit,"""cac1eff815923f896d082764d023cf812454a023""","""9d39232dab48e35811a7cc02473c2f4e42b62ab6""",commit,QuestieDB,9d39232dab48e35811a7cc02473c2f4e42b62ab6,,no direct ATT field mapped
91282,A Second Home,-141,index.questieCommit,"""cac1eff815923f896d082764d023cf812454a023""","""9d39232dab48e35811a7cc02473c2f4e42b62ab6""",commit,QuestieDB,9d39232dab48e35811a7cc02473c2f4e42b62ab6,,conflicts with existing value; no direct ATT field mapped
91285,Murlocs at the Gates,-141,detail.questie.commit,"""cac1eff815923f896d082764d023cf812454a023""","""9d39232dab48e35811a7cc02473c2f4e42b62ab6""",commit,QuestieDB,9d39232dab48e35811a7cc02473c2f4e42b62ab6,,no direct ATT field mapped
91285,Murlocs at the Gates,-141,detail.questie.fields.objectives,[],"[[{""1"":250283,""3"":0},{""1"":250282,""3"":0}]]",objectives,QuestieDB,9d39232dab48e35811a7cc02473c2f4e42b62ab6,,no direct ATT field mapped
91285,Murlocs at the Gates,-141,index.questieCommit,"""cac1eff815923f896d082764d023cf812454a023""","""9d39232dab48e35811a7cc02473c2f4e42b62ab6""",commit,QuestieDB,9d39232dab48e35811a7cc02473c2f4e42b62ab6,,conflicts with existing value; no direct ATT field mapped
91294,Touring the Grounds,-141,detail.questie.commit,"""cac1eff815923f896d082764d023cf812454a023""","""9d39232dab48e35811a7cc02473c2f4e42b62ab6""",commit,QuestieDB,9d39232dab48e35811a7cc02473c2f4e42b62ab6,,no direct ATT field mapped
91294,Touring the Grounds,-141,index.questieCommit,"""cac1eff815923f896d082764d023cf812454a023""","""9d39232dab48e35811a7cc02473c2f4e42b62ab6""",commit,QuestieDB,9d39232dab48e35811a7cc02473c2f4e42b62ab6,,conflicts with existing value; no direct ATT field mapped
91316,Making Repairs,-141,detail.questie.commit,"""cac1eff815923f896d082764d023cf812454a023""","""9d39232dab48e35811a7cc02473c2f4e42b62ab6""",commit,QuestieDB,9d39232dab48e35811a7cc02473c2f4e42b62ab6,,no direct ATT field mapped
91316,Making Repairs,-141,detail.questie.fields.objectives,[],"{""3"":[{""1"":246213,""3"":0}]}",objectives,QuestieDB,9d39232dab48e35811a7cc02473c2f4e42b62ab6,,no direct ATT field mapped
91316,Making Repairs,-141,index.questieCommit,"""cac1eff815923f896d082764d023cf812454a023""","""9d39232dab48e35811a7cc02473c2f4e42b62ab6""",commit,QuestieDB,9d39232dab48e35811a7cc02473c2f4e42b62ab6,,conflicts with existing value; no direct ATT field mapped
91317,The Tarnished,-141,detail.questie.commit,"""cac1eff815923f896d082764d023cf812454a023""","""9d39232dab48e35811a7cc02473c2f4e42b62ab6""",commit,QuestieDB,9d39232dab48e35811a7cc02473c2f4e42b62ab6,,no direct ATT field mapped
91317,The Tarnished,-141,detail.questie.fields.objectives,[],"{""1"":[{""1"":259434,""3"":0},{""1"":259433,""3"":0}],""3"":[{""1"":270435,""3"":0}]}",objectives,QuestieDB,9d39232dab48e35811a7cc02473c2f4e42b62ab6,,no direct ATT field mapped
91317,The Tarnished,-141,index.questieCommit,"""cac1eff815923f896d082764d023cf812454a023""","""9d39232dab48e35811a7cc02473c2f4e42b62ab6""",commit,QuestieDB,9d39232dab48e35811a7cc02473c2f4e42b62ab6,,conflicts with existing value; no direct ATT field mapped
91723,Delicate Instruments,12,detail.questie.commit,"""cac1eff815923f896d082764d023cf812454a023""","""9d39232dab48e35811a7cc02473c2f4e42b62ab6""",commit,QuestieDB,9d39232dab48e35811a7cc02473c2f4e42b62ab6,,no direct ATT field mapped
91723,Delicate Instruments,12,detail.questie.fields.objectives,[],"[[{""1"":476,""3"":0}]]",objectives,QuestieDB,9d39232dab48e35811a7cc02473c2f4e42b62ab6,,no direct ATT field mapped
91723,Delicate Instruments,12,index.questieCommit,"""cac1eff815923f896d082764d023cf812454a023""","""9d39232dab48e35811a7cc02473c2f4e42b62ab6""",commit,QuestieDB,9d39232dab48e35811a7cc02473c2f4e42b62ab6,,conflicts with existing value; no direct ATT field mapped
91724,Delicate Instruments,12,detail.questie.commit,"""cac1eff815923f896d082764d023cf812454a023""","""9d39232dab48e35811a7cc02473c2f4e42b62ab6""",commit,QuestieDB,9d39232dab48e35811a7cc02473c2f4e42b62ab6,,no direct ATT field mapped
91724,Delicate Instruments,12,detail.questie.fields.objectives,[],"[[{""1"":474,""3"":0}]]",objectives,QuestieDB,9d39232dab48e35811a7cc02473c2f4e42b62ab6,,no direct ATT field mapped
91724,Delicate Instruments,12,index.questieCommit,"""cac1eff815923f896d082764d023cf812454a023""","""9d39232dab48e35811a7cc02473c2f4e42b62ab6""",commit,QuestieDB,9d39232dab48e35811a7cc02473c2f4e42b62ab6,,conflicts with existing value; no direct ATT field mapped
91725,Stolen Enchanting Supplies,12,detail.questie.commit,"""cac1eff815923f896d082764d023cf812454a023""","""9d39232dab48e35811a7cc02473c2f4e42b62ab6""",commit,QuestieDB,9d39232dab48e35811a7cc02473c2f4e42b62ab6,,no direct ATT field mapped
91725,Stolen Enchanting Supplies,12,detail.questie.fields.objectives,[],"{""3"":[{""1"":247805,""3"":0}]}",objectives,QuestieDB,9d39232dab48e35811a7cc02473c2f4e42b62ab6,,no direct ATT field mapped
91725,Stolen Enchanting Supplies,12,index.questieCommit,"""cac1eff815923f896d082764d023cf812454a023""","""9d39232dab48e35811a7cc02473c2f4e42b62ab6""",commit,QuestieDB,9d39232dab48e35811a7cc02473c2f4e42b62ab6,,conflicts with existing value; no direct ATT field mapped
91732,Good Steel,12,detail.questie.commit,"""cac1eff815923f896d082764d023cf812454a023""","""9d39232dab48e35811a7cc02473c2f4e42b62ab6""",commit,QuestieDB,9d39232dab48e35811a7cc02473c2f4e42b62ab6,,no direct ATT field mapped
91732,Good Steel,12,detail.questie.fields.objectives,[],"{""3"":[{""1"":247816,""3"":0}]}",objectives,QuestieDB,9d39232dab48e35811a7cc02473c2f4e42b62ab6,,no direct ATT field mapped
91732,Good Steel,12,index.questieCommit,"""cac1eff815923f896d082764d023cf812454a023""","""9d39232dab48e35811a7cc02473c2f4e42b62ab6""",commit,QuestieDB,9d39232dab48e35811a7cc02473c2f4e42b62ab6,,conflicts with existing value; no direct ATT field mapped
91733,Downstream,12,detail.questie.commit,"""cac1eff815923f896d082764d023cf812454a023""","""9d39232dab48e35811a7cc02473c2f4e42b62ab6""",commit,QuestieDB,9d39232dab48e35811a7cc02473c2f4e42b62ab6,,no direct ATT field mapped
91733,Downstream,12,detail.questie.fields.objectives,[],"{""3"":[{""1"":247817,""3"":0},{""1"":247813,""3"":0},{""1"":247818,""3"":0}]}",objectives,QuestieDB,9d39232dab48e35811a7cc02473c2f4e42b62ab6,,no direct ATT field mapped
91733,Downstream,12,index.questieCommit,"""cac1eff815923f896d082764d023cf812454a023""","""9d39232dab48e35811a7cc02473c2f4e42b62ab6""",commit,QuestieDB,9d39232dab48e35811a7cc02473c2f4e42b62ab6,,conflicts with existing value; no direct ATT field mapped
91736,Applejack Still,12,detail.questie.commit,"""cac1eff815923f896d082764d023cf812454a023""","""9d39232dab48e35811a7cc02473c2f4e42b62ab6""",commit,QuestieDB,9d39232dab48e35811a7cc02473c2f4e42b62ab6,,no direct ATT field mapped
91736,Applejack Still,12,detail.questie.fields.objectives,[],"{""3"":[{""1"":4536,""3"":0}]}",objectives,QuestieDB,9d39232dab48e35811a7cc02473c2f4e42b62ab6,,no direct ATT field mapped
91736,Applejack Still,12,index.questieCommit,"""cac1eff815923f896d082764d023cf812454a023""","""9d39232dab48e35811a7cc02473c2f4e42b62ab6""",commit,QuestieDB,9d39232dab48e35811a7cc02473c2f4e42b62ab6,,conflicts with existing value; no direct ATT field mapped
91738,An Apple Treat,12,detail.questie.commit,"""cac1eff815923f896d082764d023cf812454a023""","""9d39232dab48e35811a7cc02473c2f4e42b62ab6""",commit,QuestieDB,9d39232dab48e35811a7cc02473c2f4e42b62ab6,,no direct ATT field mapped
91738,An Apple Treat,12,detail.questie.fields.objectives,[],"{""3"":[{""1"":247824,""3"":0}]}",objectives,QuestieDB,9d39232dab48e35811a7cc02473c2f4e42b62ab6,,no direct ATT field mapped
91738,An Apple Treat,12,index.questieCommit,"""cac1eff815923f896d082764d023cf812454a023""","""9d39232dab48e35811a7cc02473c2f4e42b62ab6""",commit,QuestieDB,9d39232dab48e35811a7cc02473c2f4e42b62ab6,,conflicts with existing value; no direct ATT field mapped
91740,Croaky's Head,12,detail.questie.commit,"""cac1eff815923f896d082764d023cf812454a023""","""9d39232dab48e35811a7cc02473c2f4e42b62ab6""",commit,QuestieDB,9d39232dab48e35811a7cc02473c2f4e42b62ab6,,no direct ATT field mapped
91740,Croaky's Head,12,detail.questie.fields.sourceItemId,0,247826,sourceItemId,QuestieDB,9d39232dab48e35811a7cc02473c2f4e42b62ab6,,no direct ATT field mapped
91740,Croaky's Head,12,index.questieCommit,"""cac1eff815923f896d082764d023cf812454a023""","""9d39232dab48e35811a7cc02473c2f4e42b62ab6""",commit,QuestieDB,9d39232dab48e35811a7cc02473c2f4e42b62ab6,,conflicts with existing value; no direct ATT field mapped
91741,Nibbled-On Book,12,detail.questie.commit,"""cac1eff815923f896d082764d023cf812454a023""","""9d39232dab48e35811a7cc02473c2f4e42b62ab6""",commit,QuestieDB,9d39232dab48e35811a7cc02473c2f4e42b62ab6,,no direct ATT field mapped
91741,Nibbled-On Book,12,detail.questie.fields.sourceItemId,0,247857,sourceItemId,QuestieDB,9d39232dab48e35811a7cc02473c2f4e42b62ab6,,no direct ATT field mapped
91741,Nibbled-On Book,12,index.questieCommit,"""cac1eff815923f896d082764d023cf812454a023""","""9d39232dab48e35811a7cc02473c2f4e42b62ab6""",commit,QuestieDB,9d39232dab48e35811a7cc02473c2f4e42b62ab6,,conflicts with existing value; no direct ATT field mapped
91743,Rascally Rodents,12,detail.questie.commit,"""cac1eff815923f896d082764d023cf812454a023""","""9d39232dab48e35811a7cc02473c2f4e42b62ab6""",commit,QuestieDB,9d39232dab48e35811a7cc02473c2f4e42b62ab6,,no direct ATT field mapped
91743,Rascally Rodents,12,detail.questie.fields.objectives,[],"{""3"":[{""1"":247839,""3"":0}]}",objectives,QuestieDB,9d39232dab48e35811a7cc02473c2f4e42b62ab6,,no direct ATT field mapped
91743,Rascally Rodents,12,index.questieCommit,"""cac1eff815923f896d082764d023cf812454a023""","""9d39232dab48e35811a7cc02473c2f4e42b62ab6""",commit,QuestieDB,9d39232dab48e35811a7cc02473c2f4e42b62ab6,,conflicts with existing value; no direct ATT field mapped
91745,Mining Consultant,12,detail.questie.commit,"""cac1eff815923f896d082764d023cf812454a023""","""9d39232dab48e35811a7cc02473c2f4e42b62ab6""",commit,QuestieDB,9d39232dab48e35811a7cc02473c2f4e42b62ab6,,no direct ATT field mapped
91745,Mining Consultant,12,index.questieCommit,"""cac1eff815923f896d082764d023cf812454a023""","""9d39232dab48e35811a7cc02473c2f4e42b62ab6""",commit,QuestieDB,9d39232dab48e35811a7cc02473c2f4e42b62ab6,,conflicts with existing value; no direct ATT field mapped
91746,Elmpaw's Head,12,detail.questie.commit,"""cac1eff815923f896d082764d023cf812454a023""","""9d39232dab48e35811a7cc02473c2f4e42b62ab6""",commit,QuestieDB,9d39232dab48e35811a7cc02473c2f4e42b62ab6,,no direct ATT field mapped
91746,Elmpaw's Head,12,detail.questie.fields.sourceItemId,0,247862,sourceItemId,QuestieDB,9d39232dab48e35811a7cc02473c2f4e42b62ab6,,no direct ATT field mapped
91746,Elmpaw's Head,12,index.questieCommit,"""cac1eff815923f896d082764d023cf812454a023""","""9d39232dab48e35811a7cc02473c2f4e42b62ab6""",commit,QuestieDB,9d39232dab48e35811a7cc02473c2f4e42b62ab6,,conflicts with existing value; no direct ATT field mapped
91751,Rough Wolf Pelts,12,detail.questie.commit,"""cac1eff815923f896d082764d023cf812454a023""","""9d39232dab48e35811a7cc02473c2f4e42b62ab6""",commit,QuestieDB,9d39232dab48e35811a7cc02473c2f4e42b62ab6,,no direct ATT field mapped
91751,Rough Wolf Pelts,12,detail.questie.fields.objectives,[],"{""3"":[{""1"":247877,""3"":0}]}",objectives,QuestieDB,9d39232dab48e35811a7cc02473c2f4e42b62ab6,,no direct ATT field mapped
91751,Rough Wolf Pelts,12,index.questieCommit,"""cac1eff815923f896d082764d023cf812454a023""","""9d39232dab48e35811a7cc02473c2f4e42b62ab6""",commit,QuestieDB,9d39232dab48e35811a7cc02473c2f4e42b62ab6,,conflicts with existing value; no direct ATT field mapped
91752,The Big Picture,12,detail.questie.commit,"""cac1eff815923f896d082764d023cf812454a023""","""9d39232dab48e35811a7cc02473c2f4e42b62ab6""",commit,QuestieDB,9d39232dab48e35811a7cc02473c2f4e42b62ab6,,no direct ATT field mapped
91752,The Big Picture,12,detail.questie.fields.objectives,[],"{""3"":[{""1"":247886,""3"":0}]}",objectives,QuestieDB,9d39232dab48e35811a7cc02473c2f4e42b62ab6,,no direct ATT field mapped
91752,The Big Picture,12,index.questieCommit,"""cac1eff815923f896d082764d023cf812454a023""","""9d39232dab48e35811a7cc02473c2f4e42b62ab6""",commit,QuestieDB,9d39232dab48e35811a7cc02473c2f4e42b62ab6,,conflicts with existing value; no direct ATT field mapped
91753,An Enchanting Lesson,12,detail.questie.commit,"""cac1eff815923f896d082764d023cf812454a023""","""9d39232dab48e35811a7cc02473c2f4e42b62ab6""",commit,QuestieDB,9d39232dab48e35811a7cc02473c2f4e42b62ab6,,no direct ATT field mapped
91753,An Enchanting Lesson,12,detail.questie.fields.objectives,[],"{""3"":[{""1"":247884,""3"":0}]}",objectives,QuestieDB,9d39232dab48e35811a7cc02473c2f4e42b62ab6,,no direct ATT field mapped
91753,An Enchanting Lesson,12,index.questieCommit,"""cac1eff815923f896d082764d023cf812454a023""","""9d39232dab48e35811a7cc02473c2f4e42b62ab6""",commit,QuestieDB,9d39232dab48e35811a7cc02473c2f4e42b62ab6,,conflicts with existing value; no direct ATT field mapped
91758,Follow That Kobold!,12,detail.questie.commit,"""cac1eff815923f896d082764d023cf812454a023""","""9d39232dab48e35811a7cc02473c2f4e42b62ab6""",commit,QuestieDB,9d39232dab48e35811a7cc02473c2f4e42b62ab6,,no direct ATT field mapped
91758,Follow That Kobold!,12,index.questieCommit,"""cac1eff815923f896d082764d023cf812454a023""","""9d39232dab48e35811a7cc02473c2f4e42b62ab6""",commit,QuestieDB,9d39232dab48e35811a7cc02473c2f4e42b62ab6,,conflicts with existing value; no direct ATT field mapped
91772,Shhh! We're Hunting Kobolds,12,detail.questie.commit,"""cac1eff815923f896d082764d023cf812454a023""","""9d39232dab48e35811a7cc02473c2f4e42b62ab6""",commit,QuestieDB,9d39232dab48e35811a7cc02473c2f4e42b62ab6,,no direct ATT field mapped
91772,Shhh! We're Hunting Kobolds,12,detail.questie.fields.sourceItemId,0,247970,sourceItemId,QuestieDB,9d39232dab48e35811a7cc02473c2f4e42b62ab6,,no direct ATT field mapped
91772,Shhh! We're Hunting Kobolds,12,index.questieCommit,"""cac1eff815923f896d082764d023cf812454a023""","""9d39232dab48e35811a7cc02473c2f4e42b62ab6""",commit,QuestieDB,9d39232dab48e35811a7cc02473c2f4e42b62ab6,,conflicts with existing value; no direct ATT field mapped
91775,Book Return,12,detail.questie.commit,"""cac1eff815923f896d082764d023cf812454a023""","""9d39232dab48e35811a7cc02473c2f4e42b62ab6""",commit,QuestieDB,9d39232dab48e35811a7cc02473c2f4e42b62ab6,,no direct ATT field mapped
91775,Book Return,12,detail.questie.fields.objectives,[],"{""3"":[{""1"":248002,""3"":0},{""1"":248001,""3"":0}]}",objectives,QuestieDB,9d39232dab48e35811a7cc02473c2f4e42b62ab6,,no direct ATT field mapped
91775,Book Return,12,detail.questie.fields.sourceItemId,0,279935,sourceItemId,QuestieDB,9d39232dab48e35811a7cc02473c2f4e42b62ab6,,no direct ATT field mapped
91775,Book Return,12,index.questieCommit,"""cac1eff815923f896d082764d023cf812454a023""","""9d39232dab48e35811a7cc02473c2f4e42b62ab6""",commit,QuestieDB,9d39232dab48e35811a7cc02473c2f4e42b62ab6,,conflicts with existing value; no direct ATT field mapped
91777,Rare Books,12,detail.questie.commit,"""cac1eff815923f896d082764d023cf812454a023""","""9d39232dab48e35811a7cc02473c2f4e42b62ab6""",commit,QuestieDB,9d39232dab48e35811a7cc02473c2f4e42b62ab6,,no direct ATT field mapped
91777,Rare Books,12,detail.questie.fields.objectives,[],"{""3"":[{""1"":248003,""3"":0},{""1"":248004,""3"":0}]}",objectives,QuestieDB,9d39232dab48e35811a7cc02473c2f4e42b62ab6,,no direct ATT field mapped
91777,Rare Books,12,index.questieCommit,"""cac1eff815923f896d082764d023cf812454a023""","""9d39232dab48e35811a7cc02473c2f4e42b62ab6""",commit,QuestieDB,9d39232dab48e35811a7cc02473c2f4e42b62ab6,,conflicts with existing value; no direct ATT field mapped
91858,Diplomatic Incident,-141,detail.questie.commit,"""cac1eff815923f896d082764d023cf812454a023""","""9d39232dab48e35811a7cc02473c2f4e42b62ab6""",commit,QuestieDB,9d39232dab48e35811a7cc02473c2f4e42b62ab6,,no direct ATT field mapped
91858,Diplomatic Incident,-141,index.questieCommit,"""cac1eff815923f896d082764d023cf812454a023""","""9d39232dab48e35811a7cc02473c2f4e42b62ab6""",commit,QuestieDB,9d39232dab48e35811a7cc02473c2f4e42b62ab6,,conflicts with existing value; no direct ATT field mapped
91859,A Curious Pair,-141,detail.questie.commit,"""cac1eff815923f896d082764d023cf812454a023""","""9d39232dab48e35811a7cc02473c2f4e42b62ab6""",commit,QuestieDB,9d39232dab48e35811a7cc02473c2f4e42b62ab6,,no direct ATT field mapped
91859,A Curious Pair,-141,index.questieCommit,"""cac1eff815923f896d082764d023cf812454a023""","""9d39232dab48e35811a7cc02473c2f4e42b62ab6""",commit,QuestieDB,9d39232dab48e35811a7cc02473c2f4e42b62ab6,,conflicts with existing value; no direct ATT field mapped
91860,A Grim Fate,-141,detail.questie.commit,"""cac1eff815923f896d082764d023cf812454a023""","""9d39232dab48e35811a7cc02473c2f4e42b62ab6""",commit,QuestieDB,9d39232dab48e35811a7cc02473c2f4e42b62ab6,,no direct ATT field mapped
91860,A Grim Fate,-141,index.questieCommit,"""cac1eff815923f896d082764d023cf812454a023""","""9d39232dab48e35811a7cc02473c2f4e42b62ab6""",commit,QuestieDB,9d39232dab48e35811a7cc02473c2f4e42b62ab6,,conflicts with existing value; no direct ATT field mapped
91861,Into Fenris Keep,-141,detail.questie.commit,"""cac1eff815923f896d082764d023cf812454a023""","""9d39232dab48e35811a7cc02473c2f4e42b62ab6""",commit,QuestieDB,9d39232dab48e35811a7cc02473c2f4e42b62ab6,,no direct ATT field mapped
91861,Into Fenris Keep,-141,index.questieCommit,"""cac1eff815923f896d082764d023cf812454a023""","""9d39232dab48e35811a7cc02473c2f4e42b62ab6""",commit,QuestieDB,9d39232dab48e35811a7cc02473c2f4e42b62ab6,,conflicts with existing value; no direct ATT field mapped
91862,Lumina Windsinger,-141,detail.questie.commit,"""cac1eff815923f896d082764d023cf812454a023""","""9d39232dab48e35811a7cc02473c2f4e42b62ab6""",commit,QuestieDB,9d39232dab48e35811a7cc02473c2f4e42b62ab6,,no direct ATT field mapped
91862,Lumina Windsinger,-141,detail.questie.fields.objectives,[],"{""3"":[{""1"":267412,""3"":0}]}",objectives,QuestieDB,9d39232dab48e35811a7cc02473c2f4e42b62ab6,,no direct ATT field mapped
91862,Lumina Windsinger,-141,index.questieCommit,"""cac1eff815923f896d082764d023cf812454a023""","""9d39232dab48e35811a7cc02473c2f4e42b62ab6""",commit,QuestieDB,9d39232dab48e35811a7cc02473c2f4e42b62ab6,,conflicts with existing value; no direct ATT field mapped
91899,A Sealed Crate,0,detail.questie.commit,"""cac1eff815923f896d082764d023cf812454a023""","""9d39232dab48e35811a7cc02473c2f4e42b62ab6""",commit,QuestieDB,9d39232dab48e35811a7cc02473c2f4e42b62ab6,,no direct ATT field mapped
91899,A Sealed Crate,0,detail.questie.fields.objectives,[],"{""3"":[{""1"":248765,""3"":0}]}",objectives,QuestieDB,9d39232dab48e35811a7cc02473c2f4e42b62ab6,,no direct ATT field mapped
91899,A Sealed Crate,0,index.questieCommit,"""cac1eff815923f896d082764d023cf812454a023""","""9d39232dab48e35811a7cc02473c2f4e42b62ab6""",commit,QuestieDB,9d39232dab48e35811a7cc02473c2f4e42b62ab6,,conflicts with existing value; no direct ATT field mapped
91900,A Sealed Crate,0,detail.questie.commit,"""cac1eff815923f896d082764d023cf812454a023""","""9d39232dab48e35811a7cc02473c2f4e42b62ab6""",commit,QuestieDB,9d39232dab48e35811a7cc02473c2f4e42b62ab6,,no direct ATT field mapped
91900,A Sealed Crate,0,detail.questie.fields.objectives,[],"{""3"":[{""1"":248766,""3"":0}]}",objectives,QuestieDB,9d39232dab48e35811a7cc02473c2f4e42b62ab6,,no direct ATT field mapped
91900,A Sealed Crate,0,index.questieCommit,"""cac1eff815923f896d082764d023cf812454a023""","""9d39232dab48e35811a7cc02473c2f4e42b62ab6""",commit,QuestieDB,9d39232dab48e35811a7cc02473c2f4e42b62ab6,,conflicts with existing value; no direct ATT field mapped
91904,A Sealed Crate,0,detail.questie.commit,"""cac1eff815923f896d082764d023cf812454a023""","""9d39232dab48e35811a7cc02473c2f4e42b62ab6""",commit,QuestieDB,9d39232dab48e35811a7cc02473c2f4e42b62ab6,,no direct ATT field mapped
91904,A Sealed Crate,0,detail.questie.fields.objectives,[],"{""3"":[{""1"":248770,""3"":0}]}",objectives,QuestieDB,9d39232dab48e35811a7cc02473c2f4e42b62ab6,,no direct ATT field mapped
91904,A Sealed Crate,0,index.questieCommit,"""cac1eff815923f896d082764d023cf812454a023""","""9d39232dab48e35811a7cc02473c2f4e42b62ab6""",commit,QuestieDB,9d39232dab48e35811a7cc02473c2f4e42b62ab6,,conflicts with existing value; no direct ATT field mapped
91905,A Sealed Crate,0,detail.questie.commit,"""cac1eff815923f896d082764d023cf812454a023""","""9d39232dab48e35811a7cc02473c2f4e42b62ab6""",commit,QuestieDB,9d39232dab48e35811a7cc02473c2f4e42b62ab6,,no direct ATT field mapped
91905,A Sealed Crate,0,detail.questie.fields.objectives,[],"{""3"":[{""1"":248771,""3"":0}]}",objectives,QuestieDB,9d39232dab48e35811a7cc02473c2f4e42b62ab6,,no direct ATT field mapped
91905,A Sealed Crate,0,index.questieCommit,"""cac1eff815923f896d082764d023cf812454a023""","""9d39232dab48e35811a7cc02473c2f4e42b62ab6""",commit,QuestieDB,9d39232dab48e35811a7cc02473c2f4e42b62ab6,,conflicts with existing value; no direct ATT field mapped
91920,Wild Eyes,130,detail.questie.commit,"""cac1eff815923f896d082764d023cf812454a023""","""9d39232dab48e35811a7cc02473c2f4e42b62ab6""",commit,QuestieDB,9d39232dab48e35811a7cc02473c2f4e42b62ab6,,no direct ATT field mapped
91920,Wild Eyes,130,detail.questie.fields.objectives,[],"{""3"":[{""1"":730,""3"":0}]}",objectives,QuestieDB,9d39232dab48e35811a7cc02473c2f4e42b62ab6,,no direct ATT field mapped
91920,Wild Eyes,130,index.questieCommit,"""cac1eff815923f896d082764d023cf812454a023""","""9d39232dab48e35811a7cc02473c2f4e42b62ab6""",commit,QuestieDB,9d39232dab48e35811a7cc02473c2f4e42b62ab6,,conflicts with existing value; no direct ATT field mapped
91921,Return to Quinn (Again),130,detail.questie.commit,"""cac1eff815923f896d082764d023cf812454a023""","""9d39232dab48e35811a7cc02473c2f4e42b62ab6""",commit,QuestieDB,9d39232dab48e35811a7cc02473c2f4e42b62ab6,,no direct ATT field mapped
91921,Return to Quinn (Again),130,detail.questie.fields.sourceItemId,0,248930,sourceItemId,QuestieDB,9d39232dab48e35811a7cc02473c2f4e42b62ab6,,no direct ATT field mapped
91921,Return to Quinn (Again),130,index.questieCommit,"""cac1eff815923f896d082764d023cf812454a023""","""9d39232dab48e35811a7cc02473c2f4e42b62ab6""",commit,QuestieDB,9d39232dab48e35811a7cc02473c2f4e42b62ab6,,conflicts with existing value; no direct ATT field mapped
92109,My First Alchemy Set,40,detail.questie.commit,"""cac1eff815923f896d082764d023cf812454a023""","""9d39232dab48e35811a7cc02473c2f4e42b62ab6""",commit,QuestieDB,9d39232dab48e35811a7cc02473c2f4e42b62ab6,,no direct ATT field mapped
92109,My First Alchemy Set,40,detail.questie.fields.objectives,[],"{""3"":[{""1"":3371,""3"":0},{""1"":2447,""3"":0},{""1"":765,""3"":0}]}",objectives,QuestieDB,9d39232dab48e35811a7cc02473c2f4e42b62ab6,,no direct ATT field mapped
92109,My First Alchemy Set,40,index.questieCommit,"""cac1eff815923f896d082764d023cf812454a023""","""9d39232dab48e35811a7cc02473c2f4e42b62ab6""",commit,QuestieDB,9d39232dab48e35811a7cc02473c2f4e42b62ab6,,conflicts with existing value; no direct ATT field mapped
92110,My First Real Potion,40,detail.questie.commit,"""cac1eff815923f896d082764d023cf812454a023""","""9d39232dab48e35811a7cc02473c2f4e42b62ab6""",commit,QuestieDB,9d39232dab48e35811a7cc02473c2f4e42b62ab6,,no direct ATT field mapped
92110,My First Real Potion,40,detail.questie.fields.objectives,[],"{""3"":[{""1"":730,""3"":0}]}",objectives,QuestieDB,9d39232dab48e35811a7cc02473c2f4e42b62ab6,,no direct ATT field mapped
92110,My First Real Potion,40,index.questieCommit,"""cac1eff815923f896d082764d023cf812454a023""","""9d39232dab48e35811a7cc02473c2f4e42b62ab6""",commit,QuestieDB,9d39232dab48e35811a7cc02473c2f4e42b62ab6,,conflicts with existing value; no direct ATT field mapped
92124,Book Inventory,12,detail.questie.commit,"""cac1eff815923f896d082764d023cf812454a023""","""9d39232dab48e35811a7cc02473c2f4e42b62ab6""",commit,QuestieDB,9d39232dab48e35811a7cc02473c2f4e42b62ab6,,no direct ATT field mapped
92124,Book Inventory,12,index.questieCommit,"""cac1eff815923f896d082764d023cf812454a023""","""9d39232dab48e35811a7cc02473c2f4e42b62ab6""",commit,QuestieDB,9d39232dab48e35811a7cc02473c2f4e42b62ab6,,conflicts with existing value; no direct ATT field mapped
92401,A Frightened Request,1497,detail.questie.commit,"""cac1eff815923f896d082764d023cf812454a023""","""9d39232dab48e35811a7cc02473c2f4e42b62ab6""",commit,QuestieDB,9d39232dab48e35811a7cc02473c2f4e42b62ab6,,no direct ATT field mapped
92401,A Frightened Request,1497,index.questieCommit,"""cac1eff815923f896d082764d023cf812454a023""","""9d39232dab48e35811a7cc02473c2f4e42b62ab6""",commit,QuestieDB,9d39232dab48e35811a7cc02473c2f4e42b62ab6,,conflicts with existing value; no direct ATT field mapped
92415,Remember That I Love You,16611,detail.questie.commit,"""cac1eff815923f896d082764d023cf812454a023""","""9d39232dab48e35811a7cc02473c2f4e42b62ab6""",commit,QuestieDB,9d39232dab48e35811a7cc02473c2f4e42b62ab6,,no direct ATT field mapped
92415,Remember That I Love You,16611,detail.questie.fields.sourceItemId,0,251522,sourceItemId,QuestieDB,9d39232dab48e35811a7cc02473c2f4e42b62ab6,,no direct ATT field mapped
92415,Remember That I Love You,16611,index.questieCommit,"""cac1eff815923f896d082764d023cf812454a023""","""9d39232dab48e35811a7cc02473c2f4e42b62ab6""",commit,QuestieDB,9d39232dab48e35811a7cc02473c2f4e42b62ab6,,conflicts with existing value; no direct ATT field mapped
92421,Light's Justice,16611,detail.questie.commit,"""cac1eff815923f896d082764d023cf812454a023""","""9d39232dab48e35811a7cc02473c2f4e42b62ab6""",commit,QuestieDB,9d39232dab48e35811a7cc02473c2f4e42b62ab6,,no direct ATT field mapped
92421,Light's Justice,16611,detail.questie.fields.objectives,[],"{""3"":[{""1"":268580,""3"":0}]}",objectives,QuestieDB,9d39232dab48e35811a7cc02473c2f4e42b62ab6,,no direct ATT field mapped
92421,Light's Justice,16611,index.questieCommit,"""cac1eff815923f896d082764d023cf812454a023""","""9d39232dab48e35811a7cc02473c2f4e42b62ab6""",commit,QuestieDB,9d39232dab48e35811a7cc02473c2f4e42b62ab6,,conflicts with existing value; no direct ATT field mapped
92422,The Wrath of Rath'mael,16611,detail.questie.commit,"""cac1eff815923f896d082764d023cf812454a023""","""9d39232dab48e35811a7cc02473c2f4e42b62ab6""",commit,QuestieDB,9d39232dab48e35811a7cc02473c2f4e42b62ab6,,no direct ATT field mapped
92422,The Wrath of Rath'mael,16611,detail.questie.fields.objectives,[],"[[{""1"":250657,""3"":0}]]",objectives,QuestieDB,9d39232dab48e35811a7cc02473c2f4e42b62ab6,,no direct ATT field mapped
92422,The Wrath of Rath'mael,16611,index.questieCommit,"""cac1eff815923f896d082764d023cf812454a023""","""9d39232dab48e35811a7cc02473c2f4e42b62ab6""",commit,QuestieDB,9d39232dab48e35811a7cc02473c2f4e42b62ab6,,conflicts with existing value; no direct ATT field mapped
92460,Coming of Age,16593,detail.questie.commit,"""cac1eff815923f896d082764d023cf812454a023""","""9d39232dab48e35811a7cc02473c2f4e42b62ab6""",commit,QuestieDB,9d39232dab48e35811a7cc02473c2f4e42b62ab6,,no direct ATT field mapped
92460,Coming of Age,16593,detail.questie.fields.requiredRaces,12884901888,0,requiredRaces,QuestieDB,9d39232dab48e35811a7cc02473c2f4e42b62ab6,races,
92460,Coming of Age,16593,index.questieCommit,"""cac1eff815923f896d082764d023cf812454a023""","""9d39232dab48e35811a7cc02473c2f4e42b62ab6""",commit,QuestieDB,9d39232dab48e35811a7cc02473c2f4e42b62ab6,,conflicts with existing value; no direct ATT field mapped
92461,Harmony in Balance,16593,detail.questie.commit,"""cac1eff815923f896d082764d023cf812454a023""","""9d39232dab48e35811a7cc02473c2f4e42b62ab6""",commit,QuestieDB,9d39232dab48e35811a7cc02473c2f4e42b62ab6,,no direct ATT field mapped
92461,Harmony in Balance,16593,detail.questie.fields.objectives,[],"[[{""1"":250873,""3"":0}]]",objectives,QuestieDB,9d39232dab48e35811a7cc02473c2f4e42b62ab6,,no direct ATT field mapped
92461,Harmony in Balance,16593,index.questieCommit,"""cac1eff815923f896d082764d023cf812454a023""","""9d39232dab48e35811a7cc02473c2f4e42b62ab6""",commit,QuestieDB,9d39232dab48e35811a7cc02473c2f4e42b62ab6,,conflicts with existing value; no direct ATT field mapped
92462,Infestation Investigation,16593,detail.questie.commit,"""cac1eff815923f896d082764d023cf812454a023""","""9d39232dab48e35811a7cc02473c2f4e42b62ab6""",commit,QuestieDB,9d39232dab48e35811a7cc02473c2f4e42b62ab6,,no direct ATT field mapped
92462,Infestation Investigation,16593,detail.questie.fields.objectives,[],"[[{""1"":251169,""3"":0}]]",objectives,QuestieDB,9d39232dab48e35811a7cc02473c2f4e42b62ab6,,no direct ATT field mapped
92462,Infestation Investigation,16593,index.questieCommit,"""cac1eff815923f896d082764d023cf812454a023""","""9d39232dab48e35811a7cc02473c2f4e42b62ab6""",commit,QuestieDB,9d39232dab48e35811a7cc02473c2f4e42b62ab6,,conflicts with existing value; no direct ATT field mapped
92463,The Cirrusfly Queen,16593,detail.questie.commit,"""cac1eff815923f896d082764d023cf812454a023""","""9d39232dab48e35811a7cc02473c2f4e42b62ab6""",commit,QuestieDB,9d39232dab48e35811a7cc02473c2f4e42b62ab6,,no direct ATT field mapped
92463,The Cirrusfly Queen,16593,detail.questie.fields.objectives,[],"[[{""1"":251404,""3"":0}]]",objectives,QuestieDB,9d39232dab48e35811a7cc02473c2f4e42b62ab6,,no direct ATT field mapped
92463,The Cirrusfly Queen,16593,index.questieCommit,"""cac1eff815923f896d082764d023cf812454a023""","""9d39232dab48e35811a7cc02473c2f4e42b62ab6""",commit,QuestieDB,9d39232dab48e35811a7cc02473c2f4e42b62ab6,,conflicts with existing value; no direct ATT field mapped
92464,Elemental Unrest,16593,detail.questie.commit,"""cac1eff815923f896d082764d023cf812454a023""","""9d39232dab48e35811a7cc02473c2f4e42b62ab6""",commit,QuestieDB,9d39232dab48e35811a7cc02473c2f4e42b62ab6,,no direct ATT field mapped
92464,Elemental Unrest,16593,index.questieCommit,"""cac1eff815923f896d082764d023cf812454a023""","""9d39232dab48e35811a7cc02473c2f4e42b62ab6""",commit,QuestieDB,9d39232dab48e35811a7cc02473c2f4e42b62ab6,,conflicts with existing value; no direct ATT field mapped
92465,Agitators,16593,detail.questie.commit,"""cac1eff815923f896d082764d023cf812454a023""","""9d39232dab48e35811a7cc02473c2f4e42b62ab6""",commit,QuestieDB,9d39232dab48e35811a7cc02473c2f4e42b62ab6,,no direct ATT field mapped
92465,Agitators,16593,index.questieCommit,"""cac1eff815923f896d082764d023cf812454a023""","""9d39232dab48e35811a7cc02473c2f4e42b62ab6""",commit,QuestieDB,9d39232dab48e35811a7cc02473c2f4e42b62ab6,,conflicts with existing value; no direct ATT field mapped
92466,Call of Earth,16593,detail.questie.commit,"""cac1eff815923f896d082764d023cf812454a023""","""9d39232dab48e35811a7cc02473c2f4e42b62ab6""",commit,QuestieDB,9d39232dab48e35811a7cc02473c2f4e42b62ab6,,no direct ATT field mapped
92466,Call of Earth,16593,detail.questie.fields.exclusiveTo,null,"[1516,1519]",exclusiveTo,QuestieDB,9d39232dab48e35811a7cc02473c2f4e42b62ab6,,no direct ATT field mapped
92466,Call of Earth,16593,detail.questie.fields.objectives,[],"{""3"":[{""1"":251924,""3"":0}]}",objectives,QuestieDB,9d39232dab48e35811a7cc02473c2f4e42b62ab6,,no direct ATT field mapped
92466,Call of Earth,16593,detail.questie.provenance.exclusiveTo,null,"""QuestieDB""",exclusiveTo,QuestieDB,9d39232dab48e35811a7cc02473c2f4e42b62ab6,,no direct ATT field mapped
92466,Call of Earth,16593,detail.requirements.exclusiveTo,null,"[1516,1519]",exclusiveTo,QuestieDB,9d39232dab48e35811a7cc02473c2f4e42b62ab6,,no direct ATT field mapped
92466,Call of Earth,16593,index.questieCommit,"""cac1eff815923f896d082764d023cf812454a023""","""9d39232dab48e35811a7cc02473c2f4e42b62ab6""",commit,QuestieDB,9d39232dab48e35811a7cc02473c2f4e42b62ab6,,conflicts with existing value; no direct ATT field mapped
92467,Call of Earth,16593,detail.questie.commit,"""cac1eff815923f896d082764d023cf812454a023""","""9d39232dab48e35811a7cc02473c2f4e42b62ab6""",commit,QuestieDB,9d39232dab48e35811a7cc02473c2f4e42b62ab6,,no direct ATT field mapped
92467,Call of Earth,16593,detail.questie.fields.preQuestSingle,[92466],"[1516,1519,92466]",preQuestSingle,QuestieDB,9d39232dab48e35811a7cc02473c2f4e42b62ab6,sourceQuest or sourceQuests + sourceQuestNumRequired=1,alternative prerequisites (OR)
92467,Call of Earth,16593,detail.requirements.anyOf,[92466],"[1516,1519,92466]",anyOf,QuestieDB,9d39232dab48e35811a7cc02473c2f4e42b62ab6,,conflicts with existing value; no direct ATT field mapped
92467,Call of Earth,16593,detail.requirements.preQuestSingle,[92466],"[1516,1519,92466]",preQuestSingle,QuestieDB,9d39232dab48e35811a7cc02473c2f4e42b62ab6,sourceQuest or sourceQuests + sourceQuestNumRequired=1,alternative prerequisites (OR); conflicts with existing value
92467,Call of Earth,16593,index.questieCommit,"""cac1eff815923f896d082764d023cf812454a023""","""9d39232dab48e35811a7cc02473c2f4e42b62ab6""",commit,QuestieDB,9d39232dab48e35811a7cc02473c2f4e42b62ab6,,conflicts with existing value; no direct ATT field mapped
92468,Call of Earth,16593,detail.questie.commit,"""cac1eff815923f896d082764d023cf812454a023""","""9d39232dab48e35811a7cc02473c2f4e42b62ab6""",commit,QuestieDB,9d39232dab48e35811a7cc02473c2f4e42b62ab6,,no direct ATT field mapped
92468,Call of Earth,16593,detail.questie.fields.sourceItemId,0,6656,sourceItemId,QuestieDB,9d39232dab48e35811a7cc02473c2f4e42b62ab6,,no direct ATT field mapped
92468,Call of Earth,16593,index.questieCommit,"""cac1eff815923f896d082764d023cf812454a023""","""9d39232dab48e35811a7cc02473c2f4e42b62ab6""",commit,QuestieDB,9d39232dab48e35811a7cc02473c2f4e42b62ab6,,conflicts with existing value; no direct ATT field mapped
92469,Return to Rorian,16593,detail.questie.commit,"""cac1eff815923f896d082764d023cf812454a023""","""9d39232dab48e35811a7cc02473c2f4e42b62ab6""",commit,QuestieDB,9d39232dab48e35811a7cc02473c2f4e42b62ab6,,no direct ATT field mapped
92469,Return to Rorian,16593,index.questieCommit,"""cac1eff815923f896d082764d023cf812454a023""","""9d39232dab48e35811a7cc02473c2f4e42b62ab6""",commit,QuestieDB,9d39232dab48e35811a7cc02473c2f4e42b62ab6,,conflicts with existing value; no direct ATT field mapped
92470,Foul Matriarch,16593,detail.questie.commit,"""cac1eff815923f896d082764d023cf812454a023""","""9d39232dab48e35811a7cc02473c2f4e42b62ab6""",commit,QuestieDB,9d39232dab48e35811a7cc02473c2f4e42b62ab6,,no direct ATT field mapped
92470,Foul Matriarch,16593,detail.questie.fields.objectives,[],"{""1"":[{""1"":250937,""3"":0}],""3"":[{""1"":252665,""3"":0}]}",objectives,QuestieDB,9d39232dab48e35811a7cc02473c2f4e42b62ab6,,no direct ATT field mapped
92470,Foul Matriarch,16593,index.questieCommit,"""cac1eff815923f896d082764d023cf812454a023""","""9d39232dab48e35811a7cc02473c2f4e42b62ab6""",commit,QuestieDB,9d39232dab48e35811a7cc02473c2f4e42b62ab6,,conflicts with existing value; no direct ATT field mapped
92471,Aetheen of the Gales,16593,detail.questie.commit,"""cac1eff815923f896d082764d023cf812454a023""","""9d39232dab48e35811a7cc02473c2f4e42b62ab6""",commit,QuestieDB,9d39232dab48e35811a7cc02473c2f4e42b62ab6,,no direct ATT field mapped
92471,Aetheen of the Gales,16593,index.questieCommit,"""cac1eff815923f896d082764d023cf812454a023""","""9d39232dab48e35811a7cc02473c2f4e42b62ab6""",commit,QuestieDB,9d39232dab48e35811a7cc02473c2f4e42b62ab6,,conflicts with existing value; no direct ATT field mapped
92472,The Next Step,16593,detail.questie.commit,"""cac1eff815923f896d082764d023cf812454a023""","""9d39232dab48e35811a7cc02473c2f4e42b62ab6""",commit,QuestieDB,9d39232dab48e35811a7cc02473c2f4e42b62ab6,,no direct ATT field mapped
92472,The Next Step,16593,index.questieCommit,"""cac1eff815923f896d082764d023cf812454a023""","""9d39232dab48e35811a7cc02473c2f4e42b62ab6""",commit,QuestieDB,9d39232dab48e35811a7cc02473c2f4e42b62ab6,,conflicts with existing value; no direct ATT field mapped
92473,Aggressive Encroachment,16593,detail.questie.commit,"""cac1eff815923f896d082764d023cf812454a023""","""9d39232dab48e35811a7cc02473c2f4e42b62ab6""",commit,QuestieDB,9d39232dab48e35811a7cc02473c2f4e42b62ab6,,no direct ATT field mapped
92473,Aggressive Encroachment,16593,detail.questie.fields.objectives,[],"{""3"":[{""1"":251918,""3"":0}]}",objectives,QuestieDB,9d39232dab48e35811a7cc02473c2f4e42b62ab6,,no direct ATT field mapped
92473,Aggressive Encroachment,16593,index.questieCommit,"""cac1eff815923f896d082764d023cf812454a023""","""9d39232dab48e35811a7cc02473c2f4e42b62ab6""",commit,QuestieDB,9d39232dab48e35811a7cc02473c2f4e42b62ab6,,conflicts with existing value; no direct ATT field mapped
92474,Falling With Style,16593,detail.questie.commit,"""cac1eff815923f896d082764d023cf812454a023""","""9d39232dab48e35811a7cc02473c2f4e42b62ab6""",commit,QuestieDB,9d39232dab48e35811a7cc02473c2f4e42b62ab6,,no direct ATT field mapped
92474,Falling With Style,16593,index.questieCommit,"""cac1eff815923f896d082764d023cf812454a023""","""9d39232dab48e35811a7cc02473c2f4e42b62ab6""",commit,QuestieDB,9d39232dab48e35811a7cc02473c2f4e42b62ab6,,conflicts with existing value; no direct ATT field mapped
92479,A Scribbled Letter,-81,detail.questie.commit,"""cac1eff815923f896d082764d023cf812454a023""","""9d39232dab48e35811a7cc02473c2f4e42b62ab6""",commit,QuestieDB,9d39232dab48e35811a7cc02473c2f4e42b62ab6,,no direct ATT field mapped
92479,A Scribbled Letter,-81,detail.questie.fields.sourceItemId,0,251941,sourceItemId,QuestieDB,9d39232dab48e35811a7cc02473c2f4e42b62ab6,,no direct ATT field mapped
92479,A Scribbled Letter,-81,index.questieCommit,"""cac1eff815923f896d082764d023cf812454a023""","""9d39232dab48e35811a7cc02473c2f4e42b62ab6""",commit,QuestieDB,9d39232dab48e35811a7cc02473c2f4e42b62ab6,,conflicts with existing value; no direct ATT field mapped
92481,A Student of the Arcane,-161,detail.questie.commit,"""cac1eff815923f896d082764d023cf812454a023""","""9d39232dab48e35811a7cc02473c2f4e42b62ab6""",commit,QuestieDB,9d39232dab48e35811a7cc02473c2f4e42b62ab6,,no direct ATT field mapped
92481,A Student of the Arcane,-161,detail.questie.fields.sourceItemId,0,282416,sourceItemId,QuestieDB,9d39232dab48e35811a7cc02473c2f4e42b62ab6,,no direct ATT field mapped
92481,A Student of the Arcane,-161,index.questieCommit,"""cac1eff815923f896d082764d023cf812454a023""","""9d39232dab48e35811a7cc02473c2f4e42b62ab6""",commit,QuestieDB,9d39232dab48e35811a7cc02473c2f4e42b62ab6,,conflicts with existing value; no direct ATT field mapped
92482,The Way of the Hunter,-261,detail.questie.commit,"""cac1eff815923f896d082764d023cf812454a023""","""9d39232dab48e35811a7cc02473c2f4e42b62ab6""",commit,QuestieDB,9d39232dab48e35811a7cc02473c2f4e42b62ab6,,no direct ATT field mapped
92482,The Way of the Hunter,-261,detail.questie.fields.sourceItemId,0,282421,sourceItemId,QuestieDB,9d39232dab48e35811a7cc02473c2f4e42b62ab6,,no direct ATT field mapped
92482,The Way of the Hunter,-261,index.questieCommit,"""cac1eff815923f896d082764d023cf812454a023""","""9d39232dab48e35811a7cc02473c2f4e42b62ab6""",commit,QuestieDB,9d39232dab48e35811a7cc02473c2f4e42b62ab6,,conflicts with existing value; no direct ATT field mapped
92483,At Home in the Shadows,-162,detail.questie.commit,"""cac1eff815923f896d082764d023cf812454a023""","""9d39232dab48e35811a7cc02473c2f4e42b62ab6""",commit,QuestieDB,9d39232dab48e35811a7cc02473c2f4e42b62ab6,,no direct ATT field mapped
92483,At Home in the Shadows,-162,detail.questie.fields.sourceItemId,0,282422,sourceItemId,QuestieDB,9d39232dab48e35811a7cc02473c2f4e42b62ab6,,no direct ATT field mapped
92483,At Home in the Shadows,-162,index.questieCommit,"""cac1eff815923f896d082764d023cf812454a023""","""9d39232dab48e35811a7cc02473c2f4e42b62ab6""",commit,QuestieDB,9d39232dab48e35811a7cc02473c2f4e42b62ab6,,conflicts with existing value; no direct ATT field mapped
92484,Embracing the Elements,-82,detail.questie.commit,"""cac1eff815923f896d082764d023cf812454a023""","""9d39232dab48e35811a7cc02473c2f4e42b62ab6""",commit,QuestieDB,9d39232dab48e35811a7cc02473c2f4e42b62ab6,,no direct ATT field mapped
92484,Embracing the Elements,-82,detail.questie.fields.sourceItemId,0,282418,sourceItemId,QuestieDB,9d39232dab48e35811a7cc02473c2f4e42b62ab6,,no direct ATT field mapped
92484,Embracing the Elements,-82,index.questieCommit,"""cac1eff815923f896d082764d023cf812454a023""","""9d39232dab48e35811a7cc02473c2f4e42b62ab6""",commit,QuestieDB,9d39232dab48e35811a7cc02473c2f4e42b62ab6,,conflicts with existing value; no direct ATT field mapped
92485,A Student of Nature,-263,detail.questie.commit,"""cac1eff815923f896d082764d023cf812454a023""","""9d39232dab48e35811a7cc02473c2f4e42b62ab6""",commit,QuestieDB,9d39232dab48e35811a7cc02473c2f4e42b62ab6,,no direct ATT field mapped
92485,A Student of Nature,-263,detail.questie.fields.sourceItemId,0,282420,sourceItemId,QuestieDB,9d39232dab48e35811a7cc02473c2f4e42b62ab6,,no direct ATT field mapped
92485,A Student of Nature,-263,index.questieCommit,"""cac1eff815923f896d082764d023cf812454a023""","""9d39232dab48e35811a7cc02473c2f4e42b62ab6""",commit,QuestieDB,9d39232dab48e35811a7cc02473c2f4e42b62ab6,,conflicts with existing value; no direct ATT field mapped
92514,Welcome to Shen'dar Village,16593,detail.questie.commit,"""cac1eff815923f896d082764d023cf812454a023""","""9d39232dab48e35811a7cc02473c2f4e42b62ab6""",commit,QuestieDB,9d39232dab48e35811a7cc02473c2f4e42b62ab6,,no direct ATT field mapped
92514,Welcome to Shen'dar Village,16593,index.questieCommit,"""cac1eff815923f896d082764d023cf812454a023""","""9d39232dab48e35811a7cc02473c2f4e42b62ab6""",commit,QuestieDB,9d39232dab48e35811a7cc02473c2f4e42b62ab6,,conflicts with existing value; no direct ATT field mapped
92515,The Problem With Prideclaws,16593,detail.questie.commit,"""cac1eff815923f896d082764d023cf812454a023""","""9d39232dab48e35811a7cc02473c2f4e42b62ab6""",commit,QuestieDB,9d39232dab48e35811a7cc02473c2f4e42b62ab6,,no direct ATT field mapped
92515,The Problem With Prideclaws,16593,detail.questie.fields.objectives,[],"{""3"":[{""1"":252670,""3"":0}]}",objectives,QuestieDB,9d39232dab48e35811a7cc02473c2f4e42b62ab6,,no direct ATT field mapped
92515,The Problem With Prideclaws,16593,index.questieCommit,"""cac1eff815923f896d082764d023cf812454a023""","""9d39232dab48e35811a7cc02473c2f4e42b62ab6""",commit,QuestieDB,9d39232dab48e35811a7cc02473c2f4e42b62ab6,,conflicts with existing value; no direct ATT field mapped
92516,Hippogryph Harrassment,16593,detail.questie.commit,"""cac1eff815923f896d082764d023cf812454a023""","""9d39232dab48e35811a7cc02473c2f4e42b62ab6""",commit,QuestieDB,9d39232dab48e35811a7cc02473c2f4e42b62ab6,,no direct ATT field mapped
92516,Hippogryph Harrassment,16593,index.questieCommit,"""cac1eff815923f896d082764d023cf812454a023""","""9d39232dab48e35811a7cc02473c2f4e42b62ab6""",commit,QuestieDB,9d39232dab48e35811a7cc02473c2f4e42b62ab6,,conflicts with existing value; no direct ATT field mapped
92517,The Criminal Element,16593,detail.questie.commit,"""cac1eff815923f896d082764d023cf812454a023""","""9d39232dab48e35811a7cc02473c2f4e42b62ab6""",commit,QuestieDB,9d39232dab48e35811a7cc02473c2f4e42b62ab6,,no direct ATT field mapped
92517,The Criminal Element,16593,index.questieCommit,"""cac1eff815923f896d082764d023cf812454a023""","""9d39232dab48e35811a7cc02473c2f4e42b62ab6""",commit,QuestieDB,9d39232dab48e35811a7cc02473c2f4e42b62ab6,,conflicts with existing value; no direct ATT field mapped
92528,Among the Faithful,16593,detail.questie.commit,"""cac1eff815923f896d082764d023cf812454a023""","""9d39232dab48e35811a7cc02473c2f4e42b62ab6""",commit,QuestieDB,9d39232dab48e35811a7cc02473c2f4e42b62ab6,,no direct ATT field mapped
92528,Among the Faithful,16593,index.questieCommit,"""cac1eff815923f896d082764d023cf812454a023""","""9d39232dab48e35811a7cc02473c2f4e42b62ab6""",commit,QuestieDB,9d39232dab48e35811a7cc02473c2f4e42b62ab6,,conflicts with existing value; no direct ATT field mapped
92529,Falaath Village,16593,detail.questie.commit,"""cac1eff815923f896d082764d023cf812454a023""","""9d39232dab48e35811a7cc02473c2f4e42b62ab6""",commit,QuestieDB,9d39232dab48e35811a7cc02473c2f4e42b62ab6,,no direct ATT field mapped
92529,Falaath Village,16593,index.questieCommit,"""cac1eff815923f896d082764d023cf812454a023""","""9d39232dab48e35811a7cc02473c2f4e42b62ab6""",commit,QuestieDB,9d39232dab48e35811a7cc02473c2f4e42b62ab6,,conflicts with existing value; no direct ATT field mapped
92532,The Warrior's Path,-81,detail.questie.commit,"""cac1eff815923f896d082764d023cf812454a023""","""9d39232dab48e35811a7cc02473c2f4e42b62ab6""",commit,QuestieDB,9d39232dab48e35811a7cc02473c2f4e42b62ab6,,no direct ATT field mapped
92532,The Warrior's Path,-81,detail.questie.fields.sourceItemId,0,282419,sourceItemId,QuestieDB,9d39232dab48e35811a7cc02473c2f4e42b62ab6,,no direct ATT field mapped
92532,The Warrior's Path,-81,index.questieCommit,"""cac1eff815923f896d082764d023cf812454a023""","""9d39232dab48e35811a7cc02473c2f4e42b62ab6""",commit,QuestieDB,9d39232dab48e35811a7cc02473c2f4e42b62ab6,,conflicts with existing value; no direct ATT field mapped
92544,Al'Aketh Thugs,16593,detail.questie.commit,"""cac1eff815923f896d082764d023cf812454a023""","""9d39232dab48e35811a7cc02473c2f4e42b62ab6""",commit,QuestieDB,9d39232dab48e35811a7cc02473c2f4e42b62ab6,,no direct ATT field mapped
92544,Al'Aketh Thugs,16593,index.questieCommit,"""cac1eff815923f896d082764d023cf812454a023""","""9d39232dab48e35811a7cc02473c2f4e42b62ab6""",commit,QuestieDB,9d39232dab48e35811a7cc02473c2f4e42b62ab6,,conflicts with existing value; no direct ATT field mapped
92550,Havoc in the Highlands,16593,detail.questie.commit,"""cac1eff815923f896d082764d023cf812454a023""","""9d39232dab48e35811a7cc02473c2f4e42b62ab6""",commit,QuestieDB,9d39232dab48e35811a7cc02473c2f4e42b62ab6,,no direct ATT field mapped
92550,Havoc in the Highlands,16593,index.questieCommit,"""cac1eff815923f896d082764d023cf812454a023""","""9d39232dab48e35811a7cc02473c2f4e42b62ab6""",commit,QuestieDB,9d39232dab48e35811a7cc02473c2f4e42b62ab6,,conflicts with existing value; no direct ATT field mapped
92551,Stolen Supplies,16593,detail.questie.commit,"""cac1eff815923f896d082764d023cf812454a023""","""9d39232dab48e35811a7cc02473c2f4e42b62ab6""",commit,QuestieDB,9d39232dab48e35811a7cc02473c2f4e42b62ab6,,no direct ATT field mapped
92551,Stolen Supplies,16593,detail.questie.fields.objectives,[],"{""3"":[{""1"":252760,""3"":0}]}",objectives,QuestieDB,9d39232dab48e35811a7cc02473c2f4e42b62ab6,,no direct ATT field mapped
92551,Stolen Supplies,16593,index.questieCommit,"""cac1eff815923f896d082764d023cf812454a023""","""9d39232dab48e35811a7cc02473c2f4e42b62ab6""",commit,QuestieDB,9d39232dab48e35811a7cc02473c2f4e42b62ab6,,conflicts with existing value; no direct ATT field mapped
92553,Restocking the Larders,16593,detail.questie.commit,"""cac1eff815923f896d082764d023cf812454a023""","""9d39232dab48e35811a7cc02473c2f4e42b62ab6""",commit,QuestieDB,9d39232dab48e35811a7cc02473c2f4e42b62ab6,,no direct ATT field mapped
92553,Restocking the Larders,16593,index.questieCommit,"""cac1eff815923f896d082764d023cf812454a023""","""9d39232dab48e35811a7cc02473c2f4e42b62ab6""",commit,QuestieDB,9d39232dab48e35811a7cc02473c2f4e42b62ab6,,conflicts with existing value; no direct ATT field mapped
92579,To Valanaar,16593,detail.prerequisiteQuestIds,[92550],"[92550,93927]",preQuestGroup,QuestieDB,9d39232dab48e35811a7cc02473c2f4e42b62ab6,sourceQuests (AND),grouped prerequisites (AND); conflicts with existing value
92579,To Valanaar,16593,detail.questie.commit,"""cac1eff815923f896d082764d023cf812454a023""","""9d39232dab48e35811a7cc02473c2f4e42b62ab6""",commit,QuestieDB,9d39232dab48e35811a7cc02473c2f4e42b62ab6,,no direct ATT field mapped
92579,To Valanaar,16593,detail.questie.fields.preQuestGroup,null,"[92550,93927]",preQuestGroup,QuestieDB,9d39232dab48e35811a7cc02473c2f4e42b62ab6,sourceQuests (AND),grouped prerequisites (AND)
92579,To Valanaar,16593,detail.questie.fields.sourceItemId,0,253152,sourceItemId,QuestieDB,9d39232dab48e35811a7cc02473c2f4e42b62ab6,,no direct ATT field mapped
92579,To Valanaar,16593,detail.questie.provenance.preQuestGroup,null,"""QuestieDB""",preQuestGroup,QuestieDB,9d39232dab48e35811a7cc02473c2f4e42b62ab6,sourceQuests (AND),
92579,To Valanaar,16593,detail.requirements.allOf,null,"[92550,93927]",allOf,QuestieDB,9d39232dab48e35811a7cc02473c2f4e42b62ab6,,no direct ATT field mapped
92579,To Valanaar,16593,detail.requirements.preQuestGroup,null,"[92550,93927]",preQuestGroup,QuestieDB,9d39232dab48e35811a7cc02473c2f4e42b62ab6,sourceQuests (AND),grouped prerequisites (AND)
92579,To Valanaar,16593,index.questieCommit,"""cac1eff815923f896d082764d023cf812454a023""","""9d39232dab48e35811a7cc02473c2f4e42b62ab6""",commit,QuestieDB,9d39232dab48e35811a7cc02473c2f4e42b62ab6,,conflicts with existing value; no direct ATT field mapped
92595,The Windshapers,16593,detail.questie.commit,"""cac1eff815923f896d082764d023cf812454a023""","""9d39232dab48e35811a7cc02473c2f4e42b62ab6""",commit,QuestieDB,9d39232dab48e35811a7cc02473c2f4e42b62ab6,,no direct ATT field mapped
92595,The Windshapers,16593,index.questieCommit,"""cac1eff815923f896d082764d023cf812454a023""","""9d39232dab48e35811a7cc02473c2f4e42b62ab6""",commit,QuestieDB,9d39232dab48e35811a7cc02473c2f4e42b62ab6,,conflicts with existing value; no direct ATT field mapped
92596,The High Order,16593,detail.questie.commit,"""cac1eff815923f896d082764d023cf812454a023""","""9d39232dab48e35811a7cc02473c2f4e42b62ab6""",commit,QuestieDB,9d39232dab48e35811a7cc02473c2f4e42b62ab6,,no direct ATT field mapped
92596,The High Order,16593,index.questieCommit,"""cac1eff815923f896d082764d023cf812454a023""","""9d39232dab48e35811a7cc02473c2f4e42b62ab6""",commit,QuestieDB,9d39232dab48e35811a7cc02473c2f4e42b62ab6,,conflicts with existing value; no direct ATT field mapped
92597,Reading the Ley Lines,16593,detail.prerequisiteQuestIds,[],[92461],preQuestSingle,QuestieDB,9d39232dab48e35811a7cc02473c2f4e42b62ab6,sourceQuest or sourceQuests + sourceQuestNumRequired=1,conflicts with existing value
92597,Reading the Ley Lines,16593,detail.questie.commit,"""cac1eff815923f896d082764d023cf812454a023""","""9d39232dab48e35811a7cc02473c2f4e42b62ab6""",commit,QuestieDB,9d39232dab48e35811a7cc02473c2f4e42b62ab6,,no direct ATT field mapped
92597,Reading the Ley Lines,16593,detail.questie.fields.preQuestSingle,null,[92461],preQuestSingle,QuestieDB,9d39232dab48e35811a7cc02473c2f4e42b62ab6,sourceQuest or sourceQuests + sourceQuestNumRequired=1,
92597,Reading the Ley Lines,16593,detail.questie.provenance.preQuestSingle,null,"""QuestieDB""",preQuestSingle,QuestieDB,9d39232dab48e35811a7cc02473c2f4e42b62ab6,sourceQuest or sourceQuests + sourceQuestNumRequired=1,
92597,Reading the Ley Lines,16593,detail.requirements.anyOf,null,[92461],anyOf,QuestieDB,9d39232dab48e35811a7cc02473c2f4e42b62ab6,,no direct ATT field mapped
92597,Reading the Ley Lines,16593,detail.requirements.preQuestSingle,null,[92461],preQuestSingle,QuestieDB,9d39232dab48e35811a7cc02473c2f4e42b62ab6,sourceQuest or sourceQuests + sourceQuestNumRequired=1,
92597,Reading the Ley Lines,16593,index.questieCommit,"""cac1eff815923f896d082764d023cf812454a023""","""9d39232dab48e35811a7cc02473c2f4e42b62ab6""",commit,QuestieDB,9d39232dab48e35811a7cc02473c2f4e42b62ab6,,conflicts with existing value; no direct ATT field mapped
92598,The Gift of Skysight,16593,detail.questie.commit,"""cac1eff815923f896d082764d023cf812454a023""","""9d39232dab48e35811a7cc02473c2f4e42b62ab6""",commit,QuestieDB,9d39232dab48e35811a7cc02473c2f4e42b62ab6,,no direct ATT field mapped
92598,The Gift of Skysight,16593,index.questieCommit,"""cac1eff815923f896d082764d023cf812454a023""","""9d39232dab48e35811a7cc02473c2f4e42b62ab6""",commit,QuestieDB,9d39232dab48e35811a7cc02473c2f4e42b62ab6,,conflicts with existing value; no direct ATT field mapped
92640,Desperate Times,16593,detail.questie.commit,"""cac1eff815923f896d082764d023cf812454a023""","""9d39232dab48e35811a7cc02473c2f4e42b62ab6""",commit,QuestieDB,9d39232dab48e35811a7cc02473c2f4e42b62ab6,,no direct ATT field mapped
92640,Desperate Times,16593,index.questieCommit,"""cac1eff815923f896d082764d023cf812454a023""","""9d39232dab48e35811a7cc02473c2f4e42b62ab6""",commit,QuestieDB,9d39232dab48e35811a7cc02473c2f4e42b62ab6,,conflicts with existing value; no direct ATT field mapped
92642,Disrupting Logistics,16593,detail.questie.commit,"""cac1eff815923f896d082764d023cf812454a023""","""9d39232dab48e35811a7cc02473c2f4e42b62ab6""",commit,QuestieDB,9d39232dab48e35811a7cc02473c2f4e42b62ab6,,no direct ATT field mapped
92642,Disrupting Logistics,16593,index.questieCommit,"""cac1eff815923f896d082764d023cf812454a023""","""9d39232dab48e35811a7cc02473c2f4e42b62ab6""",commit,QuestieDB,9d39232dab48e35811a7cc02473c2f4e42b62ab6,,conflicts with existing value; no direct ATT field mapped
92643,The Turncoat,16593,detail.questie.commit,"""cac1eff815923f896d082764d023cf812454a023""","""9d39232dab48e35811a7cc02473c2f4e42b62ab6""",commit,QuestieDB,9d39232dab48e35811a7cc02473c2f4e42b62ab6,,no direct ATT field mapped
92643,The Turncoat,16593,index.questieCommit,"""cac1eff815923f896d082764d023cf812454a023""","""9d39232dab48e35811a7cc02473c2f4e42b62ab6""",commit,QuestieDB,9d39232dab48e35811a7cc02473c2f4e42b62ab6,,conflicts with existing value; no direct ATT field mapped
92644,Unfortunate News,16593,detail.questie.commit,"""cac1eff815923f896d082764d023cf812454a023""","""9d39232dab48e35811a7cc02473c2f4e42b62ab6""",commit,QuestieDB,9d39232dab48e35811a7cc02473c2f4e42b62ab6,,no direct ATT field mapped
92644,Unfortunate News,16593,detail.questie.fields.sourceItemId,0,273852,sourceItemId,QuestieDB,9d39232dab48e35811a7cc02473c2f4e42b62ab6,,no direct ATT field mapped
92644,Unfortunate News,16593,index.questieCommit,"""cac1eff815923f896d082764d023cf812454a023""","""9d39232dab48e35811a7cc02473c2f4e42b62ab6""",commit,QuestieDB,9d39232dab48e35811a7cc02473c2f4e42b62ab6,,conflicts with existing value; no direct ATT field mapped
92645,Breaking the Breaker,16593,detail.questie.commit,"""cac1eff815923f896d082764d023cf812454a023""","""9d39232dab48e35811a7cc02473c2f4e42b62ab6""",commit,QuestieDB,9d39232dab48e35811a7cc02473c2f4e42b62ab6,,no direct ATT field mapped
92645,Breaking the Breaker,16593,detail.questie.fields.objectives,[],"[[{""1"":252666,""3"":0}]]",objectives,QuestieDB,9d39232dab48e35811a7cc02473c2f4e42b62ab6,,no direct ATT field mapped
92645,Breaking the Breaker,16593,index.questieCommit,"""cac1eff815923f896d082764d023cf812454a023""","""9d39232dab48e35811a7cc02473c2f4e42b62ab6""",commit,QuestieDB,9d39232dab48e35811a7cc02473c2f4e42b62ab6,,conflicts with existing value; no direct ATT field mapped
92646,Confront Lorthuna,16593,detail.questie.commit,"""cac1eff815923f896d082764d023cf812454a023""","""9d39232dab48e35811a7cc02473c2f4e42b62ab6""",commit,QuestieDB,9d39232dab48e35811a7cc02473c2f4e42b62ab6,,no direct ATT field mapped
92646,Confront Lorthuna,16593,index.questieCommit,"""cac1eff815923f896d082764d023cf812454a023""","""9d39232dab48e35811a7cc02473c2f4e42b62ab6""",commit,QuestieDB,9d39232dab48e35811a7cc02473c2f4e42b62ab6,,conflicts with existing value; no direct ATT field mapped
92679,Blood Tithe,16593,detail.questie.commit,"""cac1eff815923f896d082764d023cf812454a023""","""9d39232dab48e35811a7cc02473c2f4e42b62ab6""",commit,QuestieDB,9d39232dab48e35811a7cc02473c2f4e42b62ab6,,no direct ATT field mapped
92679,Blood Tithe,16593,index.questieCommit,"""cac1eff815923f896d082764d023cf812454a023""","""9d39232dab48e35811a7cc02473c2f4e42b62ab6""",commit,QuestieDB,9d39232dab48e35811a7cc02473c2f4e42b62ab6,,conflicts with existing value; no direct ATT field mapped
92682,Make Yourself Useful,16593,detail.questie.commit,"""cac1eff815923f896d082764d023cf812454a023""","""9d39232dab48e35811a7cc02473c2f4e42b62ab6""",commit,QuestieDB,9d39232dab48e35811a7cc02473c2f4e42b62ab6,,no direct ATT field mapped
92682,Make Yourself Useful,16593,detail.questie.fields.objectives,[],"{""1"":[{""1"":252802,""3"":0}],""3"":[{""1"":253591,""3"":0}]}",objectives,QuestieDB,9d39232dab48e35811a7cc02473c2f4e42b62ab6,,no direct ATT field mapped
92682,Make Yourself Useful,16593,index.questieCommit,"""cac1eff815923f896d082764d023cf812454a023""","""9d39232dab48e35811a7cc02473c2f4e42b62ab6""",commit,QuestieDB,9d39232dab48e35811a7cc02473c2f4e42b62ab6,,conflicts with existing value; no direct ATT field mapped
92683,Flutterfly Dust,16593,detail.questie.commit,"""cac1eff815923f896d082764d023cf812454a023""","""9d39232dab48e35811a7cc02473c2f4e42b62ab6""",commit,QuestieDB,9d39232dab48e35811a7cc02473c2f4e42b62ab6,,no direct ATT field mapped
92683,Flutterfly Dust,16593,detail.questie.fields.objectives,[],"{""3"":[{""1"":253595,""3"":0}]}",objectives,QuestieDB,9d39232dab48e35811a7cc02473c2f4e42b62ab6,,no direct ATT field mapped
92683,Flutterfly Dust,16593,index.questieCommit,"""cac1eff815923f896d082764d023cf812454a023""","""9d39232dab48e35811a7cc02473c2f4e42b62ab6""",commit,QuestieDB,9d39232dab48e35811a7cc02473c2f4e42b62ab6,,conflicts with existing value; no direct ATT field mapped
92684,Ornery Ornery Galestriders,16593,detail.questie.commit,"""cac1eff815923f896d082764d023cf812454a023""","""9d39232dab48e35811a7cc02473c2f4e42b62ab6""",commit,QuestieDB,9d39232dab48e35811a7cc02473c2f4e42b62ab6,,no direct ATT field mapped
92684,Ornery Ornery Galestriders,16593,detail.questie.fields.objectives,[],"{""3"":[{""1"":253597,""3"":0}]}",objectives,QuestieDB,9d39232dab48e35811a7cc02473c2f4e42b62ab6,,no direct ATT field mapped
92684,Ornery Ornery Galestriders,16593,index.questieCommit,"""cac1eff815923f896d082764d023cf812454a023""","""9d39232dab48e35811a7cc02473c2f4e42b62ab6""",commit,QuestieDB,9d39232dab48e35811a7cc02473c2f4e42b62ab6,,conflicts with existing value; no direct ATT field mapped
92685,The Hills Have Eyes,16593,detail.questie.commit,"""cac1eff815923f896d082764d023cf812454a023""","""9d39232dab48e35811a7cc02473c2f4e42b62ab6""",commit,QuestieDB,9d39232dab48e35811a7cc02473c2f4e42b62ab6,,no direct ATT field mapped
92685,The Hills Have Eyes,16593,detail.questie.fields.objectives,[],"{""3"":[{""1"":253596,""3"":0}]}",objectives,QuestieDB,9d39232dab48e35811a7cc02473c2f4e42b62ab6,,no direct ATT field mapped
92685,The Hills Have Eyes,16593,index.questieCommit,"""cac1eff815923f896d082764d023cf812454a023""","""9d39232dab48e35811a7cc02473c2f4e42b62ab6""",commit,QuestieDB,9d39232dab48e35811a7cc02473c2f4e42b62ab6,,conflicts with existing value; no direct ATT field mapped
92693,Standing Our Ground,16593,detail.questie.commit,"""cac1eff815923f896d082764d023cf812454a023""","""9d39232dab48e35811a7cc02473c2f4e42b62ab6""",commit,QuestieDB,9d39232dab48e35811a7cc02473c2f4e42b62ab6,,no direct ATT field mapped
92693,Standing Our Ground,16593,index.questieCommit,"""cac1eff815923f896d082764d023cf812454a023""","""9d39232dab48e35811a7cc02473c2f4e42b62ab6""",commit,QuestieDB,9d39232dab48e35811a7cc02473c2f4e42b62ab6,,conflicts with existing value; no direct ATT field mapped
92698,What Is My Purpose?,16593,detail.questie.commit,"""cac1eff815923f896d082764d023cf812454a023""","""9d39232dab48e35811a7cc02473c2f4e42b62ab6""",commit,QuestieDB,9d39232dab48e35811a7cc02473c2f4e42b62ab6,,no direct ATT field mapped
92698,What Is My Purpose?,16593,index.questieCommit,"""cac1eff815923f896d082764d023cf812454a023""","""9d39232dab48e35811a7cc02473c2f4e42b62ab6""",commit,QuestieDB,9d39232dab48e35811a7cc02473c2f4e42b62ab6,,conflicts with existing value; no direct ATT field mapped
92699,The Supreme Magister,16593,detail.questie.commit,"""cac1eff815923f896d082764d023cf812454a023""","""9d39232dab48e35811a7cc02473c2f4e42b62ab6""",commit,QuestieDB,9d39232dab48e35811a7cc02473c2f4e42b62ab6,,no direct ATT field mapped
92699,The Supreme Magister,16593,index.questieCommit,"""cac1eff815923f896d082764d023cf812454a023""","""9d39232dab48e35811a7cc02473c2f4e42b62ab6""",commit,QuestieDB,9d39232dab48e35811a7cc02473c2f4e42b62ab6,,conflicts with existing value; no direct ATT field mapped
92700,The Grand Skyseer,16593,detail.questie.commit,"""cac1eff815923f896d082764d023cf812454a023""","""9d39232dab48e35811a7cc02473c2f4e42b62ab6""",commit,QuestieDB,9d39232dab48e35811a7cc02473c2f4e42b62ab6,,no direct ATT field mapped
92700,The Grand Skyseer,16593,index.questieCommit,"""cac1eff815923f896d082764d023cf812454a023""","""9d39232dab48e35811a7cc02473c2f4e42b62ab6""",commit,QuestieDB,9d39232dab48e35811a7cc02473c2f4e42b62ab6,,conflicts with existing value; no direct ATT field mapped
92701,To Valanaar,16593,detail.prerequisiteQuestIds,[92550],"[92550,93927]",preQuestGroup,QuestieDB,9d39232dab48e35811a7cc02473c2f4e42b62ab6,sourceQuests (AND),grouped prerequisites (AND); conflicts with existing value
92701,To Valanaar,16593,detail.questie.commit,"""cac1eff815923f896d082764d023cf812454a023""","""9d39232dab48e35811a7cc02473c2f4e42b62ab6""",commit,QuestieDB,9d39232dab48e35811a7cc02473c2f4e42b62ab6,,no direct ATT field mapped
92701,To Valanaar,16593,detail.questie.fields.preQuestGroup,null,"[92550,93927]",preQuestGroup,QuestieDB,9d39232dab48e35811a7cc02473c2f4e42b62ab6,sourceQuests (AND),grouped prerequisites (AND)
92701,To Valanaar,16593,detail.questie.fields.sourceItemId,0,253152,sourceItemId,QuestieDB,9d39232dab48e35811a7cc02473c2f4e42b62ab6,,no direct ATT field mapped
92701,To Valanaar,16593,detail.questie.provenance.preQuestGroup,null,"""QuestieDB""",preQuestGroup,QuestieDB,9d39232dab48e35811a7cc02473c2f4e42b62ab6,sourceQuests (AND),
92701,To Valanaar,16593,detail.requirements.allOf,null,"[92550,93927]",allOf,QuestieDB,9d39232dab48e35811a7cc02473c2f4e42b62ab6,,no direct ATT field mapped
92701,To Valanaar,16593,detail.requirements.preQuestGroup,null,"[92550,93927]",preQuestGroup,QuestieDB,9d39232dab48e35811a7cc02473c2f4e42b62ab6,sourceQuests (AND),grouped prerequisites (AND)
92701,To Valanaar,16593,index.questieCommit,"""cac1eff815923f896d082764d023cf812454a023""","""9d39232dab48e35811a7cc02473c2f4e42b62ab6""",commit,QuestieDB,9d39232dab48e35811a7cc02473c2f4e42b62ab6,,conflicts with existing value; no direct ATT field mapped
92703,Deliver the News,16593,detail.questie.commit,"""cac1eff815923f896d082764d023cf812454a023""","""9d39232dab48e35811a7cc02473c2f4e42b62ab6""",commit,QuestieDB,9d39232dab48e35811a7cc02473c2f4e42b62ab6,,no direct ATT field mapped
92703,Deliver the News,16593,index.questieCommit,"""cac1eff815923f896d082764d023cf812454a023""","""9d39232dab48e35811a7cc02473c2f4e42b62ab6""",commit,QuestieDB,9d39232dab48e35811a7cc02473c2f4e42b62ab6,,conflicts with existing value; no direct ATT field mapped
92706,WANTED: Bruuz,17,detail.questie.commit,"""cac1eff815923f896d082764d023cf812454a023""","""9d39232dab48e35811a7cc02473c2f4e42b62ab6""",commit,QuestieDB,9d39232dab48e35811a7cc02473c2f4e42b62ab6,,no direct ATT field mapped
92706,WANTED: Bruuz,17,detail.questie.fields.objectives,[],"{""3"":[{""1"":253710,""3"":0}]}",objectives,QuestieDB,9d39232dab48e35811a7cc02473c2f4e42b62ab6,,no direct ATT field mapped
92706,WANTED: Bruuz,17,index.questieCommit,"""cac1eff815923f896d082764d023cf812454a023""","""9d39232dab48e35811a7cc02473c2f4e42b62ab6""",commit,QuestieDB,9d39232dab48e35811a7cc02473c2f4e42b62ab6,,conflicts with existing value; no direct ATT field mapped
92708,A Grand Adventure,16593,detail.questie.commit,"""cac1eff815923f896d082764d023cf812454a023""","""9d39232dab48e35811a7cc02473c2f4e42b62ab6""",commit,QuestieDB,9d39232dab48e35811a7cc02473c2f4e42b62ab6,,no direct ATT field mapped
92708,A Grand Adventure,16593,index.questieCommit,"""cac1eff815923f896d082764d023cf812454a023""","""9d39232dab48e35811a7cc02473c2f4e42b62ab6""",commit,QuestieDB,9d39232dab48e35811a7cc02473c2f4e42b62ab6,,conflicts with existing value; no direct ATT field mapped
92709,A Grand Adventure,16593,detail.questie.commit,"""cac1eff815923f896d082764d023cf812454a023""","""9d39232dab48e35811a7cc02473c2f4e42b62ab6""",commit,QuestieDB,9d39232dab48e35811a7cc02473c2f4e42b62ab6,,no direct ATT field mapped
92709,A Grand Adventure,16593,index.questieCommit,"""cac1eff815923f896d082764d023cf812454a023""","""9d39232dab48e35811a7cc02473c2f4e42b62ab6""",commit,QuestieDB,9d39232dab48e35811a7cc02473c2f4e42b62ab6,,conflicts with existing value; no direct ATT field mapped
92727,The Missing Scholar,16593,detail.questie.commit,"""cac1eff815923f896d082764d023cf812454a023""","""9d39232dab48e35811a7cc02473c2f4e42b62ab6""",commit,QuestieDB,9d39232dab48e35811a7cc02473c2f4e42b62ab6,,no direct ATT field mapped
92727,The Missing Scholar,16593,index.questieCommit,"""cac1eff815923f896d082764d023cf812454a023""","""9d39232dab48e35811a7cc02473c2f4e42b62ab6""",commit,QuestieDB,9d39232dab48e35811a7cc02473c2f4e42b62ab6,,conflicts with existing value; no direct ATT field mapped
92741,Unwelcome Visitors,16593,detail.questie.commit,"""cac1eff815923f896d082764d023cf812454a023""","""9d39232dab48e35811a7cc02473c2f4e42b62ab6""",commit,QuestieDB,9d39232dab48e35811a7cc02473c2f4e42b62ab6,,no direct ATT field mapped
92741,Unwelcome Visitors,16593,detail.questie.fields.objectives,[],"{""3"":[{""1"":254378,""3"":0}]}",objectives,QuestieDB,9d39232dab48e35811a7cc02473c2f4e42b62ab6,,no direct ATT field mapped
92741,Unwelcome Visitors,16593,index.questieCommit,"""cac1eff815923f896d082764d023cf812454a023""","""9d39232dab48e35811a7cc02473c2f4e42b62ab6""",commit,QuestieDB,9d39232dab48e35811a7cc02473c2f4e42b62ab6,,conflicts with existing value; no direct ATT field mapped
92742,Testing the Wells,40,detail.questie.commit,"""cac1eff815923f896d082764d023cf812454a023""","""9d39232dab48e35811a7cc02473c2f4e42b62ab6""",commit,QuestieDB,9d39232dab48e35811a7cc02473c2f4e42b62ab6,,no direct ATT field mapped
92742,Testing the Wells,40,detail.questie.fields.objectives,[],"{""3"":[{""1"":254546,""3"":0},{""1"":254547,""3"":0}]}",objectives,QuestieDB,9d39232dab48e35811a7cc02473c2f4e42b62ab6,,no direct ATT field mapped
92742,Testing the Wells,40,detail.questie.fields.sourceItemId,0,254545,sourceItemId,QuestieDB,9d39232dab48e35811a7cc02473c2f4e42b62ab6,,no direct ATT field mapped
92742,Testing the Wells,40,index.questieCommit,"""cac1eff815923f896d082764d023cf812454a023""","""9d39232dab48e35811a7cc02473c2f4e42b62ab6""",commit,QuestieDB,9d39232dab48e35811a7cc02473c2f4e42b62ab6,,conflicts with existing value; no direct ATT field mapped
92744,Murloc Gills,40,detail.questie.commit,"""cac1eff815923f896d082764d023cf812454a023""","""9d39232dab48e35811a7cc02473c2f4e42b62ab6""",commit,QuestieDB,9d39232dab48e35811a7cc02473c2f4e42b62ab6,,no direct ATT field mapped
92744,Murloc Gills,40,detail.questie.fields.objectives,[],"{""3"":[{""1"":254548,""3"":0}]}",objectives,QuestieDB,9d39232dab48e35811a7cc02473c2f4e42b62ab6,,no direct ATT field mapped
92744,Murloc Gills,40,index.questieCommit,"""cac1eff815923f896d082764d023cf812454a023""","""9d39232dab48e35811a7cc02473c2f4e42b62ab6""",commit,QuestieDB,9d39232dab48e35811a7cc02473c2f4e42b62ab6,,conflicts with existing value; no direct ATT field mapped
92745,The State of the Mines,40,detail.questie.commit,"""cac1eff815923f896d082764d023cf812454a023""","""9d39232dab48e35811a7cc02473c2f4e42b62ab6""",commit,QuestieDB,9d39232dab48e35811a7cc02473c2f4e42b62ab6,,no direct ATT field mapped
92745,The State of the Mines,40,detail.questie.fields.objectives,[],"[[{""1"":1236,""3"":0},{""1"":1426,""3"":0}]]",objectives,QuestieDB,9d39232dab48e35811a7cc02473c2f4e42b62ab6,,no direct ATT field mapped
92745,The State of the Mines,40,index.questieCommit,"""cac1eff815923f896d082764d023cf812454a023""","""9d39232dab48e35811a7cc02473c2f4e42b62ab6""",commit,QuestieDB,9d39232dab48e35811a7cc02473c2f4e42b62ab6,,conflicts with existing value; no direct ATT field mapped
92747,Moonbrook Espionage,40,detail.questie.commit,"""cac1eff815923f896d082764d023cf812454a023""","""9d39232dab48e35811a7cc02473c2f4e42b62ab6""",commit,QuestieDB,9d39232dab48e35811a7cc02473c2f4e42b62ab6,,no direct ATT field mapped
92747,Moonbrook Espionage,40,detail.questie.fields.objectives,[],"{""3"":[{""1"":254676,""3"":0}]}",objectives,QuestieDB,9d39232dab48e35811a7cc02473c2f4e42b62ab6,,no direct ATT field mapped
92747,Moonbrook Espionage,40,index.questieCommit,"""cac1eff815923f896d082764d023cf812454a023""","""9d39232dab48e35811a7cc02473c2f4e42b62ab6""",commit,QuestieDB,9d39232dab48e35811a7cc02473c2f4e42b62ab6,,conflicts with existing value; no direct ATT field mapped
92748,Explosive Consultation,40,detail.questie.commit,"""cac1eff815923f896d082764d023cf812454a023""","""9d39232dab48e35811a7cc02473c2f4e42b62ab6""",commit,QuestieDB,9d39232dab48e35811a7cc02473c2f4e42b62ab6,,no direct ATT field mapped
92748,Explosive Consultation,40,index.questieCommit,"""cac1eff815923f896d082764d023cf812454a023""","""9d39232dab48e35811a7cc02473c2f4e42b62ab6""",commit,QuestieDB,9d39232dab48e35811a7cc02473c2f4e42b62ab6,,conflicts with existing value; no direct ATT field mapped
92749,A Dynamite Plan,40,detail.questie.commit,"""cac1eff815923f896d082764d023cf812454a023""","""9d39232dab48e35811a7cc02473c2f4e42b62ab6""",commit,QuestieDB,9d39232dab48e35811a7cc02473c2f4e42b62ab6,,no direct ATT field mapped
92749,A Dynamite Plan,40,detail.questie.fields.objectives,[],"{""3"":[{""1"":4365,""3"":0}]}",objectives,QuestieDB,9d39232dab48e35811a7cc02473c2f4e42b62ab6,,no direct ATT field mapped
92749,A Dynamite Plan,40,index.questieCommit,"""cac1eff815923f896d082764d023cf812454a023""","""9d39232dab48e35811a7cc02473c2f4e42b62ab6""",commit,QuestieDB,9d39232dab48e35811a7cc02473c2f4e42b62ab6,,conflicts with existing value; no direct ATT field mapped
92750,Detonation at a Distance,40,detail.questie.commit,"""cac1eff815923f896d082764d023cf812454a023""","""9d39232dab48e35811a7cc02473c2f4e42b62ab6""",commit,QuestieDB,9d39232dab48e35811a7cc02473c2f4e42b62ab6,,no direct ATT field mapped
92750,Detonation at a Distance,40,index.questieCommit,"""cac1eff815923f896d082764d023cf812454a023""","""9d39232dab48e35811a7cc02473c2f4e42b62ab6""",commit,QuestieDB,9d39232dab48e35811a7cc02473c2f4e42b62ab6,,conflicts with existing value; no direct ATT field mapped
92751,Detonation at a Distance,40,detail.questie.commit,"""cac1eff815923f896d082764d023cf812454a023""","""9d39232dab48e35811a7cc02473c2f4e42b62ab6""",commit,QuestieDB,9d39232dab48e35811a7cc02473c2f4e42b62ab6,,no direct ATT field mapped
92751,Detonation at a Distance,40,detail.questie.fields.sourceItemId,0,254552,sourceItemId,QuestieDB,9d39232dab48e35811a7cc02473c2f4e42b62ab6,,no direct ATT field mapped
92751,Detonation at a Distance,40,index.questieCommit,"""cac1eff815923f896d082764d023cf812454a023""","""9d39232dab48e35811a7cc02473c2f4e42b62ab6""",commit,QuestieDB,9d39232dab48e35811a7cc02473c2f4e42b62ab6,,conflicts with existing value; no direct ATT field mapped
92752,Explosive Consultation,40,detail.questie.commit,"""cac1eff815923f896d082764d023cf812454a023""","""9d39232dab48e35811a7cc02473c2f4e42b62ab6""",commit,QuestieDB,9d39232dab48e35811a7cc02473c2f4e42b62ab6,,no direct ATT field mapped
92752,Explosive Consultation,40,detail.questie.fields.sourceItemId,0,254553,sourceItemId,QuestieDB,9d39232dab48e35811a7cc02473c2f4e42b62ab6,,no direct ATT field mapped
92752,Explosive Consultation,40,index.questieCommit,"""cac1eff815923f896d082764d023cf812454a023""","""9d39232dab48e35811a7cc02473c2f4e42b62ab6""",commit,QuestieDB,9d39232dab48e35811a7cc02473c2f4e42b62ab6,,conflicts with existing value; no direct ATT field mapped
92753,Destruction in Deadmines,40,detail.questie.commit,"""cac1eff815923f896d082764d023cf812454a023""","""9d39232dab48e35811a7cc02473c2f4e42b62ab6""",commit,QuestieDB,9d39232dab48e35811a7cc02473c2f4e42b62ab6,,no direct ATT field mapped
92753,Destruction in Deadmines,40,detail.questie.fields.sourceItemId,0,254553,sourceItemId,QuestieDB,9d39232dab48e35811a7cc02473c2f4e42b62ab6,,no direct ATT field mapped
92753,Destruction in Deadmines,40,index.questieCommit,"""cac1eff815923f896d082764d023cf812454a023""","""9d39232dab48e35811a7cc02473c2f4e42b62ab6""",commit,QuestieDB,9d39232dab48e35811a7cc02473c2f4e42b62ab6,,conflicts with existing value; no direct ATT field mapped
92819,Destruction in Deadmines,40,detail.questie.commit,"""cac1eff815923f896d082764d023cf812454a023""","""9d39232dab48e35811a7cc02473c2f4e42b62ab6""",commit,QuestieDB,9d39232dab48e35811a7cc02473c2f4e42b62ab6,,no direct ATT field mapped
92819,Destruction in Deadmines,40,index.questieCommit,"""cac1eff815923f896d082764d023cf812454a023""","""9d39232dab48e35811a7cc02473c2f4e42b62ab6""",commit,QuestieDB,9d39232dab48e35811a7cc02473c2f4e42b62ab6,,conflicts with existing value; no direct ATT field mapped
92834,Avenged Tenfold,16593,detail.questie.commit,"""cac1eff815923f896d082764d023cf812454a023""","""9d39232dab48e35811a7cc02473c2f4e42b62ab6""",commit,QuestieDB,9d39232dab48e35811a7cc02473c2f4e42b62ab6,,no direct ATT field mapped
92834,Avenged Tenfold,16593,detail.questie.fields.objectives,[],"{""3"":[{""1"":255658,""3"":0}]}",objectives,QuestieDB,9d39232dab48e35811a7cc02473c2f4e42b62ab6,,no direct ATT field mapped
92834,Avenged Tenfold,16593,index.questieCommit,"""cac1eff815923f896d082764d023cf812454a023""","""9d39232dab48e35811a7cc02473c2f4e42b62ab6""",commit,QuestieDB,9d39232dab48e35811a7cc02473c2f4e42b62ab6,,conflicts with existing value; no direct ATT field mapped
92840,Catching Wind,16593,detail.questie.commit,"""cac1eff815923f896d082764d023cf812454a023""","""9d39232dab48e35811a7cc02473c2f4e42b62ab6""",commit,QuestieDB,9d39232dab48e35811a7cc02473c2f4e42b62ab6,,no direct ATT field mapped
92840,Catching Wind,16593,detail.questie.fields.sourceItemId,0,254584,sourceItemId,QuestieDB,9d39232dab48e35811a7cc02473c2f4e42b62ab6,,no direct ATT field mapped
92840,Catching Wind,16593,index.questieCommit,"""cac1eff815923f896d082764d023cf812454a023""","""9d39232dab48e35811a7cc02473c2f4e42b62ab6""",commit,QuestieDB,9d39232dab48e35811a7cc02473c2f4e42b62ab6,,conflicts with existing value; no direct ATT field mapped
92849,The Missing Scholar,16593,detail.questie.commit,"""cac1eff815923f896d082764d023cf812454a023""","""9d39232dab48e35811a7cc02473c2f4e42b62ab6""",commit,QuestieDB,9d39232dab48e35811a7cc02473c2f4e42b62ab6,,no direct ATT field mapped
92849,The Missing Scholar,16593,index.questieCommit,"""cac1eff815923f896d082764d023cf812454a023""","""9d39232dab48e35811a7cc02473c2f4e42b62ab6""",commit,QuestieDB,9d39232dab48e35811a7cc02473c2f4e42b62ab6,,conflicts with existing value; no direct ATT field mapped
92850,The Missing Scholar,16593,detail.questie.commit,"""cac1eff815923f896d082764d023cf812454a023""","""9d39232dab48e35811a7cc02473c2f4e42b62ab6""",commit,QuestieDB,9d39232dab48e35811a7cc02473c2f4e42b62ab6,,no direct ATT field mapped
92850,The Missing Scholar,16593,detail.questie.fields.objectives,[],"{""3"":[{""1"":257107,""3"":0}]}",objectives,QuestieDB,9d39232dab48e35811a7cc02473c2f4e42b62ab6,,no direct ATT field mapped
92850,The Missing Scholar,16593,index.questieCommit,"""cac1eff815923f896d082764d023cf812454a023""","""9d39232dab48e35811a7cc02473c2f4e42b62ab6""",commit,QuestieDB,9d39232dab48e35811a7cc02473c2f4e42b62ab6,,conflicts with existing value; no direct ATT field mapped
92860,In Service of Zephras,16593,detail.questie.commit,"""cac1eff815923f896d082764d023cf812454a023""","""9d39232dab48e35811a7cc02473c2f4e42b62ab6""",commit,QuestieDB,9d39232dab48e35811a7cc02473c2f4e42b62ab6,,no direct ATT field mapped
92860,In Service of Zephras,16593,index.questieCommit,"""cac1eff815923f896d082764d023cf812454a023""","""9d39232dab48e35811a7cc02473c2f4e42b62ab6""",commit,QuestieDB,9d39232dab48e35811a7cc02473c2f4e42b62ab6,,conflicts with existing value; no direct ATT field mapped
92871,In Service of Zephras,16593,detail.questie.commit,"""cac1eff815923f896d082764d023cf812454a023""","""9d39232dab48e35811a7cc02473c2f4e42b62ab6""",commit,QuestieDB,9d39232dab48e35811a7cc02473c2f4e42b62ab6,,no direct ATT field mapped
92871,In Service of Zephras,16593,index.questieCommit,"""cac1eff815923f896d082764d023cf812454a023""","""9d39232dab48e35811a7cc02473c2f4e42b62ab6""",commit,QuestieDB,9d39232dab48e35811a7cc02473c2f4e42b62ab6,,conflicts with existing value; no direct ATT field mapped
92880,Return to Valanaar,16593,detail.questie.commit,"""cac1eff815923f896d082764d023cf812454a023""","""9d39232dab48e35811a7cc02473c2f4e42b62ab6""",commit,QuestieDB,9d39232dab48e35811a7cc02473c2f4e42b62ab6,,no direct ATT field mapped
92880,Return to Valanaar,16593,index.questieCommit,"""cac1eff815923f896d082764d023cf812454a023""","""9d39232dab48e35811a7cc02473c2f4e42b62ab6""",commit,QuestieDB,9d39232dab48e35811a7cc02473c2f4e42b62ab6,,conflicts with existing value; no direct ATT field mapped
92881,The High Elder's Request,16593,detail.questie.commit,"""cac1eff815923f896d082764d023cf812454a023""","""9d39232dab48e35811a7cc02473c2f4e42b62ab6""",commit,QuestieDB,9d39232dab48e35811a7cc02473c2f4e42b62ab6,,no direct ATT field mapped
92881,The High Elder's Request,16593,index.questieCommit,"""cac1eff815923f896d082764d023cf812454a023""","""9d39232dab48e35811a7cc02473c2f4e42b62ab6""",commit,QuestieDB,9d39232dab48e35811a7cc02473c2f4e42b62ab6,,conflicts with existing value; no direct ATT field mapped
92909,Harvesting the Harvesters,40,detail.questie.commit,"""cac1eff815923f896d082764d023cf812454a023""","""9d39232dab48e35811a7cc02473c2f4e42b62ab6""",commit,QuestieDB,9d39232dab48e35811a7cc02473c2f4e42b62ab6,,no direct ATT field mapped
92909,Harvesting the Harvesters,40,detail.questie.fields.objectives,[],"{""3"":[{""1"":255007,""3"":0},{""1"":255010,""3"":0}]}",objectives,QuestieDB,9d39232dab48e35811a7cc02473c2f4e42b62ab6,,no direct ATT field mapped
92909,Harvesting the Harvesters,40,index.questieCommit,"""cac1eff815923f896d082764d023cf812454a023""","""9d39232dab48e35811a7cc02473c2f4e42b62ab6""",commit,QuestieDB,9d39232dab48e35811a7cc02473c2f4e42b62ab6,,conflicts with existing value; no direct ATT field mapped
92910,Harvesting the Harvesters,40,detail.questie.commit,"""cac1eff815923f896d082764d023cf812454a023""","""9d39232dab48e35811a7cc02473c2f4e42b62ab6""",commit,QuestieDB,9d39232dab48e35811a7cc02473c2f4e42b62ab6,,no direct ATT field mapped
92910,Harvesting the Harvesters,40,detail.questie.fields.sourceItemId,0,255155,sourceItemId,QuestieDB,9d39232dab48e35811a7cc02473c2f4e42b62ab6,,no direct ATT field mapped
92910,Harvesting the Harvesters,40,index.questieCommit,"""cac1eff815923f896d082764d023cf812454a023""","""9d39232dab48e35811a7cc02473c2f4e42b62ab6""",commit,QuestieDB,9d39232dab48e35811a7cc02473c2f4e42b62ab6,,conflicts with existing value; no direct ATT field mapped
92911,Harvesting the Harvesters,40,detail.questie.commit,"""cac1eff815923f896d082764d023cf812454a023""","""9d39232dab48e35811a7cc02473c2f4e42b62ab6""",commit,QuestieDB,9d39232dab48e35811a7cc02473c2f4e42b62ab6,,no direct ATT field mapped
92911,Harvesting the Harvesters,40,detail.questie.fields.objectives,[],"{""3"":[{""1"":255007,""3"":0}]}",objectives,QuestieDB,9d39232dab48e35811a7cc02473c2f4e42b62ab6,,no direct ATT field mapped
92911,Harvesting the Harvesters,40,index.questieCommit,"""cac1eff815923f896d082764d023cf812454a023""","""9d39232dab48e35811a7cc02473c2f4e42b62ab6""",commit,QuestieDB,9d39232dab48e35811a7cc02473c2f4e42b62ab6,,conflicts with existing value; no direct ATT field mapped
92947,Making Our Move,16593,detail.questie.commit,"""cac1eff815923f896d082764d023cf812454a023""","""9d39232dab48e35811a7cc02473c2f4e42b62ab6""",commit,QuestieDB,9d39232dab48e35811a7cc02473c2f4e42b62ab6,,no direct ATT field mapped
92947,Making Our Move,16593,index.questieCommit,"""cac1eff815923f896d082764d023cf812454a023""","""9d39232dab48e35811a7cc02473c2f4e42b62ab6""",commit,QuestieDB,9d39232dab48e35811a7cc02473c2f4e42b62ab6,,conflicts with existing value; no direct ATT field mapped
93036,Infiltrating the Cult,16593,detail.questie.commit,"""cac1eff815923f896d082764d023cf812454a023""","""9d39232dab48e35811a7cc02473c2f4e42b62ab6""",commit,QuestieDB,9d39232dab48e35811a7cc02473c2f4e42b62ab6,,no direct ATT field mapped
93036,Infiltrating the Cult,16593,index.questieCommit,"""cac1eff815923f896d082764d023cf812454a023""","""9d39232dab48e35811a7cc02473c2f4e42b62ab6""",commit,QuestieDB,9d39232dab48e35811a7cc02473c2f4e42b62ab6,,conflicts with existing value; no direct ATT field mapped
93065,Prepare for Battle,16593,detail.questie.commit,"""cac1eff815923f896d082764d023cf812454a023""","""9d39232dab48e35811a7cc02473c2f4e42b62ab6""",commit,QuestieDB,9d39232dab48e35811a7cc02473c2f4e42b62ab6,,no direct ATT field mapped
93065,Prepare for Battle,16593,index.questieCommit,"""cac1eff815923f896d082764d023cf812454a023""","""9d39232dab48e35811a7cc02473c2f4e42b62ab6""",commit,QuestieDB,9d39232dab48e35811a7cc02473c2f4e42b62ab6,,conflicts with existing value; no direct ATT field mapped
93089,What Comes Next,16593,detail.questie.commit,"""cac1eff815923f896d082764d023cf812454a023""","""9d39232dab48e35811a7cc02473c2f4e42b62ab6""",commit,QuestieDB,9d39232dab48e35811a7cc02473c2f4e42b62ab6,,no direct ATT field mapped
93089,What Comes Next,16593,index.questieCommit,"""cac1eff815923f896d082764d023cf812454a023""","""9d39232dab48e35811a7cc02473c2f4e42b62ab6""",commit,QuestieDB,9d39232dab48e35811a7cc02473c2f4e42b62ab6,,conflicts with existing value; no direct ATT field mapped
93090,What Comes Next,16593,detail.questie.commit,"""cac1eff815923f896d082764d023cf812454a023""","""9d39232dab48e35811a7cc02473c2f4e42b62ab6""",commit,QuestieDB,9d39232dab48e35811a7cc02473c2f4e42b62ab6,,no direct ATT field mapped
93090,What Comes Next,16593,index.questieCommit,"""cac1eff815923f896d082764d023cf812454a023""","""9d39232dab48e35811a7cc02473c2f4e42b62ab6""",commit,QuestieDB,9d39232dab48e35811a7cc02473c2f4e42b62ab6,,conflicts with existing value; no direct ATT field mapped
93159,The Strange Hermit,16593,detail.questie.commit,"""cac1eff815923f896d082764d023cf812454a023""","""9d39232dab48e35811a7cc02473c2f4e42b62ab6""",commit,QuestieDB,9d39232dab48e35811a7cc02473c2f4e42b62ab6,,no direct ATT field mapped
93159,The Strange Hermit,16593,detail.questie.fields.objectives,[],"[[{""1"":251684,""3"":5}]]",objectives,QuestieDB,9d39232dab48e35811a7cc02473c2f4e42b62ab6,,no direct ATT field mapped
93159,The Strange Hermit,16593,detail.questie.finishers,"[{""id"":251684,""name"":""Strange Hermit"",""spawns"":{""16593"":[[54.01,38.93]]},""type"":""npc""}]","[{""id"":251684,""name"":""Strange Hermit"",""spawns"":{""16593"":[[53.96,38.9]]},""type"":""npc""}]",finishers,QuestieDB,9d39232dab48e35811a7cc02473c2f4e42b62ab6,,no direct ATT field mapped
93159,The Strange Hermit,16593,detail.questie.starters,"[{""id"":251684,""name"":""Strange Hermit"",""spawns"":{""16593"":[[54.01,38.93]]},""type"":""npc""}]","[{""id"":251684,""name"":""Strange Hermit"",""spawns"":{""16593"":[[53.96,38.9]]},""type"":""npc""}]",starters,QuestieDB,9d39232dab48e35811a7cc02473c2f4e42b62ab6,qg/provider; coord,
93159,The Strange Hermit,16593,index.questieCommit,"""cac1eff815923f896d082764d023cf812454a023""","""9d39232dab48e35811a7cc02473c2f4e42b62ab6""",commit,QuestieDB,9d39232dab48e35811a7cc02473c2f4e42b62ab6,,conflicts with existing value; no direct ATT field mapped
93160,The Forest's Bounty,16593,detail.questie.commit,"""cac1eff815923f896d082764d023cf812454a023""","""9d39232dab48e35811a7cc02473c2f4e42b62ab6""",commit,QuestieDB,9d39232dab48e35811a7cc02473c2f4e42b62ab6,,no direct ATT field mapped
93160,The Forest's Bounty,16593,detail.questie.fields.objectives,[],"{""3"":[{""1"":257128,""3"":0}]}",objectives,QuestieDB,9d39232dab48e35811a7cc02473c2f4e42b62ab6,,no direct ATT field mapped
93160,The Forest's Bounty,16593,detail.questie.finishers,"[{""id"":251684,""name"":""Strange Hermit"",""spawns"":{""16593"":[[54.01,38.93]]},""type"":""npc""}]","[{""id"":251684,""name"":""Strange Hermit"",""spawns"":{""16593"":[[53.96,38.9]]},""type"":""npc""}]",finishers,QuestieDB,9d39232dab48e35811a7cc02473c2f4e42b62ab6,,no direct ATT field mapped
93160,The Forest's Bounty,16593,detail.questie.starters,"[{""id"":251684,""name"":""Strange Hermit"",""spawns"":{""16593"":[[54.01,38.93]]},""type"":""npc""}]","[{""id"":251684,""name"":""Strange Hermit"",""spawns"":{""16593"":[[53.96,38.9]]},""type"":""npc""}]",starters,QuestieDB,9d39232dab48e35811a7cc02473c2f4e42b62ab6,qg/provider; coord,
93160,The Forest's Bounty,16593,index.questieCommit,"""cac1eff815923f896d082764d023cf812454a023""","""9d39232dab48e35811a7cc02473c2f4e42b62ab6""",commit,QuestieDB,9d39232dab48e35811a7cc02473c2f4e42b62ab6,,conflicts with existing value; no direct ATT field mapped
93165,Mercy Falls on Deaf Ears,16593,detail.questie.commit,"""cac1eff815923f896d082764d023cf812454a023""","""9d39232dab48e35811a7cc02473c2f4e42b62ab6""",commit,QuestieDB,9d39232dab48e35811a7cc02473c2f4e42b62ab6,,no direct ATT field mapped
93165,Mercy Falls on Deaf Ears,16593,detail.questie.fields.objectives,[],"{""3"":[{""1"":258771,""3"":0}]}",objectives,QuestieDB,9d39232dab48e35811a7cc02473c2f4e42b62ab6,,no direct ATT field mapped
93165,Mercy Falls on Deaf Ears,16593,detail.questie.fields.preQuestSingle,[94484],"[94484,94493]",preQuestSingle,QuestieDB,9d39232dab48e35811a7cc02473c2f4e42b62ab6,sourceQuest or sourceQuests + sourceQuestNumRequired=1,alternative prerequisites (OR)
93165,Mercy Falls on Deaf Ears,16593,detail.requirements.anyOf,[94484],"[94484,94493]",anyOf,QuestieDB,9d39232dab48e35811a7cc02473c2f4e42b62ab6,,conflicts with existing value; no direct ATT field mapped
93165,Mercy Falls on Deaf Ears,16593,detail.requirements.preQuestSingle,[94484],"[94484,94493]",preQuestSingle,QuestieDB,9d39232dab48e35811a7cc02473c2f4e42b62ab6,sourceQuest or sourceQuests + sourceQuestNumRequired=1,alternative prerequisites (OR); conflicts with existing value
93165,Mercy Falls on Deaf Ears,16593,index.questieCommit,"""cac1eff815923f896d082764d023cf812454a023""","""9d39232dab48e35811a7cc02473c2f4e42b62ab6""",commit,QuestieDB,9d39232dab48e35811a7cc02473c2f4e42b62ab6,,conflicts with existing value; no direct ATT field mapped
93172,Free the Hollows,16593,detail.questie.commit,"""cac1eff815923f896d082764d023cf812454a023""","""9d39232dab48e35811a7cc02473c2f4e42b62ab6""",commit,QuestieDB,9d39232dab48e35811a7cc02473c2f4e42b62ab6,,no direct ATT field mapped
93172,Free the Hollows,16593,detail.questie.fields.objectives,[],"[[{""1"":251676,""3"":0}]]",objectives,QuestieDB,9d39232dab48e35811a7cc02473c2f4e42b62ab6,,no direct ATT field mapped
93172,Free the Hollows,16593,detail.questie.finishers,"[{""id"":251684,""name"":""Strange Hermit"",""spawns"":{""16593"":[[54.01,38.93]]},""type"":""npc""}]","[{""id"":251684,""name"":""Strange Hermit"",""spawns"":{""16593"":[[53.96,38.9]]},""type"":""npc""}]",finishers,QuestieDB,9d39232dab48e35811a7cc02473c2f4e42b62ab6,,no direct ATT field mapped
93172,Free the Hollows,16593,detail.questie.starters,"[{""id"":251684,""name"":""Strange Hermit"",""spawns"":{""16593"":[[54.01,38.93]]},""type"":""npc""}]","[{""id"":251684,""name"":""Strange Hermit"",""spawns"":{""16593"":[[53.96,38.9]]},""type"":""npc""}]",starters,QuestieDB,9d39232dab48e35811a7cc02473c2f4e42b62ab6,qg/provider; coord,
93172,Free the Hollows,16593,index.questieCommit,"""cac1eff815923f896d082764d023cf812454a023""","""9d39232dab48e35811a7cc02473c2f4e42b62ab6""",commit,QuestieDB,9d39232dab48e35811a7cc02473c2f4e42b62ab6,,conflicts with existing value; no direct ATT field mapped
93317,Crab Season,16593,detail.questie.commit,"""cac1eff815923f896d082764d023cf812454a023""","""9d39232dab48e35811a7cc02473c2f4e42b62ab6""",commit,QuestieDB,9d39232dab48e35811a7cc02473c2f4e42b62ab6,,no direct ATT field mapped
93317,Crab Season,16593,detail.questie.fields.objectives,[],"{""3"":[{""1"":257941,""3"":0}]}",objectives,QuestieDB,9d39232dab48e35811a7cc02473c2f4e42b62ab6,,no direct ATT field mapped
93317,Crab Season,16593,index.questieCommit,"""cac1eff815923f896d082764d023cf812454a023""","""9d39232dab48e35811a7cc02473c2f4e42b62ab6""",commit,QuestieDB,9d39232dab48e35811a7cc02473c2f4e42b62ab6,,conflicts with existing value; no direct ATT field mapped
93318,WANTED: Vulgara the Insatiable,16593,detail.questie.commit,"""cac1eff815923f896d082764d023cf812454a023""","""9d39232dab48e35811a7cc02473c2f4e42b62ab6""",commit,QuestieDB,9d39232dab48e35811a7cc02473c2f4e42b62ab6,,no direct ATT field mapped
93318,WANTED: Vulgara the Insatiable,16593,detail.questie.fields.objectives,[],"{""3"":[{""1"":257942,""3"":0}]}",objectives,QuestieDB,9d39232dab48e35811a7cc02473c2f4e42b62ab6,,no direct ATT field mapped
93318,WANTED: Vulgara the Insatiable,16593,index.questieCommit,"""cac1eff815923f896d082764d023cf812454a023""","""9d39232dab48e35811a7cc02473c2f4e42b62ab6""",commit,QuestieDB,9d39232dab48e35811a7cc02473c2f4e42b62ab6,,conflicts with existing value; no direct ATT field mapped
93319,Pilfered Windstones,16593,detail.questie.commit,"""cac1eff815923f896d082764d023cf812454a023""","""9d39232dab48e35811a7cc02473c2f4e42b62ab6""",commit,QuestieDB,9d39232dab48e35811a7cc02473c2f4e42b62ab6,,no direct ATT field mapped
93319,Pilfered Windstones,16593,detail.questie.fields.objectives,[],"{""3"":[{""1"":257945,""3"":0}]}",objectives,QuestieDB,9d39232dab48e35811a7cc02473c2f4e42b62ab6,,no direct ATT field mapped
93319,Pilfered Windstones,16593,index.questieCommit,"""cac1eff815923f896d082764d023cf812454a023""","""9d39232dab48e35811a7cc02473c2f4e42b62ab6""",commit,QuestieDB,9d39232dab48e35811a7cc02473c2f4e42b62ab6,,conflicts with existing value; no direct ATT field mapped
93320,Tower Defense,16593,detail.questie.commit,"""cac1eff815923f896d082764d023cf812454a023""","""9d39232dab48e35811a7cc02473c2f4e42b62ab6""",commit,QuestieDB,9d39232dab48e35811a7cc02473c2f4e42b62ab6,,no direct ATT field mapped
93320,Tower Defense,16593,index.questieCommit,"""cac1eff815923f896d082764d023cf812454a023""","""9d39232dab48e35811a7cc02473c2f4e42b62ab6""",commit,QuestieDB,9d39232dab48e35811a7cc02473c2f4e42b62ab6,,conflicts with existing value; no direct ATT field mapped
93459,More Al'Aketh Ears,16593,detail.questie.commit,"""cac1eff815923f896d082764d023cf812454a023""","""9d39232dab48e35811a7cc02473c2f4e42b62ab6""",commit,QuestieDB,9d39232dab48e35811a7cc02473c2f4e42b62ab6,,no direct ATT field mapped
93459,More Al'Aketh Ears,16593,detail.questie.fields.objectives,[],"{""3"":[{""1"":258771,""3"":0}]}",objectives,QuestieDB,9d39232dab48e35811a7cc02473c2f4e42b62ab6,,no direct ATT field mapped
93459,More Al'Aketh Ears,16593,index.questieCommit,"""cac1eff815923f896d082764d023cf812454a023""","""9d39232dab48e35811a7cc02473c2f4e42b62ab6""",commit,QuestieDB,9d39232dab48e35811a7cc02473c2f4e42b62ab6,,conflicts with existing value; no direct ATT field mapped
93461,Welcome to Shen'dar Village,16593,detail.questie.commit,"""cac1eff815923f896d082764d023cf812454a023""","""9d39232dab48e35811a7cc02473c2f4e42b62ab6""",commit,QuestieDB,9d39232dab48e35811a7cc02473c2f4e42b62ab6,,no direct ATT field mapped
93461,Welcome to Shen'dar Village,16593,index.questieCommit,"""cac1eff815923f896d082764d023cf812454a023""","""9d39232dab48e35811a7cc02473c2f4e42b62ab6""",commit,QuestieDB,9d39232dab48e35811a7cc02473c2f4e42b62ab6,,conflicts with existing value; no direct ATT field mapped
93552,Harvesting Windstones,16593,detail.questie.commit,"""cac1eff815923f896d082764d023cf812454a023""","""9d39232dab48e35811a7cc02473c2f4e42b62ab6""",commit,QuestieDB,9d39232dab48e35811a7cc02473c2f4e42b62ab6,,no direct ATT field mapped
93552,Harvesting Windstones,16593,detail.questie.fields.objectives,[],"{""3"":[{""1"":258772,""3"":0}]}",objectives,QuestieDB,9d39232dab48e35811a7cc02473c2f4e42b62ab6,,no direct ATT field mapped
93552,Harvesting Windstones,16593,index.questieCommit,"""cac1eff815923f896d082764d023cf812454a023""","""9d39232dab48e35811a7cc02473c2f4e42b62ab6""",commit,QuestieDB,9d39232dab48e35811a7cc02473c2f4e42b62ab6,,conflicts with existing value; no direct ATT field mapped
93735,The Broken Construct,16593,detail.questie.commit,"""cac1eff815923f896d082764d023cf812454a023""","""9d39232dab48e35811a7cc02473c2f4e42b62ab6""",commit,QuestieDB,9d39232dab48e35811a7cc02473c2f4e42b62ab6,,no direct ATT field mapped
93735,The Broken Construct,16593,index.questieCommit,"""cac1eff815923f896d082764d023cf812454a023""","""9d39232dab48e35811a7cc02473c2f4e42b62ab6""",commit,QuestieDB,9d39232dab48e35811a7cc02473c2f4e42b62ab6,,conflicts with existing value; no direct ATT field mapped
93736,Unwelcome Spirits,16593,detail.questie.commit,"""cac1eff815923f896d082764d023cf812454a023""","""9d39232dab48e35811a7cc02473c2f4e42b62ab6""",commit,QuestieDB,9d39232dab48e35811a7cc02473c2f4e42b62ab6,,no direct ATT field mapped
93736,Unwelcome Spirits,16593,detail.questie.fields.objectives,[],"{""3"":[{""1"":262357,""3"":0}]}",objectives,QuestieDB,9d39232dab48e35811a7cc02473c2f4e42b62ab6,,no direct ATT field mapped
93736,Unwelcome Spirits,16593,index.questieCommit,"""cac1eff815923f896d082764d023cf812454a023""","""9d39232dab48e35811a7cc02473c2f4e42b62ab6""",commit,QuestieDB,9d39232dab48e35811a7cc02473c2f4e42b62ab6,,conflicts with existing value; no direct ATT field mapped
93737,The Broken Construct,16593,detail.questie.commit,"""cac1eff815923f896d082764d023cf812454a023""","""9d39232dab48e35811a7cc02473c2f4e42b62ab6""",commit,QuestieDB,9d39232dab48e35811a7cc02473c2f4e42b62ab6,,no direct ATT field mapped
93737,The Broken Construct,16593,index.questieCommit,"""cac1eff815923f896d082764d023cf812454a023""","""9d39232dab48e35811a7cc02473c2f4e42b62ab6""",commit,QuestieDB,9d39232dab48e35811a7cc02473c2f4e42b62ab6,,conflicts with existing value; no direct ATT field mapped
93738,The Broken Construct,16593,detail.questie.commit,"""cac1eff815923f896d082764d023cf812454a023""","""9d39232dab48e35811a7cc02473c2f4e42b62ab6""",commit,QuestieDB,9d39232dab48e35811a7cc02473c2f4e42b62ab6,,no direct ATT field mapped
93738,The Broken Construct,16593,index.questieCommit,"""cac1eff815923f896d082764d023cf812454a023""","""9d39232dab48e35811a7cc02473c2f4e42b62ab6""",commit,QuestieDB,9d39232dab48e35811a7cc02473c2f4e42b62ab6,,conflicts with existing value; no direct ATT field mapped
93739,Exploring the Horde,1637,detail.prerequisiteQuestIds,[5725],[95350],preQuestSingle,QuestieDB,9d39232dab48e35811a7cc02473c2f4e42b62ab6,sourceQuest or sourceQuests + sourceQuestNumRequired=1,conflicts with existing value
93739,Exploring the Horde,1637,detail.questie.commit,"""cac1eff815923f896d082764d023cf812454a023""","""9d39232dab48e35811a7cc02473c2f4e42b62ab6""",commit,QuestieDB,9d39232dab48e35811a7cc02473c2f4e42b62ab6,,no direct ATT field mapped
93739,Exploring the Horde,1637,detail.questie.fields.finishedBy,[],[[4949]],finishedBy,QuestieDB,9d39232dab48e35811a7cc02473c2f4e42b62ab6,,no direct ATT field mapped
93739,Exploring the Horde,1637,detail.questie.fields.objectives,[],"{""1"":[{""1"":10540,""3"":5},{""1"":3057,""3"":5},{""1"":10181,""3"":5}],""3"":[{""1"":285357,""3"":5}]}",objectives,QuestieDB,9d39232dab48e35811a7cc02473c2f4e42b62ab6,,no direct ATT field mapped
93739,Exploring the Horde,1637,detail.questie.fields.preQuestSingle,null,[95350],preQuestSingle,QuestieDB,9d39232dab48e35811a7cc02473c2f4e42b62ab6,sourceQuest or sourceQuests + sourceQuestNumRequired=1,
93739,Exploring the Horde,1637,detail.questie.finishers,null,"[{""id"":4949,""type"":""npc""}]",finishers,QuestieDB,9d39232dab48e35811a7cc02473c2f4e42b62ab6,,no direct ATT field mapped
93739,Exploring the Horde,1637,detail.questie.provenance.preQuestSingle,null,"""QuestieDB""",preQuestSingle,QuestieDB,9d39232dab48e35811a7cc02473c2f4e42b62ab6,sourceQuest or sourceQuests + sourceQuestNumRequired=1,
93739,Exploring the Horde,1637,detail.requirements.anyOf,null,[95350],anyOf,QuestieDB,9d39232dab48e35811a7cc02473c2f4e42b62ab6,,no direct ATT field mapped
93739,Exploring the Horde,1637,detail.requirements.preQuestSingle,null,[95350],preQuestSingle,QuestieDB,9d39232dab48e35811a7cc02473c2f4e42b62ab6,sourceQuest or sourceQuests + sourceQuestNumRequired=1,
93739,Exploring the Horde,1637,index.questieCommit,"""cac1eff815923f896d082764d023cf812454a023""","""9d39232dab48e35811a7cc02473c2f4e42b62ab6""",commit,QuestieDB,9d39232dab48e35811a7cc02473c2f4e42b62ab6,,conflicts with existing value; no direct ATT field mapped
93740,Blood for Blood,16593,detail.questie.commit,"""cac1eff815923f896d082764d023cf812454a023""","""9d39232dab48e35811a7cc02473c2f4e42b62ab6""",commit,QuestieDB,9d39232dab48e35811a7cc02473c2f4e42b62ab6,,no direct ATT field mapped
93740,Blood for Blood,16593,detail.questie.fields.objectives,[],"{""3"":[{""1"":255658,""3"":0}]}",objectives,QuestieDB,9d39232dab48e35811a7cc02473c2f4e42b62ab6,,no direct ATT field mapped
93740,Blood for Blood,16593,index.questieCommit,"""cac1eff815923f896d082764d023cf812454a023""","""9d39232dab48e35811a7cc02473c2f4e42b62ab6""",commit,QuestieDB,9d39232dab48e35811a7cc02473c2f4e42b62ab6,,conflicts with existing value; no direct ATT field mapped
93746,A Firm Response,16593,detail.questie.commit,"""cac1eff815923f896d082764d023cf812454a023""","""9d39232dab48e35811a7cc02473c2f4e42b62ab6""",commit,QuestieDB,9d39232dab48e35811a7cc02473c2f4e42b62ab6,,no direct ATT field mapped
93746,A Firm Response,16593,index.questieCommit,"""cac1eff815923f896d082764d023cf812454a023""","""9d39232dab48e35811a7cc02473c2f4e42b62ab6""",commit,QuestieDB,9d39232dab48e35811a7cc02473c2f4e42b62ab6,,conflicts with existing value; no direct ATT field mapped
93791,Speak with Belann,-161,detail.questie.commit,"""cac1eff815923f896d082764d023cf812454a023""","""9d39232dab48e35811a7cc02473c2f4e42b62ab6""",commit,QuestieDB,9d39232dab48e35811a7cc02473c2f4e42b62ab6,,no direct ATT field mapped
93791,Speak with Belann,-161,detail.questie.fields.nextQuestInChain,0,93797,nextQuestInChain,QuestieDB,9d39232dab48e35811a7cc02473c2f4e42b62ab6,sourceQuest on successor,
93791,Speak with Belann,-161,detail.requirements.nextQuestInChain,null,93797,nextQuestInChain,QuestieDB,9d39232dab48e35811a7cc02473c2f4e42b62ab6,sourceQuest on successor,
93791,Speak with Belann,-161,index.questieCommit,"""cac1eff815923f896d082764d023cf812454a023""","""9d39232dab48e35811a7cc02473c2f4e42b62ab6""",commit,QuestieDB,9d39232dab48e35811a7cc02473c2f4e42b62ab6,,conflicts with existing value; no direct ATT field mapped
93797,Boughs in the Wind,-161,detail.prerequisiteQuestIds,[],[93791],preQuestSingle,QuestieDB,9d39232dab48e35811a7cc02473c2f4e42b62ab6,sourceQuest or sourceQuests + sourceQuestNumRequired=1,conflicts with existing value
93797,Boughs in the Wind,-161,detail.questie.commit,"""cac1eff815923f896d082764d023cf812454a023""","""9d39232dab48e35811a7cc02473c2f4e42b62ab6""",commit,QuestieDB,9d39232dab48e35811a7cc02473c2f4e42b62ab6,,no direct ATT field mapped
93797,Boughs in the Wind,-161,detail.questie.fields.objectives,[],"{""3"":[{""1"":262668,""3"":0}]}",objectives,QuestieDB,9d39232dab48e35811a7cc02473c2f4e42b62ab6,,no direct ATT field mapped
93797,Boughs in the Wind,-161,detail.questie.fields.preQuestSingle,null,[93791],preQuestSingle,QuestieDB,9d39232dab48e35811a7cc02473c2f4e42b62ab6,sourceQuest or sourceQuests + sourceQuestNumRequired=1,
93797,Boughs in the Wind,-161,detail.questie.provenance.preQuestSingle,null,"""QuestieDB""",preQuestSingle,QuestieDB,9d39232dab48e35811a7cc02473c2f4e42b62ab6,sourceQuest or sourceQuests + sourceQuestNumRequired=1,
93797,Boughs in the Wind,-161,detail.requirements.anyOf,null,[93791],anyOf,QuestieDB,9d39232dab48e35811a7cc02473c2f4e42b62ab6,,no direct ATT field mapped
93797,Boughs in the Wind,-161,detail.requirements.preQuestSingle,null,[93791],preQuestSingle,QuestieDB,9d39232dab48e35811a7cc02473c2f4e42b62ab6,sourceQuest or sourceQuests + sourceQuestNumRequired=1,
93797,Boughs in the Wind,-161,index.questieCommit,"""cac1eff815923f896d082764d023cf812454a023""","""9d39232dab48e35811a7cc02473c2f4e42b62ab6""",commit,QuestieDB,9d39232dab48e35811a7cc02473c2f4e42b62ab6,,conflicts with existing value; no direct ATT field mapped
93835,Confront Lorthuna,16593,detail.questie.commit,"""cac1eff815923f896d082764d023cf812454a023""","""9d39232dab48e35811a7cc02473c2f4e42b62ab6""",commit,QuestieDB,9d39232dab48e35811a7cc02473c2f4e42b62ab6,,no direct ATT field mapped
93835,Confront Lorthuna,16593,index.questieCommit,"""cac1eff815923f896d082764d023cf812454a023""","""9d39232dab48e35811a7cc02473c2f4e42b62ab6""",commit,QuestieDB,9d39232dab48e35811a7cc02473c2f4e42b62ab6,,conflicts with existing value; no direct ATT field mapped
93836,The Fate of Zephras,16593,detail.questie.commit,"""cac1eff815923f896d082764d023cf812454a023""","""9d39232dab48e35811a7cc02473c2f4e42b62ab6""",commit,QuestieDB,9d39232dab48e35811a7cc02473c2f4e42b62ab6,,no direct ATT field mapped
93836,The Fate of Zephras,16593,index.questieCommit,"""cac1eff815923f896d082764d023cf812454a023""","""9d39232dab48e35811a7cc02473c2f4e42b62ab6""",commit,QuestieDB,9d39232dab48e35811a7cc02473c2f4e42b62ab6,,conflicts with existing value; no direct ATT field mapped
93926,The Western Watch,16593,detail.questie.commit,"""cac1eff815923f896d082764d023cf812454a023""","""9d39232dab48e35811a7cc02473c2f4e42b62ab6""",commit,QuestieDB,9d39232dab48e35811a7cc02473c2f4e42b62ab6,,no direct ATT field mapped
93926,The Western Watch,16593,index.questieCommit,"""cac1eff815923f896d082764d023cf812454a023""","""9d39232dab48e35811a7cc02473c2f4e42b62ab6""",commit,QuestieDB,9d39232dab48e35811a7cc02473c2f4e42b62ab6,,conflicts with existing value; no direct ATT field mapped
93927,A Last Request,16593,detail.questie.commit,"""cac1eff815923f896d082764d023cf812454a023""","""9d39232dab48e35811a7cc02473c2f4e42b62ab6""",commit,QuestieDB,9d39232dab48e35811a7cc02473c2f4e42b62ab6,,no direct ATT field mapped
93927,A Last Request,16593,index.questieCommit,"""cac1eff815923f896d082764d023cf812454a023""","""9d39232dab48e35811a7cc02473c2f4e42b62ab6""",commit,QuestieDB,9d39232dab48e35811a7cc02473c2f4e42b62ab6,,conflicts with existing value; no direct ATT field mapped
93928,Of Mice and Milk,40,detail.questie.commit,"""cac1eff815923f896d082764d023cf812454a023""","""9d39232dab48e35811a7cc02473c2f4e42b62ab6""",commit,QuestieDB,9d39232dab48e35811a7cc02473c2f4e42b62ab6,,no direct ATT field mapped
93928,Of Mice and Milk,40,index.questieCommit,"""cac1eff815923f896d082764d023cf812454a023""","""9d39232dab48e35811a7cc02473c2f4e42b62ab6""",commit,QuestieDB,9d39232dab48e35811a7cc02473c2f4e42b62ab6,,conflicts with existing value; no direct ATT field mapped
93948,Deliver the Signet,16593,detail.prerequisiteQuestIds,[92550],"[92550,93927]",preQuestGroup,QuestieDB,9d39232dab48e35811a7cc02473c2f4e42b62ab6,sourceQuests (AND),grouped prerequisites (AND); conflicts with existing value
93948,Deliver the Signet,16593,detail.questie.commit,"""cac1eff815923f896d082764d023cf812454a023""","""9d39232dab48e35811a7cc02473c2f4e42b62ab6""",commit,QuestieDB,9d39232dab48e35811a7cc02473c2f4e42b62ab6,,no direct ATT field mapped
93948,Deliver the Signet,16593,detail.questie.fields.preQuestGroup,null,"[92550,93927]",preQuestGroup,QuestieDB,9d39232dab48e35811a7cc02473c2f4e42b62ab6,sourceQuests (AND),grouped prerequisites (AND)
93948,Deliver the Signet,16593,detail.questie.fields.sourceItemId,0,263491,sourceItemId,QuestieDB,9d39232dab48e35811a7cc02473c2f4e42b62ab6,,no direct ATT field mapped
93948,Deliver the Signet,16593,detail.questie.provenance.preQuestGroup,null,"""QuestieDB""",preQuestGroup,QuestieDB,9d39232dab48e35811a7cc02473c2f4e42b62ab6,sourceQuests (AND),
93948,Deliver the Signet,16593,detail.requirements.allOf,null,"[92550,93927]",allOf,QuestieDB,9d39232dab48e35811a7cc02473c2f4e42b62ab6,,no direct ATT field mapped
93948,Deliver the Signet,16593,detail.requirements.preQuestGroup,null,"[92550,93927]",preQuestGroup,QuestieDB,9d39232dab48e35811a7cc02473c2f4e42b62ab6,sourceQuests (AND),grouped prerequisites (AND)
93948,Deliver the Signet,16593,index.questieCommit,"""cac1eff815923f896d082764d023cf812454a023""","""9d39232dab48e35811a7cc02473c2f4e42b62ab6""",commit,QuestieDB,9d39232dab48e35811a7cc02473c2f4e42b62ab6,,conflicts with existing value; no direct ATT field mapped
93949,Bugged,16593,detail.questie.commit,"""cac1eff815923f896d082764d023cf812454a023""","""9d39232dab48e35811a7cc02473c2f4e42b62ab6""",commit,QuestieDB,9d39232dab48e35811a7cc02473c2f4e42b62ab6,,no direct ATT field mapped
93949,Bugged,16593,index.questieCommit,"""cac1eff815923f896d082764d023cf812454a023""","""9d39232dab48e35811a7cc02473c2f4e42b62ab6""",commit,QuestieDB,9d39232dab48e35811a7cc02473c2f4e42b62ab6,,conflicts with existing value; no direct ATT field mapped
93951,A Little Beauty,16593,detail.questie.commit,"""cac1eff815923f896d082764d023cf812454a023""","""9d39232dab48e35811a7cc02473c2f4e42b62ab6""",commit,QuestieDB,9d39232dab48e35811a7cc02473c2f4e42b62ab6,,no direct ATT field mapped
93951,A Little Beauty,16593,detail.questie.fields.objectives,[],"{""3"":[{""1"":263493,""3"":0}]}",objectives,QuestieDB,9d39232dab48e35811a7cc02473c2f4e42b62ab6,,no direct ATT field mapped
93951,A Little Beauty,16593,index.questieCommit,"""cac1eff815923f896d082764d023cf812454a023""","""9d39232dab48e35811a7cc02473c2f4e42b62ab6""",commit,QuestieDB,9d39232dab48e35811a7cc02473c2f4e42b62ab6,,conflicts with existing value; no direct ATT field mapped
93958,The Inner Sanctum,16593,detail.questie.commit,"""cac1eff815923f896d082764d023cf812454a023""","""9d39232dab48e35811a7cc02473c2f4e42b62ab6""",commit,QuestieDB,9d39232dab48e35811a7cc02473c2f4e42b62ab6,,no direct ATT field mapped
93958,The Inner Sanctum,16593,index.questieCommit,"""cac1eff815923f896d082764d023cf812454a023""","""9d39232dab48e35811a7cc02473c2f4e42b62ab6""",commit,QuestieDB,9d39232dab48e35811a7cc02473c2f4e42b62ab6,,conflicts with existing value; no direct ATT field mapped
93963,Exploring the Alliance,1519,detail.prerequisiteQuestIds,[],[94947],preQuestSingle,QuestieDB,9d39232dab48e35811a7cc02473c2f4e42b62ab6,sourceQuest or sourceQuests + sourceQuestNumRequired=1,conflicts with existing value
93963,Exploring the Alliance,1519,detail.questie.commit,"""cac1eff815923f896d082764d023cf812454a023""","""9d39232dab48e35811a7cc02473c2f4e42b62ab6""",commit,QuestieDB,9d39232dab48e35811a7cc02473c2f4e42b62ab6,,no direct ATT field mapped
93963,Exploring the Alliance,1519,detail.questie.fields.objectives,[],"{""1"":[{""1"":7937,""3"":5},{""1"":2784,""3"":5},{""1"":7999,""3"":5}],""3"":[{""1"":285356,""3"":5}]}",objectives,QuestieDB,9d39232dab48e35811a7cc02473c2f4e42b62ab6,,no direct ATT field mapped
93963,Exploring the Alliance,1519,detail.questie.fields.preQuestSingle,null,[94947],preQuestSingle,QuestieDB,9d39232dab48e35811a7cc02473c2f4e42b62ab6,sourceQuest or sourceQuests + sourceQuestNumRequired=1,
93963,Exploring the Alliance,1519,detail.questie.provenance.preQuestSingle,null,"""QuestieDB""",preQuestSingle,QuestieDB,9d39232dab48e35811a7cc02473c2f4e42b62ab6,sourceQuest or sourceQuests + sourceQuestNumRequired=1,
93963,Exploring the Alliance,1519,detail.requirements.anyOf,null,[94947],anyOf,QuestieDB,9d39232dab48e35811a7cc02473c2f4e42b62ab6,,no direct ATT field mapped
93963,Exploring the Alliance,1519,detail.requirements.preQuestSingle,null,[94947],preQuestSingle,QuestieDB,9d39232dab48e35811a7cc02473c2f4e42b62ab6,sourceQuest or sourceQuests + sourceQuestNumRequired=1,
93963,Exploring the Alliance,1519,index.questieCommit,"""cac1eff815923f896d082764d023cf812454a023""","""9d39232dab48e35811a7cc02473c2f4e42b62ab6""",commit,QuestieDB,9d39232dab48e35811a7cc02473c2f4e42b62ab6,,conflicts with existing value; no direct ATT field mapped
94003,The Skybreaker Bulwark,-81,detail.questie.commit,"""cac1eff815923f896d082764d023cf812454a023""","""9d39232dab48e35811a7cc02473c2f4e42b62ab6""",commit,QuestieDB,9d39232dab48e35811a7cc02473c2f4e42b62ab6,,no direct ATT field mapped
94003,The Skybreaker Bulwark,-81,detail.questie.fields.objectives,[],"{""3"":[{""1"":263993,""3"":0}]}",objectives,QuestieDB,9d39232dab48e35811a7cc02473c2f4e42b62ab6,,no direct ATT field mapped
94003,The Skybreaker Bulwark,-81,index.questieCommit,"""cac1eff815923f896d082764d023cf812454a023""","""9d39232dab48e35811a7cc02473c2f4e42b62ab6""",commit,QuestieDB,9d39232dab48e35811a7cc02473c2f4e42b62ab6,,conflicts with existing value; no direct ATT field mapped
94004,Craftsman's Writ: Elixir of Ogre's Strength,16941,detail.questie.commit,"""cac1eff815923f896d082764d023cf812454a023""","""9d39232dab48e35811a7cc02473c2f4e42b62ab6""",commit,QuestieDB,9d39232dab48e35811a7cc02473c2f4e42b62ab6,,no direct ATT field mapped
94004,Craftsman's Writ: Elixir of Ogre's Strength,16941,detail.questie.fields.objectives,[],"{""3"":[{""1"":264011,""3"":0},{""1"":3391,""3"":0}]}",objectives,QuestieDB,9d39232dab48e35811a7cc02473c2f4e42b62ab6,,no direct ATT field mapped
94004,Craftsman's Writ: Elixir of Ogre's Strength,16941,index.questieCommit,"""cac1eff815923f896d082764d023cf812454a023""","""9d39232dab48e35811a7cc02473c2f4e42b62ab6""",commit,QuestieDB,9d39232dab48e35811a7cc02473c2f4e42b62ab6,,conflicts with existing value; no direct ATT field mapped
94006,The Great Ursera Spirit,-263,detail.questie.commit,"""cac1eff815923f896d082764d023cf812454a023""","""9d39232dab48e35811a7cc02473c2f4e42b62ab6""",commit,QuestieDB,9d39232dab48e35811a7cc02473c2f4e42b62ab6,,no direct ATT field mapped
94006,The Great Ursera Spirit,-263,index.questieCommit,"""cac1eff815923f896d082764d023cf812454a023""","""9d39232dab48e35811a7cc02473c2f4e42b62ab6""",commit,QuestieDB,9d39232dab48e35811a7cc02473c2f4e42b62ab6,,conflicts with existing value; no direct ATT field mapped
94007,Taming the Beast,-261,detail.questie.commit,"""cac1eff815923f896d082764d023cf812454a023""","""9d39232dab48e35811a7cc02473c2f4e42b62ab6""",commit,QuestieDB,9d39232dab48e35811a7cc02473c2f4e42b62ab6,,no direct ATT field mapped
94007,Taming the Beast,-261,index.questieCommit,"""cac1eff815923f896d082764d023cf812454a023""","""9d39232dab48e35811a7cc02473c2f4e42b62ab6""",commit,QuestieDB,9d39232dab48e35811a7cc02473c2f4e42b62ab6,,conflicts with existing value; no direct ATT field mapped
94013,Taming the Beast,-261,detail.questie.commit,"""cac1eff815923f896d082764d023cf812454a023""","""9d39232dab48e35811a7cc02473c2f4e42b62ab6""",commit,QuestieDB,9d39232dab48e35811a7cc02473c2f4e42b62ab6,,no direct ATT field mapped
94013,Taming the Beast,-261,detail.questie.fields.sourceItemId,0,264163,sourceItemId,QuestieDB,9d39232dab48e35811a7cc02473c2f4e42b62ab6,,no direct ATT field mapped
94013,Taming the Beast,-261,index.questieCommit,"""cac1eff815923f896d082764d023cf812454a023""","""9d39232dab48e35811a7cc02473c2f4e42b62ab6""",commit,QuestieDB,9d39232dab48e35811a7cc02473c2f4e42b62ab6,,conflicts with existing value; no direct ATT field mapped
94050,Training the Beast,-261,detail.questie.commit,"""cac1eff815923f896d082764d023cf812454a023""","""9d39232dab48e35811a7cc02473c2f4e42b62ab6""",commit,QuestieDB,9d39232dab48e35811a7cc02473c2f4e42b62ab6,,no direct ATT field mapped
94050,Training the Beast,-261,index.questieCommit,"""cac1eff815923f896d082764d023cf812454a023""","""9d39232dab48e35811a7cc02473c2f4e42b62ab6""",commit,QuestieDB,9d39232dab48e35811a7cc02473c2f4e42b62ab6,,conflicts with existing value; no direct ATT field mapped
94212,Craftsman's Writ: Elixir of Wisdom,16941,detail.questie.commit,"""cac1eff815923f896d082764d023cf812454a023""","""9d39232dab48e35811a7cc02473c2f4e42b62ab6""",commit,QuestieDB,9d39232dab48e35811a7cc02473c2f4e42b62ab6,,no direct ATT field mapped
94212,Craftsman's Writ: Elixir of Wisdom,16941,detail.questie.fields.objectives,[],"{""3"":[{""1"":264012,""3"":0},{""1"":3383,""3"":0}]}",objectives,QuestieDB,9d39232dab48e35811a7cc02473c2f4e42b62ab6,,no direct ATT field mapped
94212,Craftsman's Writ: Elixir of Wisdom,16941,index.questieCommit,"""cac1eff815923f896d082764d023cf812454a023""","""9d39232dab48e35811a7cc02473c2f4e42b62ab6""",commit,QuestieDB,9d39232dab48e35811a7cc02473c2f4e42b62ab6,,conflicts with existing value; no direct ATT field mapped
94213,Craftsman's Writ: Lesser Mana Potion,16941,detail.questie.commit,"""cac1eff815923f896d082764d023cf812454a023""","""9d39232dab48e35811a7cc02473c2f4e42b62ab6""",commit,QuestieDB,9d39232dab48e35811a7cc02473c2f4e42b62ab6,,no direct ATT field mapped
94213,Craftsman's Writ: Lesser Mana Potion,16941,detail.questie.fields.objectives,[],"{""3"":[{""1"":264013,""3"":0},{""1"":3385,""3"":0}]}",objectives,QuestieDB,9d39232dab48e35811a7cc02473c2f4e42b62ab6,,no direct ATT field mapped
94213,Craftsman's Writ: Lesser Mana Potion,16941,index.questieCommit,"""cac1eff815923f896d082764d023cf812454a023""","""9d39232dab48e35811a7cc02473c2f4e42b62ab6""",commit,QuestieDB,9d39232dab48e35811a7cc02473c2f4e42b62ab6,,conflicts with existing value; no direct ATT field mapped
94214,Craftsman's Writ: Shadow Protection Potion,16941,detail.questie.commit,"""cac1eff815923f896d082764d023cf812454a023""","""9d39232dab48e35811a7cc02473c2f4e42b62ab6""",commit,QuestieDB,9d39232dab48e35811a7cc02473c2f4e42b62ab6,,no direct ATT field mapped
94214,Craftsman's Writ: Shadow Protection Potion,16941,detail.questie.fields.objectives,[],"{""3"":[{""1"":264014,""3"":0},{""1"":6048,""3"":0}]}",objectives,QuestieDB,9d39232dab48e35811a7cc02473c2f4e42b62ab6,,no direct ATT field mapped
94214,Craftsman's Writ: Shadow Protection Potion,16941,index.questieCommit,"""cac1eff815923f896d082764d023cf812454a023""","""9d39232dab48e35811a7cc02473c2f4e42b62ab6""",commit,QuestieDB,9d39232dab48e35811a7cc02473c2f4e42b62ab6,,conflicts with existing value; no direct ATT field mapped
94215,Craftsman's Writ: Free Action Potion,16941,detail.questie.commit,"""cac1eff815923f896d082764d023cf812454a023""","""9d39232dab48e35811a7cc02473c2f4e42b62ab6""",commit,QuestieDB,9d39232dab48e35811a7cc02473c2f4e42b62ab6,,no direct ATT field mapped
94215,Craftsman's Writ: Free Action Potion,16941,detail.questie.fields.objectives,[],"{""3"":[{""1"":264015,""3"":0},{""1"":5634,""3"":0}]}",objectives,QuestieDB,9d39232dab48e35811a7cc02473c2f4e42b62ab6,,no direct ATT field mapped
94215,Craftsman's Writ: Free Action Potion,16941,index.questieCommit,"""cac1eff815923f896d082764d023cf812454a023""","""9d39232dab48e35811a7cc02473c2f4e42b62ab6""",commit,QuestieDB,9d39232dab48e35811a7cc02473c2f4e42b62ab6,,conflicts with existing value; no direct ATT field mapped
94216,Craftsman's Writ: Elixir of Lesser Agility,16941,detail.questie.commit,"""cac1eff815923f896d082764d023cf812454a023""","""9d39232dab48e35811a7cc02473c2f4e42b62ab6""",commit,QuestieDB,9d39232dab48e35811a7cc02473c2f4e42b62ab6,,no direct ATT field mapped
94216,Craftsman's Writ: Elixir of Lesser Agility,16941,detail.questie.fields.objectives,[],"{""3"":[{""1"":264016,""3"":0},{""1"":3390,""3"":0}]}",objectives,QuestieDB,9d39232dab48e35811a7cc02473c2f4e42b62ab6,,no direct ATT field mapped
94216,Craftsman's Writ: Elixir of Lesser Agility,16941,index.questieCommit,"""cac1eff815923f896d082764d023cf812454a023""","""9d39232dab48e35811a7cc02473c2f4e42b62ab6""",commit,QuestieDB,9d39232dab48e35811a7cc02473c2f4e42b62ab6,,conflicts with existing value; no direct ATT field mapped
94217,Craftsman's Writ: Lesser Troll's Blood Elixir,16941,detail.questie.commit,"""cac1eff815923f896d082764d023cf812454a023""","""9d39232dab48e35811a7cc02473c2f4e42b62ab6""",commit,QuestieDB,9d39232dab48e35811a7cc02473c2f4e42b62ab6,,no direct ATT field mapped
94217,Craftsman's Writ: Lesser Troll's Blood Elixir,16941,detail.questie.fields.objectives,[],"{""3"":[{""1"":264017,""3"":0},{""1"":3388,""3"":0}]}",objectives,QuestieDB,9d39232dab48e35811a7cc02473c2f4e42b62ab6,,no direct ATT field mapped
94217,Craftsman's Writ: Lesser Troll's Blood Elixir,16941,index.questieCommit,"""cac1eff815923f896d082764d023cf812454a023""","""9d39232dab48e35811a7cc02473c2f4e42b62ab6""",commit,QuestieDB,9d39232dab48e35811a7cc02473c2f4e42b62ab6,,conflicts with existing value; no direct ATT field mapped
94218,Craftsman's Writ: Elixir of Defense,16941,detail.questie.commit,"""cac1eff815923f896d082764d023cf812454a023""","""9d39232dab48e35811a7cc02473c2f4e42b62ab6""",commit,QuestieDB,9d39232dab48e35811a7cc02473c2f4e42b62ab6,,no direct ATT field mapped
94218,Craftsman's Writ: Elixir of Defense,16941,detail.questie.fields.objectives,[],"{""3"":[{""1"":264018,""3"":0},{""1"":8951,""3"":0}]}",objectives,QuestieDB,9d39232dab48e35811a7cc02473c2f4e42b62ab6,,no direct ATT field mapped
94218,Craftsman's Writ: Elixir of Defense,16941,index.questieCommit,"""cac1eff815923f896d082764d023cf812454a023""","""9d39232dab48e35811a7cc02473c2f4e42b62ab6""",commit,QuestieDB,9d39232dab48e35811a7cc02473c2f4e42b62ab6,,conflicts with existing value; no direct ATT field mapped
94219,Craftsman's Writ: Draught of Water Breathing,16941,detail.questie.commit,"""cac1eff815923f896d082764d023cf812454a023""","""9d39232dab48e35811a7cc02473c2f4e42b62ab6""",commit,QuestieDB,9d39232dab48e35811a7cc02473c2f4e42b62ab6,,no direct ATT field mapped
94219,Craftsman's Writ: Draught of Water Breathing,16941,detail.questie.fields.objectives,[],"{""3"":[{""1"":264019,""3"":0},{""1"":5996,""3"":0}]}",objectives,QuestieDB,9d39232dab48e35811a7cc02473c2f4e42b62ab6,,no direct ATT field mapped
94219,Craftsman's Writ: Draught of Water Breathing,16941,index.questieCommit,"""cac1eff815923f896d082764d023cf812454a023""","""9d39232dab48e35811a7cc02473c2f4e42b62ab6""",commit,QuestieDB,9d39232dab48e35811a7cc02473c2f4e42b62ab6,,conflicts with existing value; no direct ATT field mapped
94220,Craftsman's Writ: Pearl-Handled Dagger,16941,detail.questie.commit,"""cac1eff815923f896d082764d023cf812454a023""","""9d39232dab48e35811a7cc02473c2f4e42b62ab6""",commit,QuestieDB,9d39232dab48e35811a7cc02473c2f4e42b62ab6,,no direct ATT field mapped
94220,Craftsman's Writ: Pearl-Handled Dagger,16941,detail.questie.fields.objectives,[],"{""3"":[{""1"":264020,""3"":0},{""1"":5540,""3"":0}]}",objectives,QuestieDB,9d39232dab48e35811a7cc02473c2f4e42b62ab6,,no direct ATT field mapped
94220,Craftsman's Writ: Pearl-Handled Dagger,16941,index.questieCommit,"""cac1eff815923f896d082764d023cf812454a023""","""9d39232dab48e35811a7cc02473c2f4e42b62ab6""",commit,QuestieDB,9d39232dab48e35811a7cc02473c2f4e42b62ab6,,conflicts with existing value; no direct ATT field mapped
94221,Craftsman's Writ: Golden Rod,16941,detail.questie.commit,"""cac1eff815923f896d082764d023cf812454a023""","""9d39232dab48e35811a7cc02473c2f4e42b62ab6""",commit,QuestieDB,9d39232dab48e35811a7cc02473c2f4e42b62ab6,,no direct ATT field mapped
94221,Craftsman's Writ: Golden Rod,16941,detail.questie.fields.objectives,[],"{""3"":[{""1"":264021,""3"":0},{""1"":11128,""3"":0}]}",objectives,QuestieDB,9d39232dab48e35811a7cc02473c2f4e42b62ab6,,no direct ATT field mapped
94221,Craftsman's Writ: Golden Rod,16941,index.questieCommit,"""cac1eff815923f896d082764d023cf812454a023""","""9d39232dab48e35811a7cc02473c2f4e42b62ab6""",commit,QuestieDB,9d39232dab48e35811a7cc02473c2f4e42b62ab6,,conflicts with existing value; no direct ATT field mapped
94222,Craftsman's Writ: Iridescent Hammer,16941,detail.questie.commit,"""cac1eff815923f896d082764d023cf812454a023""","""9d39232dab48e35811a7cc02473c2f4e42b62ab6""",commit,QuestieDB,9d39232dab48e35811a7cc02473c2f4e42b62ab6,,no direct ATT field mapped
94222,Craftsman's Writ: Iridescent Hammer,16941,detail.questie.fields.objectives,[],"{""3"":[{""1"":264022,""3"":0},{""1"":5541,""3"":0}]}",objectives,QuestieDB,9d39232dab48e35811a7cc02473c2f4e42b62ab6,,no direct ATT field mapped
94222,Craftsman's Writ: Iridescent Hammer,16941,index.questieCommit,"""cac1eff815923f896d082764d023cf812454a023""","""9d39232dab48e35811a7cc02473c2f4e42b62ab6""",commit,QuestieDB,9d39232dab48e35811a7cc02473c2f4e42b62ab6,,conflicts with existing value; no direct ATT field mapped
94223,Craftsman's Writ: Silver Skeleton Key,16941,detail.questie.commit,"""cac1eff815923f896d082764d023cf812454a023""","""9d39232dab48e35811a7cc02473c2f4e42b62ab6""",commit,QuestieDB,9d39232dab48e35811a7cc02473c2f4e42b62ab6,,no direct ATT field mapped
94223,Craftsman's Writ: Silver Skeleton Key,16941,detail.questie.fields.objectives,[],"{""3"":[{""1"":264023,""3"":0},{""1"":15869,""3"":0}]}",objectives,QuestieDB,9d39232dab48e35811a7cc02473c2f4e42b62ab6,,no direct ATT field mapped
94223,Craftsman's Writ: Silver Skeleton Key,16941,index.questieCommit,"""cac1eff815923f896d082764d023cf812454a023""","""9d39232dab48e35811a7cc02473c2f4e42b62ab6""",commit,QuestieDB,9d39232dab48e35811a7cc02473c2f4e42b62ab6,,conflicts with existing value; no direct ATT field mapped
94224,Craftsman's Writ: Heavy Bronze Mace,16941,detail.questie.commit,"""cac1eff815923f896d082764d023cf812454a023""","""9d39232dab48e35811a7cc02473c2f4e42b62ab6""",commit,QuestieDB,9d39232dab48e35811a7cc02473c2f4e42b62ab6,,no direct ATT field mapped
94224,Craftsman's Writ: Heavy Bronze Mace,16941,detail.questie.fields.objectives,[],"{""3"":[{""1"":264024,""3"":0},{""1"":3491,""3"":0}]}",objectives,QuestieDB,9d39232dab48e35811a7cc02473c2f4e42b62ab6,,no direct ATT field mapped
94224,Craftsman's Writ: Heavy Bronze Mace,16941,index.questieCommit,"""cac1eff815923f896d082764d023cf812454a023""","""9d39232dab48e35811a7cc02473c2f4e42b62ab6""",commit,QuestieDB,9d39232dab48e35811a7cc02473c2f4e42b62ab6,,conflicts with existing value; no direct ATT field mapped
94225,Craftsman's Writ: Rough Bronze Leggings,16941,detail.questie.commit,"""cac1eff815923f896d082764d023cf812454a023""","""9d39232dab48e35811a7cc02473c2f4e42b62ab6""",commit,QuestieDB,9d39232dab48e35811a7cc02473c2f4e42b62ab6,,no direct ATT field mapped
94225,Craftsman's Writ: Rough Bronze Leggings,16941,detail.questie.fields.objectives,[],"{""3"":[{""1"":264025,""3"":0},{""1"":2865,""3"":0}]}",objectives,QuestieDB,9d39232dab48e35811a7cc02473c2f4e42b62ab6,,no direct ATT field mapped
94225,Craftsman's Writ: Rough Bronze Leggings,16941,index.questieCommit,"""cac1eff815923f896d082764d023cf812454a023""","""9d39232dab48e35811a7cc02473c2f4e42b62ab6""",commit,QuestieDB,9d39232dab48e35811a7cc02473c2f4e42b62ab6,,conflicts with existing value; no direct ATT field mapped
94226,Craftsman's Writ: Green Iron Gauntlets,16941,detail.questie.commit,"""cac1eff815923f896d082764d023cf812454a023""","""9d39232dab48e35811a7cc02473c2f4e42b62ab6""",commit,QuestieDB,9d39232dab48e35811a7cc02473c2f4e42b62ab6,,no direct ATT field mapped
94226,Craftsman's Writ: Green Iron Gauntlets,16941,detail.questie.fields.objectives,[],"{""3"":[{""1"":264026,""3"":0},{""1"":3485,""3"":0}]}",objectives,QuestieDB,9d39232dab48e35811a7cc02473c2f4e42b62ab6,,no direct ATT field mapped
94226,Craftsman's Writ: Green Iron Gauntlets,16941,index.questieCommit,"""cac1eff815923f896d082764d023cf812454a023""","""9d39232dab48e35811a7cc02473c2f4e42b62ab6""",commit,QuestieDB,9d39232dab48e35811a7cc02473c2f4e42b62ab6,,conflicts with existing value; no direct ATT field mapped
94227,Craftsman's Writ: Big Bronze Knife,16941,detail.questie.commit,"""cac1eff815923f896d082764d023cf812454a023""","""9d39232dab48e35811a7cc02473c2f4e42b62ab6""",commit,QuestieDB,9d39232dab48e35811a7cc02473c2f4e42b62ab6,,no direct ATT field mapped
94227,Craftsman's Writ: Big Bronze Knife,16941,detail.questie.fields.objectives,[],"{""3"":[{""1"":264027,""3"":0},{""1"":3848,""3"":0}]}",objectives,QuestieDB,9d39232dab48e35811a7cc02473c2f4e42b62ab6,,no direct ATT field mapped
94227,Craftsman's Writ: Big Bronze Knife,16941,index.questieCommit,"""cac1eff815923f896d082764d023cf812454a023""","""9d39232dab48e35811a7cc02473c2f4e42b62ab6""",commit,QuestieDB,9d39232dab48e35811a7cc02473c2f4e42b62ab6,,conflicts with existing value; no direct ATT field mapped
94228,Craftsman's Writ: Green Iron Boots,16941,detail.questie.commit,"""cac1eff815923f896d082764d023cf812454a023""","""9d39232dab48e35811a7cc02473c2f4e42b62ab6""",commit,QuestieDB,9d39232dab48e35811a7cc02473c2f4e42b62ab6,,no direct ATT field mapped
94228,Craftsman's Writ: Green Iron Boots,16941,detail.questie.fields.objectives,[],"{""3"":[{""1"":264028,""3"":0},{""1"":3484,""3"":0}]}",objectives,QuestieDB,9d39232dab48e35811a7cc02473c2f4e42b62ab6,,no direct ATT field mapped
94228,Craftsman's Writ: Green Iron Boots,16941,index.questieCommit,"""cac1eff815923f896d082764d023cf812454a023""","""9d39232dab48e35811a7cc02473c2f4e42b62ab6""",commit,QuestieDB,9d39232dab48e35811a7cc02473c2f4e42b62ab6,,conflicts with existing value; no direct ATT field mapped
94229,Craftsman's Writ: Ornate Spyglass,16941,detail.questie.commit,"""cac1eff815923f896d082764d023cf812454a023""","""9d39232dab48e35811a7cc02473c2f4e42b62ab6""",commit,QuestieDB,9d39232dab48e35811a7cc02473c2f4e42b62ab6,,no direct ATT field mapped
94229,Craftsman's Writ: Ornate Spyglass,16941,detail.questie.fields.objectives,[],"{""3"":[{""1"":264029,""3"":0},{""1"":5507,""3"":0}]}",objectives,QuestieDB,9d39232dab48e35811a7cc02473c2f4e42b62ab6,,no direct ATT field mapped
94229,Craftsman's Writ: Ornate Spyglass,16941,index.questieCommit,"""cac1eff815923f896d082764d023cf812454a023""","""9d39232dab48e35811a7cc02473c2f4e42b62ab6""",commit,QuestieDB,9d39232dab48e35811a7cc02473c2f4e42b62ab6,,conflicts with existing value; no direct ATT field mapped
94230,Craftsman's Writ: Explosive Sheep,16941,detail.questie.commit,"""cac1eff815923f896d082764d023cf812454a023""","""9d39232dab48e35811a7cc02473c2f4e42b62ab6""",commit,QuestieDB,9d39232dab48e35811a7cc02473c2f4e42b62ab6,,no direct ATT field mapped
94230,Craftsman's Writ: Explosive Sheep,16941,detail.questie.fields.objectives,[],"{""3"":[{""1"":264030,""3"":0},{""1"":4384,""3"":0}]}",objectives,QuestieDB,9d39232dab48e35811a7cc02473c2f4e42b62ab6,,no direct ATT field mapped
94230,Craftsman's Writ: Explosive Sheep,16941,index.questieCommit,"""cac1eff815923f896d082764d023cf812454a023""","""9d39232dab48e35811a7cc02473c2f4e42b62ab6""",commit,QuestieDB,9d39232dab48e35811a7cc02473c2f4e42b62ab6,,conflicts with existing value; no direct ATT field mapped
94231,Craftsman's Writ: Moonsight Rifle,16941,detail.questie.commit,"""cac1eff815923f896d082764d023cf812454a023""","""9d39232dab48e35811a7cc02473c2f4e42b62ab6""",commit,QuestieDB,9d39232dab48e35811a7cc02473c2f4e42b62ab6,,no direct ATT field mapped
94231,Craftsman's Writ: Moonsight Rifle,16941,detail.questie.fields.objectives,[],"{""3"":[{""1"":264031,""3"":0},{""1"":4383,""3"":0}]}",objectives,QuestieDB,9d39232dab48e35811a7cc02473c2f4e42b62ab6,,no direct ATT field mapped
94231,Craftsman's Writ: Moonsight Rifle,16941,index.questieCommit,"""cac1eff815923f896d082764d023cf812454a023""","""9d39232dab48e35811a7cc02473c2f4e42b62ab6""",commit,QuestieDB,9d39232dab48e35811a7cc02473c2f4e42b62ab6,,conflicts with existing value; no direct ATT field mapped
94232,Craftsman's Writ: Minor Recombobulator,16941,detail.questie.commit,"""cac1eff815923f896d082764d023cf812454a023""","""9d39232dab48e35811a7cc02473c2f4e42b62ab6""",commit,QuestieDB,9d39232dab48e35811a7cc02473c2f4e42b62ab6,,no direct ATT field mapped
94232,Craftsman's Writ: Minor Recombobulator,16941,detail.questie.fields.objectives,[],"{""3"":[{""1"":264032,""3"":0},{""1"":4381,""3"":0}]}",objectives,QuestieDB,9d39232dab48e35811a7cc02473c2f4e42b62ab6,,no direct ATT field mapped
94232,Craftsman's Writ: Minor Recombobulator,16941,index.questieCommit,"""cac1eff815923f896d082764d023cf812454a023""","""9d39232dab48e35811a7cc02473c2f4e42b62ab6""",commit,QuestieDB,9d39232dab48e35811a7cc02473c2f4e42b62ab6,,conflicts with existing value; no direct ATT field mapped
94233,Craftsman's Writ: Practice Lock,16941,detail.questie.commit,"""cac1eff815923f896d082764d023cf812454a023""","""9d39232dab48e35811a7cc02473c2f4e42b62ab6""",commit,QuestieDB,9d39232dab48e35811a7cc02473c2f4e42b62ab6,,no direct ATT field mapped
94233,Craftsman's Writ: Practice Lock,16941,detail.questie.fields.objectives,[],"{""3"":[{""1"":264033,""3"":0},{""1"":6712,""3"":0}]}",objectives,QuestieDB,9d39232dab48e35811a7cc02473c2f4e42b62ab6,,no direct ATT field mapped
94233,Craftsman's Writ: Practice Lock,16941,index.questieCommit,"""cac1eff815923f896d082764d023cf812454a023""","""9d39232dab48e35811a7cc02473c2f4e42b62ab6""",commit,QuestieDB,9d39232dab48e35811a7cc02473c2f4e42b62ab6,,conflicts with existing value; no direct ATT field mapped
94234,Craftsman's Writ: Shadow Goggles,16941,detail.questie.commit,"""cac1eff815923f896d082764d023cf812454a023""","""9d39232dab48e35811a7cc02473c2f4e42b62ab6""",commit,QuestieDB,9d39232dab48e35811a7cc02473c2f4e42b62ab6,,no direct ATT field mapped
94234,Craftsman's Writ: Shadow Goggles,16941,detail.questie.fields.objectives,[],"{""3"":[{""1"":264034,""3"":0},{""1"":4373,""3"":0}]}",objectives,QuestieDB,9d39232dab48e35811a7cc02473c2f4e42b62ab6,,no direct ATT field mapped
94234,Craftsman's Writ: Shadow Goggles,16941,index.questieCommit,"""cac1eff815923f896d082764d023cf812454a023""","""9d39232dab48e35811a7cc02473c2f4e42b62ab6""",commit,QuestieDB,9d39232dab48e35811a7cc02473c2f4e42b62ab6,,conflicts with existing value; no direct ATT field mapped
94235,Craftsman's Writ: Gnomish Universal Remote,16941,detail.questie.commit,"""cac1eff815923f896d082764d023cf812454a023""","""9d39232dab48e35811a7cc02473c2f4e42b62ab6""",commit,QuestieDB,9d39232dab48e35811a7cc02473c2f4e42b62ab6,,no direct ATT field mapped
94235,Craftsman's Writ: Gnomish Universal Remote,16941,detail.questie.fields.objectives,[],"{""3"":[{""1"":264035,""3"":0},{""1"":7506,""3"":0}]}",objectives,QuestieDB,9d39232dab48e35811a7cc02473c2f4e42b62ab6,,no direct ATT field mapped
94235,Craftsman's Writ: Gnomish Universal Remote,16941,index.questieCommit,"""cac1eff815923f896d082764d023cf812454a023""","""9d39232dab48e35811a7cc02473c2f4e42b62ab6""",commit,QuestieDB,9d39232dab48e35811a7cc02473c2f4e42b62ab6,,conflicts with existing value; no direct ATT field mapped
94236,Craftsman's Writ: Big Bronze Bomb,16941,detail.questie.commit,"""cac1eff815923f896d082764d023cf812454a023""","""9d39232dab48e35811a7cc02473c2f4e42b62ab6""",commit,QuestieDB,9d39232dab48e35811a7cc02473c2f4e42b62ab6,,no direct ATT field mapped
94236,Craftsman's Writ: Big Bronze Bomb,16941,detail.questie.fields.objectives,[],"{""3"":[{""1"":264036,""3"":0},{""1"":4380,""3"":0}]}",objectives,QuestieDB,9d39232dab48e35811a7cc02473c2f4e42b62ab6,,no direct ATT field mapped
94236,Craftsman's Writ: Big Bronze Bomb,16941,index.questieCommit,"""cac1eff815923f896d082764d023cf812454a023""","""9d39232dab48e35811a7cc02473c2f4e42b62ab6""",commit,QuestieDB,9d39232dab48e35811a7cc02473c2f4e42b62ab6,,conflicts with existing value; no direct ATT field mapped
94237,Craftsman's Writ: Crafted Solid Shot,16941,detail.questie.commit,"""cac1eff815923f896d082764d023cf812454a023""","""9d39232dab48e35811a7cc02473c2f4e42b62ab6""",commit,QuestieDB,9d39232dab48e35811a7cc02473c2f4e42b62ab6,,no direct ATT field mapped
94237,Craftsman's Writ: Crafted Solid Shot,16941,detail.questie.fields.objectives,[],"{""3"":[{""1"":264037,""3"":0},{""1"":8069,""3"":0}]}",objectives,QuestieDB,9d39232dab48e35811a7cc02473c2f4e42b62ab6,,no direct ATT field mapped
94237,Craftsman's Writ: Crafted Solid Shot,16941,index.questieCommit,"""cac1eff815923f896d082764d023cf812454a023""","""9d39232dab48e35811a7cc02473c2f4e42b62ab6""",commit,QuestieDB,9d39232dab48e35811a7cc02473c2f4e42b62ab6,,conflicts with existing value; no direct ATT field mapped
94238,Craftsman's Writ: Heavy Leather Ball,16941,detail.questie.commit,"""cac1eff815923f896d082764d023cf812454a023""","""9d39232dab48e35811a7cc02473c2f4e42b62ab6""",commit,QuestieDB,9d39232dab48e35811a7cc02473c2f4e42b62ab6,,no direct ATT field mapped
94238,Craftsman's Writ: Heavy Leather Ball,16941,detail.questie.fields.objectives,[],"{""3"":[{""1"":264038,""3"":0},{""1"":18662,""3"":0}]}",objectives,QuestieDB,9d39232dab48e35811a7cc02473c2f4e42b62ab6,,no direct ATT field mapped
94238,Craftsman's Writ: Heavy Leather Ball,16941,index.questieCommit,"""cac1eff815923f896d082764d023cf812454a023""","""9d39232dab48e35811a7cc02473c2f4e42b62ab6""",commit,QuestieDB,9d39232dab48e35811a7cc02473c2f4e42b62ab6,,conflicts with existing value; no direct ATT field mapped
94239,Craftsman's Writ: Fine Leather Pants,16941,detail.questie.commit,"""cac1eff815923f896d082764d023cf812454a023""","""9d39232dab48e35811a7cc02473c2f4e42b62ab6""",commit,QuestieDB,9d39232dab48e35811a7cc02473c2f4e42b62ab6,,no direct ATT field mapped
94239,Craftsman's Writ: Fine Leather Pants,16941,detail.questie.fields.objectives,[],"{""3"":[{""1"":264039,""3"":0},{""1"":5958,""3"":0}]}",objectives,QuestieDB,9d39232dab48e35811a7cc02473c2f4e42b62ab6,,no direct ATT field mapped
94239,Craftsman's Writ: Fine Leather Pants,16941,index.questieCommit,"""cac1eff815923f896d082764d023cf812454a023""","""9d39232dab48e35811a7cc02473c2f4e42b62ab6""",commit,QuestieDB,9d39232dab48e35811a7cc02473c2f4e42b62ab6,,conflicts with existing value; no direct ATT field mapped
94240,Craftsman's Writ: Herbalist's Gloves,16941,detail.questie.commit,"""cac1eff815923f896d082764d023cf812454a023""","""9d39232dab48e35811a7cc02473c2f4e42b62ab6""",commit,QuestieDB,9d39232dab48e35811a7cc02473c2f4e42b62ab6,,no direct ATT field mapped
94240,Craftsman's Writ: Herbalist's Gloves,16941,detail.questie.fields.objectives,[],"{""3"":[{""1"":264040,""3"":0},{""1"":7349,""3"":0}]}",objectives,QuestieDB,9d39232dab48e35811a7cc02473c2f4e42b62ab6,,no direct ATT field mapped
94240,Craftsman's Writ: Herbalist's Gloves,16941,index.questieCommit,"""cac1eff815923f896d082764d023cf812454a023""","""9d39232dab48e35811a7cc02473c2f4e42b62ab6""",commit,QuestieDB,9d39232dab48e35811a7cc02473c2f4e42b62ab6,,conflicts with existing value; no direct ATT field mapped
94241,Craftsman's Writ: Dark Leather Tunic,16941,detail.questie.commit,"""cac1eff815923f896d082764d023cf812454a023""","""9d39232dab48e35811a7cc02473c2f4e42b62ab6""",commit,QuestieDB,9d39232dab48e35811a7cc02473c2f4e42b62ab6,,no direct ATT field mapped
94241,Craftsman's Writ: Dark Leather Tunic,16941,detail.questie.fields.objectives,[],"{""3"":[{""1"":264041,""3"":0},{""1"":2317,""3"":0}]}",objectives,QuestieDB,9d39232dab48e35811a7cc02473c2f4e42b62ab6,,no direct ATT field mapped
94241,Craftsman's Writ: Dark Leather Tunic,16941,index.questieCommit,"""cac1eff815923f896d082764d023cf812454a023""","""9d39232dab48e35811a7cc02473c2f4e42b62ab6""",commit,QuestieDB,9d39232dab48e35811a7cc02473c2f4e42b62ab6,,conflicts with existing value; no direct ATT field mapped
94242,Craftsman's Writ: Pilferer's Gloves,16941,detail.questie.commit,"""cac1eff815923f896d082764d023cf812454a023""","""9d39232dab48e35811a7cc02473c2f4e42b62ab6""",commit,QuestieDB,9d39232dab48e35811a7cc02473c2f4e42b62ab6,,no direct ATT field mapped
94242,Craftsman's Writ: Pilferer's Gloves,16941,detail.questie.fields.objectives,[],"{""3"":[{""1"":264042,""3"":0},{""1"":7358,""3"":0}]}",objectives,QuestieDB,9d39232dab48e35811a7cc02473c2f4e42b62ab6,,no direct ATT field mapped
94242,Craftsman's Writ: Pilferer's Gloves,16941,index.questieCommit,"""cac1eff815923f896d082764d023cf812454a023""","""9d39232dab48e35811a7cc02473c2f4e42b62ab6""",commit,QuestieDB,9d39232dab48e35811a7cc02473c2f4e42b62ab6,,conflicts with existing value; no direct ATT field mapped
94243,Craftsman's Writ: Heavy Quiver,16941,detail.questie.commit,"""cac1eff815923f896d082764d023cf812454a023""","""9d39232dab48e35811a7cc02473c2f4e42b62ab6""",commit,QuestieDB,9d39232dab48e35811a7cc02473c2f4e42b62ab6,,no direct ATT field mapped
94243,Craftsman's Writ: Heavy Quiver,16941,detail.questie.fields.objectives,[],"{""3"":[{""1"":264043,""3"":0},{""1"":7371,""3"":0}]}",objectives,QuestieDB,9d39232dab48e35811a7cc02473c2f4e42b62ab6,,no direct ATT field mapped
94243,Craftsman's Writ: Heavy Quiver,16941,index.questieCommit,"""cac1eff815923f896d082764d023cf812454a023""","""9d39232dab48e35811a7cc02473c2f4e42b62ab6""",commit,QuestieDB,9d39232dab48e35811a7cc02473c2f4e42b62ab6,,conflicts with existing value; no direct ATT field mapped
94244,Craftsman's Writ: Dark Leather Shoulders,16941,detail.questie.commit,"""cac1eff815923f896d082764d023cf812454a023""","""9d39232dab48e35811a7cc02473c2f4e42b62ab6""",commit,QuestieDB,9d39232dab48e35811a7cc02473c2f4e42b62ab6,,no direct ATT field mapped
94244,Craftsman's Writ: Dark Leather Shoulders,16941,detail.questie.fields.objectives,[],"{""3"":[{""1"":264044,""3"":0},{""1"":4252,""3"":0}]}",objectives,QuestieDB,9d39232dab48e35811a7cc02473c2f4e42b62ab6,,no direct ATT field mapped
94244,Craftsman's Writ: Dark Leather Shoulders,16941,index.questieCommit,"""cac1eff815923f896d082764d023cf812454a023""","""9d39232dab48e35811a7cc02473c2f4e42b62ab6""",commit,QuestieDB,9d39232dab48e35811a7cc02473c2f4e42b62ab6,,conflicts with existing value; no direct ATT field mapped
94245,Craftsman's Writ: Barbaric Gloves,16941,detail.questie.commit,"""cac1eff815923f896d082764d023cf812454a023""","""9d39232dab48e35811a7cc02473c2f4e42b62ab6""",commit,QuestieDB,9d39232dab48e35811a7cc02473c2f4e42b62ab6,,no direct ATT field mapped
94245,Craftsman's Writ: Barbaric Gloves,16941,detail.questie.fields.objectives,[],"{""3"":[{""1"":264045,""3"":0},{""1"":4254,""3"":0}]}",objectives,QuestieDB,9d39232dab48e35811a7cc02473c2f4e42b62ab6,,no direct ATT field mapped
94245,Craftsman's Writ: Barbaric Gloves,16941,index.questieCommit,"""cac1eff815923f896d082764d023cf812454a023""","""9d39232dab48e35811a7cc02473c2f4e42b62ab6""",commit,QuestieDB,9d39232dab48e35811a7cc02473c2f4e42b62ab6,,conflicts with existing value; no direct ATT field mapped
94246,Craftsman's Writ: Red Whelp Gloves,16941,detail.questie.commit,"""cac1eff815923f896d082764d023cf812454a023""","""9d39232dab48e35811a7cc02473c2f4e42b62ab6""",commit,QuestieDB,9d39232dab48e35811a7cc02473c2f4e42b62ab6,,no direct ATT field mapped
94246,Craftsman's Writ: Red Whelp Gloves,16941,detail.questie.fields.objectives,[],"{""3"":[{""1"":264046,""3"":0},{""1"":7284,""3"":0}]}",objectives,QuestieDB,9d39232dab48e35811a7cc02473c2f4e42b62ab6,,no direct ATT field mapped
94246,Craftsman's Writ: Red Whelp Gloves,16941,index.questieCommit,"""cac1eff815923f896d082764d023cf812454a023""","""9d39232dab48e35811a7cc02473c2f4e42b62ab6""",commit,QuestieDB,9d39232dab48e35811a7cc02473c2f4e42b62ab6,,conflicts with existing value; no direct ATT field mapped
94247,Craftsman's Writ: Lesser Wizard's Robe,16941,detail.questie.commit,"""cac1eff815923f896d082764d023cf812454a023""","""9d39232dab48e35811a7cc02473c2f4e42b62ab6""",commit,QuestieDB,9d39232dab48e35811a7cc02473c2f4e42b62ab6,,no direct ATT field mapped
94247,Craftsman's Writ: Lesser Wizard's Robe,16941,detail.questie.fields.objectives,[],"{""3"":[{""1"":264047,""3"":0},{""1"":5766,""3"":0}]}",objectives,QuestieDB,9d39232dab48e35811a7cc02473c2f4e42b62ab6,,no direct ATT field mapped
94247,Craftsman's Writ: Lesser Wizard's Robe,16941,index.questieCommit,"""cac1eff815923f896d082764d023cf812454a023""","""9d39232dab48e35811a7cc02473c2f4e42b62ab6""",commit,QuestieDB,9d39232dab48e35811a7cc02473c2f4e42b62ab6,,conflicts with existing value; no direct ATT field mapped
94248,Craftsman's Writ: Blue Overalls,16941,detail.questie.commit,"""cac1eff815923f896d082764d023cf812454a023""","""9d39232dab48e35811a7cc02473c2f4e42b62ab6""",commit,QuestieDB,9d39232dab48e35811a7cc02473c2f4e42b62ab6,,no direct ATT field mapped
94248,Craftsman's Writ: Blue Overalls,16941,detail.questie.fields.objectives,[],"{""3"":[{""1"":264048,""3"":0},{""1"":6263,""3"":0}]}",objectives,QuestieDB,9d39232dab48e35811a7cc02473c2f4e42b62ab6,,no direct ATT field mapped
94248,Craftsman's Writ: Blue Overalls,16941,index.questieCommit,"""cac1eff815923f896d082764d023cf812454a023""","""9d39232dab48e35811a7cc02473c2f4e42b62ab6""",commit,QuestieDB,9d39232dab48e35811a7cc02473c2f4e42b62ab6,,conflicts with existing value; no direct ATT field mapped
94249,Craftsman's Writ: Azure Silk Hood,16941,detail.questie.commit,"""cac1eff815923f896d082764d023cf812454a023""","""9d39232dab48e35811a7cc02473c2f4e42b62ab6""",commit,QuestieDB,9d39232dab48e35811a7cc02473c2f4e42b62ab6,,no direct ATT field mapped
94249,Craftsman's Writ: Azure Silk Hood,16941,detail.questie.fields.objectives,[],"{""3"":[{""1"":264049,""3"":0},{""1"":7048,""3"":0}]}",objectives,QuestieDB,9d39232dab48e35811a7cc02473c2f4e42b62ab6,,no direct ATT field mapped
94249,Craftsman's Writ: Azure Silk Hood,16941,index.questieCommit,"""cac1eff815923f896d082764d023cf812454a023""","""9d39232dab48e35811a7cc02473c2f4e42b62ab6""",commit,QuestieDB,9d39232dab48e35811a7cc02473c2f4e42b62ab6,,conflicts with existing value; no direct ATT field mapped
94250,Craftsman's Writ: Small Silk Pack,16941,detail.questie.commit,"""cac1eff815923f896d082764d023cf812454a023""","""9d39232dab48e35811a7cc02473c2f4e42b62ab6""",commit,QuestieDB,9d39232dab48e35811a7cc02473c2f4e42b62ab6,,no direct ATT field mapped
94250,Craftsman's Writ: Small Silk Pack,16941,detail.questie.fields.objectives,[],"{""3"":[{""1"":264050,""3"":0},{""1"":4245,""3"":0}]}",objectives,QuestieDB,9d39232dab48e35811a7cc02473c2f4e42b62ab6,,no direct ATT field mapped
94250,Craftsman's Writ: Small Silk Pack,16941,index.questieCommit,"""cac1eff815923f896d082764d023cf812454a023""","""9d39232dab48e35811a7cc02473c2f4e42b62ab6""",commit,QuestieDB,9d39232dab48e35811a7cc02473c2f4e42b62ab6,,conflicts with existing value; no direct ATT field mapped
94251,Craftsman's Writ: Phoenix Pants,16941,detail.questie.commit,"""cac1eff815923f896d082764d023cf812454a023""","""9d39232dab48e35811a7cc02473c2f4e42b62ab6""",commit,QuestieDB,9d39232dab48e35811a7cc02473c2f4e42b62ab6,,no direct ATT field mapped
94251,Craftsman's Writ: Phoenix Pants,16941,detail.questie.fields.objectives,[],"{""3"":[{""1"":264051,""3"":0},{""1"":4317,""3"":0}]}",objectives,QuestieDB,9d39232dab48e35811a7cc02473c2f4e42b62ab6,,no direct ATT field mapped
94251,Craftsman's Writ: Phoenix Pants,16941,index.questieCommit,"""cac1eff815923f896d082764d023cf812454a023""","""9d39232dab48e35811a7cc02473c2f4e42b62ab6""",commit,QuestieDB,9d39232dab48e35811a7cc02473c2f4e42b62ab6,,conflicts with existing value; no direct ATT field mapped
94252,Craftsman's Writ: Red Woolen Boots,16941,detail.questie.commit,"""cac1eff815923f896d082764d023cf812454a023""","""9d39232dab48e35811a7cc02473c2f4e42b62ab6""",commit,QuestieDB,9d39232dab48e35811a7cc02473c2f4e42b62ab6,,no direct ATT field mapped
94252,Craftsman's Writ: Red Woolen Boots,16941,detail.questie.fields.objectives,[],"{""3"":[{""1"":264052,""3"":0},{""1"":4313,""3"":0}]}",objectives,QuestieDB,9d39232dab48e35811a7cc02473c2f4e42b62ab6,,no direct ATT field mapped
94252,Craftsman's Writ: Red Woolen Boots,16941,index.questieCommit,"""cac1eff815923f896d082764d023cf812454a023""","""9d39232dab48e35811a7cc02473c2f4e42b62ab6""",commit,QuestieDB,9d39232dab48e35811a7cc02473c2f4e42b62ab6,,conflicts with existing value; no direct ATT field mapped
94253,Craftsman's Writ: Colorful Kilt,16941,detail.questie.commit,"""cac1eff815923f896d082764d023cf812454a023""","""9d39232dab48e35811a7cc02473c2f4e42b62ab6""",commit,QuestieDB,9d39232dab48e35811a7cc02473c2f4e42b62ab6,,no direct ATT field mapped
94253,Craftsman's Writ: Colorful Kilt,16941,detail.questie.fields.objectives,[],"{""3"":[{""1"":264053,""3"":0},{""1"":10048,""3"":0}]}",objectives,QuestieDB,9d39232dab48e35811a7cc02473c2f4e42b62ab6,,no direct ATT field mapped
94253,Craftsman's Writ: Colorful Kilt,16941,index.questieCommit,"""cac1eff815923f896d082764d023cf812454a023""","""9d39232dab48e35811a7cc02473c2f4e42b62ab6""",commit,QuestieDB,9d39232dab48e35811a7cc02473c2f4e42b62ab6,,conflicts with existing value; no direct ATT field mapped
94254,Craftsman's Writ: Greater Adept's Robe,16941,detail.questie.commit,"""cac1eff815923f896d082764d023cf812454a023""","""9d39232dab48e35811a7cc02473c2f4e42b62ab6""",commit,QuestieDB,9d39232dab48e35811a7cc02473c2f4e42b62ab6,,no direct ATT field mapped
94254,Craftsman's Writ: Greater Adept's Robe,16941,detail.questie.fields.objectives,[],"{""3"":[{""1"":264054,""3"":0},{""1"":6264,""3"":0}]}",objectives,QuestieDB,9d39232dab48e35811a7cc02473c2f4e42b62ab6,,no direct ATT field mapped
94254,Craftsman's Writ: Greater Adept's Robe,16941,index.questieCommit,"""cac1eff815923f896d082764d023cf812454a023""","""9d39232dab48e35811a7cc02473c2f4e42b62ab6""",commit,QuestieDB,9d39232dab48e35811a7cc02473c2f4e42b62ab6,,conflicts with existing value; no direct ATT field mapped
94255,Craftsman's Writ: Spider Silk Slippers,16941,detail.questie.commit,"""cac1eff815923f896d082764d023cf812454a023""","""9d39232dab48e35811a7cc02473c2f4e42b62ab6""",commit,QuestieDB,9d39232dab48e35811a7cc02473c2f4e42b62ab6,,no direct ATT field mapped
94255,Craftsman's Writ: Spider Silk Slippers,16941,detail.questie.fields.objectives,[],"{""3"":[{""1"":264055,""3"":0},{""1"":4321,""3"":0}]}",objectives,QuestieDB,9d39232dab48e35811a7cc02473c2f4e42b62ab6,,no direct ATT field mapped
94255,Craftsman's Writ: Spider Silk Slippers,16941,index.questieCommit,"""cac1eff815923f896d082764d023cf812454a023""","""9d39232dab48e35811a7cc02473c2f4e42b62ab6""",commit,QuestieDB,9d39232dab48e35811a7cc02473c2f4e42b62ab6,,conflicts with existing value; no direct ATT field mapped
94256,Craftsman's Writ: Frost Protection Potion,16941,detail.questie.commit,"""cac1eff815923f896d082764d023cf812454a023""","""9d39232dab48e35811a7cc02473c2f4e42b62ab6""",commit,QuestieDB,9d39232dab48e35811a7cc02473c2f4e42b62ab6,,no direct ATT field mapped
94256,Craftsman's Writ: Frost Protection Potion,16941,detail.questie.fields.objectives,[],"{""3"":[{""1"":264056,""3"":0},{""1"":6050,""3"":0}]}",objectives,QuestieDB,9d39232dab48e35811a7cc02473c2f4e42b62ab6,,no direct ATT field mapped
94256,Craftsman's Writ: Frost Protection Potion,16941,index.questieCommit,"""cac1eff815923f896d082764d023cf812454a023""","""9d39232dab48e35811a7cc02473c2f4e42b62ab6""",commit,QuestieDB,9d39232dab48e35811a7cc02473c2f4e42b62ab6,,conflicts with existing value; no direct ATT field mapped
94257,Craftsman's Writ: Lesser Invisibility Potion,16941,detail.questie.commit,"""cac1eff815923f896d082764d023cf812454a023""","""9d39232dab48e35811a7cc02473c2f4e42b62ab6""",commit,QuestieDB,9d39232dab48e35811a7cc02473c2f4e42b62ab6,,no direct ATT field mapped
94257,Craftsman's Writ: Lesser Invisibility Potion,16941,detail.questie.fields.objectives,[],"{""3"":[{""1"":264057,""3"":0},{""1"":3823,""3"":0}]}",objectives,QuestieDB,9d39232dab48e35811a7cc02473c2f4e42b62ab6,,no direct ATT field mapped
94257,Craftsman's Writ: Lesser Invisibility Potion,16941,index.questieCommit,"""cac1eff815923f896d082764d023cf812454a023""","""9d39232dab48e35811a7cc02473c2f4e42b62ab6""",commit,QuestieDB,9d39232dab48e35811a7cc02473c2f4e42b62ab6,,conflicts with existing value; no direct ATT field mapped
94258,Craftsman's Writ: Lesser Stoneshield Potion,16941,detail.questie.commit,"""cac1eff815923f896d082764d023cf812454a023""","""9d39232dab48e35811a7cc02473c2f4e42b62ab6""",commit,QuestieDB,9d39232dab48e35811a7cc02473c2f4e42b62ab6,,no direct ATT field mapped
94258,Craftsman's Writ: Lesser Stoneshield Potion,16941,detail.questie.fields.objectives,[],"{""3"":[{""1"":264058,""3"":0},{""1"":4623,""3"":0}]}",objectives,QuestieDB,9d39232dab48e35811a7cc02473c2f4e42b62ab6,,no direct ATT field mapped
94258,Craftsman's Writ: Lesser Stoneshield Potion,16941,index.questieCommit,"""cac1eff815923f896d082764d023cf812454a023""","""9d39232dab48e35811a7cc02473c2f4e42b62ab6""",commit,QuestieDB,9d39232dab48e35811a7cc02473c2f4e42b62ab6,,conflicts with existing value; no direct ATT field mapped
94259,Craftsman's Writ: Nature Protection Potion,16941,detail.questie.commit,"""cac1eff815923f896d082764d023cf812454a023""","""9d39232dab48e35811a7cc02473c2f4e42b62ab6""",commit,QuestieDB,9d39232dab48e35811a7cc02473c2f4e42b62ab6,,no direct ATT field mapped
94259,Craftsman's Writ: Nature Protection Potion,16941,detail.questie.fields.objectives,[],"{""3"":[{""1"":264059,""3"":0},{""1"":6052,""3"":0}]}",objectives,QuestieDB,9d39232dab48e35811a7cc02473c2f4e42b62ab6,,no direct ATT field mapped
94259,Craftsman's Writ: Nature Protection Potion,16941,index.questieCommit,"""cac1eff815923f896d082764d023cf812454a023""","""9d39232dab48e35811a7cc02473c2f4e42b62ab6""",commit,QuestieDB,9d39232dab48e35811a7cc02473c2f4e42b62ab6,,conflicts with existing value; no direct ATT field mapped
94260,Craftsman's Writ: Catseye Draught,16941,detail.questie.commit,"""cac1eff815923f896d082764d023cf812454a023""","""9d39232dab48e35811a7cc02473c2f4e42b62ab6""",commit,QuestieDB,9d39232dab48e35811a7cc02473c2f4e42b62ab6,,no direct ATT field mapped
94260,Craftsman's Writ: Catseye Draught,16941,detail.questie.fields.objectives,[],"{""3"":[{""1"":264060,""3"":0},{""1"":10592,""3"":0}]}",objectives,QuestieDB,9d39232dab48e35811a7cc02473c2f4e42b62ab6,,no direct ATT field mapped
94260,Craftsman's Writ: Catseye Draught,16941,index.questieCommit,"""cac1eff815923f896d082764d023cf812454a023""","""9d39232dab48e35811a7cc02473c2f4e42b62ab6""",commit,QuestieDB,9d39232dab48e35811a7cc02473c2f4e42b62ab6,,conflicts with existing value; no direct ATT field mapped
94261,Craftsman's Writ: Great Rage Potion,16941,detail.questie.commit,"""cac1eff815923f896d082764d023cf812454a023""","""9d39232dab48e35811a7cc02473c2f4e42b62ab6""",commit,QuestieDB,9d39232dab48e35811a7cc02473c2f4e42b62ab6,,no direct ATT field mapped
94261,Craftsman's Writ: Great Rage Potion,16941,detail.questie.fields.objectives,[],"{""3"":[{""1"":264061,""3"":0},{""1"":5633,""3"":0}]}",objectives,QuestieDB,9d39232dab48e35811a7cc02473c2f4e42b62ab6,,no direct ATT field mapped
94261,Craftsman's Writ: Great Rage Potion,16941,index.questieCommit,"""cac1eff815923f896d082764d023cf812454a023""","""9d39232dab48e35811a7cc02473c2f4e42b62ab6""",commit,QuestieDB,9d39232dab48e35811a7cc02473c2f4e42b62ab6,,conflicts with existing value; no direct ATT field mapped
94262,Craftsman's Writ: Mana Potion,16941,detail.questie.commit,"""cac1eff815923f896d082764d023cf812454a023""","""9d39232dab48e35811a7cc02473c2f4e42b62ab6""",commit,QuestieDB,9d39232dab48e35811a7cc02473c2f4e42b62ab6,,no direct ATT field mapped
94262,Craftsman's Writ: Mana Potion,16941,detail.questie.fields.objectives,[],"{""3"":[{""1"":264062,""3"":0},{""1"":3827,""3"":0}]}",objectives,QuestieDB,9d39232dab48e35811a7cc02473c2f4e42b62ab6,,no direct ATT field mapped
94262,Craftsman's Writ: Mana Potion,16941,index.questieCommit,"""cac1eff815923f896d082764d023cf812454a023""","""9d39232dab48e35811a7cc02473c2f4e42b62ab6""",commit,QuestieDB,9d39232dab48e35811a7cc02473c2f4e42b62ab6,,conflicts with existing value; no direct ATT field mapped
94263,Craftsman's Writ: Fire Protection Potion,16941,detail.questie.commit,"""cac1eff815923f896d082764d023cf812454a023""","""9d39232dab48e35811a7cc02473c2f4e42b62ab6""",commit,QuestieDB,9d39232dab48e35811a7cc02473c2f4e42b62ab6,,no direct ATT field mapped
94263,Craftsman's Writ: Fire Protection Potion,16941,detail.questie.fields.objectives,[],"{""3"":[{""1"":264063,""3"":0},{""1"":6049,""3"":0}]}",objectives,QuestieDB,9d39232dab48e35811a7cc02473c2f4e42b62ab6,,no direct ATT field mapped
94263,Craftsman's Writ: Fire Protection Potion,16941,index.questieCommit,"""cac1eff815923f896d082764d023cf812454a023""","""9d39232dab48e35811a7cc02473c2f4e42b62ab6""",commit,QuestieDB,9d39232dab48e35811a7cc02473c2f4e42b62ab6,,conflicts with existing value; no direct ATT field mapped
94264,Craftsman's Writ: Shadow Oil,16941,detail.questie.commit,"""cac1eff815923f896d082764d023cf812454a023""","""9d39232dab48e35811a7cc02473c2f4e42b62ab6""",commit,QuestieDB,9d39232dab48e35811a7cc02473c2f4e42b62ab6,,no direct ATT field mapped
94264,Craftsman's Writ: Shadow Oil,16941,detail.questie.fields.objectives,[],"{""3"":[{""1"":264064,""3"":0},{""1"":3824,""3"":0}]}",objectives,QuestieDB,9d39232dab48e35811a7cc02473c2f4e42b62ab6,,no direct ATT field mapped
94264,Craftsman's Writ: Shadow Oil,16941,index.questieCommit,"""cac1eff815923f896d082764d023cf812454a023""","""9d39232dab48e35811a7cc02473c2f4e42b62ab6""",commit,QuestieDB,9d39232dab48e35811a7cc02473c2f4e42b62ab6,,conflicts with existing value; no direct ATT field mapped
94265,Craftsman's Writ: Goblin Rocket Fuel,16941,detail.questie.commit,"""cac1eff815923f896d082764d023cf812454a023""","""9d39232dab48e35811a7cc02473c2f4e42b62ab6""",commit,QuestieDB,9d39232dab48e35811a7cc02473c2f4e42b62ab6,,no direct ATT field mapped
94265,Craftsman's Writ: Goblin Rocket Fuel,16941,detail.questie.fields.objectives,[],"{""3"":[{""1"":264065,""3"":0},{""1"":9061,""3"":0}]}",objectives,QuestieDB,9d39232dab48e35811a7cc02473c2f4e42b62ab6,,no direct ATT field mapped
94265,Craftsman's Writ: Goblin Rocket Fuel,16941,index.questieCommit,"""cac1eff815923f896d082764d023cf812454a023""","""9d39232dab48e35811a7cc02473c2f4e42b62ab6""",commit,QuestieDB,9d39232dab48e35811a7cc02473c2f4e42b62ab6,,conflicts with existing value; no direct ATT field mapped
94266,Craftsman's Writ: Elixir of Agility,16941,detail.questie.commit,"""cac1eff815923f896d082764d023cf812454a023""","""9d39232dab48e35811a7cc02473c2f4e42b62ab6""",commit,QuestieDB,9d39232dab48e35811a7cc02473c2f4e42b62ab6,,no direct ATT field mapped
94266,Craftsman's Writ: Elixir of Agility,16941,detail.questie.fields.objectives,[],"{""3"":[{""1"":264066,""3"":0},{""1"":8949,""3"":0}]}",objectives,QuestieDB,9d39232dab48e35811a7cc02473c2f4e42b62ab6,,no direct ATT field mapped
94266,Craftsman's Writ: Elixir of Agility,16941,index.questieCommit,"""cac1eff815923f896d082764d023cf812454a023""","""9d39232dab48e35811a7cc02473c2f4e42b62ab6""",commit,QuestieDB,9d39232dab48e35811a7cc02473c2f4e42b62ab6,,conflicts with existing value; no direct ATT field mapped
94267,Craftsman's Writ: Wildvine Potion,16941,detail.questie.commit,"""cac1eff815923f896d082764d023cf812454a023""","""9d39232dab48e35811a7cc02473c2f4e42b62ab6""",commit,QuestieDB,9d39232dab48e35811a7cc02473c2f4e42b62ab6,,no direct ATT field mapped
94267,Craftsman's Writ: Wildvine Potion,16941,detail.questie.fields.objectives,[],"{""3"":[{""1"":264067,""3"":0},{""1"":9144,""3"":0}]}",objectives,QuestieDB,9d39232dab48e35811a7cc02473c2f4e42b62ab6,,no direct ATT field mapped
94267,Craftsman's Writ: Wildvine Potion,16941,index.questieCommit,"""cac1eff815923f896d082764d023cf812454a023""","""9d39232dab48e35811a7cc02473c2f4e42b62ab6""",commit,QuestieDB,9d39232dab48e35811a7cc02473c2f4e42b62ab6,,conflicts with existing value; no direct ATT field mapped
94268,Craftsman's Writ: Steel Plate Helm,16941,detail.questie.commit,"""cac1eff815923f896d082764d023cf812454a023""","""9d39232dab48e35811a7cc02473c2f4e42b62ab6""",commit,QuestieDB,9d39232dab48e35811a7cc02473c2f4e42b62ab6,,no direct ATT field mapped
94268,Craftsman's Writ: Steel Plate Helm,16941,detail.questie.fields.objectives,[],"{""3"":[{""1"":264068,""3"":0},{""1"":7922,""3"":0}]}",objectives,QuestieDB,9d39232dab48e35811a7cc02473c2f4e42b62ab6,,no direct ATT field mapped
94268,Craftsman's Writ: Steel Plate Helm,16941,index.questieCommit,"""cac1eff815923f896d082764d023cf812454a023""","""9d39232dab48e35811a7cc02473c2f4e42b62ab6""",commit,QuestieDB,9d39232dab48e35811a7cc02473c2f4e42b62ab6,,conflicts with existing value; no direct ATT field mapped
94269,Craftsman's Writ: Inlaid Mithril Cylinder,16941,detail.questie.commit,"""cac1eff815923f896d082764d023cf812454a023""","""9d39232dab48e35811a7cc02473c2f4e42b62ab6""",commit,QuestieDB,9d39232dab48e35811a7cc02473c2f4e42b62ab6,,no direct ATT field mapped
94269,Craftsman's Writ: Inlaid Mithril Cylinder,16941,detail.questie.fields.objectives,[],"{""3"":[{""1"":264069,""3"":0},{""1"":9060,""3"":0}]}",objectives,QuestieDB,9d39232dab48e35811a7cc02473c2f4e42b62ab6,,no direct ATT field mapped
94269,Craftsman's Writ: Inlaid Mithril Cylinder,16941,index.questieCommit,"""cac1eff815923f896d082764d023cf812454a023""","""9d39232dab48e35811a7cc02473c2f4e42b62ab6""",commit,QuestieDB,9d39232dab48e35811a7cc02473c2f4e42b62ab6,,conflicts with existing value; no direct ATT field mapped
94270,Craftsman's Writ: Steel Weapon Chain,16941,detail.questie.commit,"""cac1eff815923f896d082764d023cf812454a023""","""9d39232dab48e35811a7cc02473c2f4e42b62ab6""",commit,QuestieDB,9d39232dab48e35811a7cc02473c2f4e42b62ab6,,no direct ATT field mapped
94270,Craftsman's Writ: Steel Weapon Chain,16941,detail.questie.fields.objectives,[],"{""3"":[{""1"":264070,""3"":0},{""1"":6041,""3"":0}]}",objectives,QuestieDB,9d39232dab48e35811a7cc02473c2f4e42b62ab6,,no direct ATT field mapped
94270,Craftsman's Writ: Steel Weapon Chain,16941,index.questieCommit,"""cac1eff815923f896d082764d023cf812454a023""","""9d39232dab48e35811a7cc02473c2f4e42b62ab6""",commit,QuestieDB,9d39232dab48e35811a7cc02473c2f4e42b62ab6,,conflicts with existing value; no direct ATT field mapped
94271,Craftsman's Writ: Ornate Mithril Shoulders,16941,detail.questie.commit,"""cac1eff815923f896d082764d023cf812454a023""","""9d39232dab48e35811a7cc02473c2f4e42b62ab6""",commit,QuestieDB,9d39232dab48e35811a7cc02473c2f4e42b62ab6,,no direct ATT field mapped
94271,Craftsman's Writ: Ornate Mithril Shoulders,16941,detail.questie.fields.objectives,[],"{""3"":[{""1"":264071,""3"":0},{""1"":7928,""3"":0}]}",objectives,QuestieDB,9d39232dab48e35811a7cc02473c2f4e42b62ab6,,no direct ATT field mapped
94271,Craftsman's Writ: Ornate Mithril Shoulders,16941,index.questieCommit,"""cac1eff815923f896d082764d023cf812454a023""","""9d39232dab48e35811a7cc02473c2f4e42b62ab6""",commit,QuestieDB,9d39232dab48e35811a7cc02473c2f4e42b62ab6,,conflicts with existing value; no direct ATT field mapped
94272,Craftsman's Writ: Blue Glittering Axe,16941,detail.questie.commit,"""cac1eff815923f896d082764d023cf812454a023""","""9d39232dab48e35811a7cc02473c2f4e42b62ab6""",commit,QuestieDB,9d39232dab48e35811a7cc02473c2f4e42b62ab6,,no direct ATT field mapped
94272,Craftsman's Writ: Blue Glittering Axe,16941,detail.questie.fields.objectives,[],"{""3"":[{""1"":264072,""3"":0},{""1"":7942,""3"":0}]}",objectives,QuestieDB,9d39232dab48e35811a7cc02473c2f4e42b62ab6,,no direct ATT field mapped
94272,Craftsman's Writ: Blue Glittering Axe,16941,index.questieCommit,"""cac1eff815923f896d082764d023cf812454a023""","""9d39232dab48e35811a7cc02473c2f4e42b62ab6""",commit,QuestieDB,9d39232dab48e35811a7cc02473c2f4e42b62ab6,,conflicts with existing value; no direct ATT field mapped
94273,Craftsman's Writ: Moonsteel Broadsword,16941,detail.questie.commit,"""cac1eff815923f896d082764d023cf812454a023""","""9d39232dab48e35811a7cc02473c2f4e42b62ab6""",commit,QuestieDB,9d39232dab48e35811a7cc02473c2f4e42b62ab6,,no direct ATT field mapped
94273,Craftsman's Writ: Moonsteel Broadsword,16941,detail.questie.fields.objectives,[],"{""3"":[{""1"":264073,""3"":0},{""1"":3853,""3"":0}]}",objectives,QuestieDB,9d39232dab48e35811a7cc02473c2f4e42b62ab6,,no direct ATT field mapped
94273,Craftsman's Writ: Moonsteel Broadsword,16941,index.questieCommit,"""cac1eff815923f896d082764d023cf812454a023""","""9d39232dab48e35811a7cc02473c2f4e42b62ab6""",commit,QuestieDB,9d39232dab48e35811a7cc02473c2f4e42b62ab6,,conflicts with existing value; no direct ATT field mapped
94274,Craftsman's Writ: Golden Scale Coif,16941,detail.questie.commit,"""cac1eff815923f896d082764d023cf812454a023""","""9d39232dab48e35811a7cc02473c2f4e42b62ab6""",commit,QuestieDB,9d39232dab48e35811a7cc02473c2f4e42b62ab6,,no direct ATT field mapped
94274,Craftsman's Writ: Golden Scale Coif,16941,detail.questie.fields.objectives,[],"{""3"":[{""1"":264074,""3"":0},{""1"":3837,""3"":0}]}",objectives,QuestieDB,9d39232dab48e35811a7cc02473c2f4e42b62ab6,,no direct ATT field mapped
94274,Craftsman's Writ: Golden Scale Coif,16941,index.questieCommit,"""cac1eff815923f896d082764d023cf812454a023""","""9d39232dab48e35811a7cc02473c2f4e42b62ab6""",commit,QuestieDB,9d39232dab48e35811a7cc02473c2f4e42b62ab6,,conflicts with existing value; no direct ATT field mapped
94275,Craftsman's Writ: Solid Sharpening Stone,16941,detail.questie.commit,"""cac1eff815923f896d082764d023cf812454a023""","""9d39232dab48e35811a7cc02473c2f4e42b62ab6""",commit,QuestieDB,9d39232dab48e35811a7cc02473c2f4e42b62ab6,,no direct ATT field mapped
94275,Craftsman's Writ: Solid Sharpening Stone,16941,detail.questie.fields.objectives,[],"{""3"":[{""1"":264075,""3"":0},{""1"":7964,""3"":0}]}",objectives,QuestieDB,9d39232dab48e35811a7cc02473c2f4e42b62ab6,,no direct ATT field mapped
94275,Craftsman's Writ: Solid Sharpening Stone,16941,index.questieCommit,"""cac1eff815923f896d082764d023cf812454a023""","""9d39232dab48e35811a7cc02473c2f4e42b62ab6""",commit,QuestieDB,9d39232dab48e35811a7cc02473c2f4e42b62ab6,,conflicts with existing value; no direct ATT field mapped
94276,Craftsman's Writ: Wicked Mithril Blade,16941,detail.questie.commit,"""cac1eff815923f896d082764d023cf812454a023""","""9d39232dab48e35811a7cc02473c2f4e42b62ab6""",commit,QuestieDB,9d39232dab48e35811a7cc02473c2f4e42b62ab6,,no direct ATT field mapped
94276,Craftsman's Writ: Wicked Mithril Blade,16941,detail.questie.fields.objectives,[],"{""3"":[{""1"":264076,""3"":0},{""1"":7943,""3"":0}]}",objectives,QuestieDB,9d39232dab48e35811a7cc02473c2f4e42b62ab6,,no direct ATT field mapped
94276,Craftsman's Writ: Wicked Mithril Blade,16941,index.questieCommit,"""cac1eff815923f896d082764d023cf812454a023""","""9d39232dab48e35811a7cc02473c2f4e42b62ab6""",commit,QuestieDB,9d39232dab48e35811a7cc02473c2f4e42b62ab6,,conflicts with existing value; no direct ATT field mapped
94277,Craftsman's Writ: Truesilver Rod,16941,detail.questie.commit,"""cac1eff815923f896d082764d023cf812454a023""","""9d39232dab48e35811a7cc02473c2f4e42b62ab6""",commit,QuestieDB,9d39232dab48e35811a7cc02473c2f4e42b62ab6,,no direct ATT field mapped
94277,Craftsman's Writ: Truesilver Rod,16941,detail.questie.fields.objectives,[],"{""3"":[{""1"":264077,""3"":0},{""1"":11144,""3"":0}]}",objectives,QuestieDB,9d39232dab48e35811a7cc02473c2f4e42b62ab6,,no direct ATT field mapped
94277,Craftsman's Writ: Truesilver Rod,16941,index.questieCommit,"""cac1eff815923f896d082764d023cf812454a023""","""9d39232dab48e35811a7cc02473c2f4e42b62ab6""",commit,QuestieDB,9d39232dab48e35811a7cc02473c2f4e42b62ab6,,conflicts with existing value; no direct ATT field mapped
94278,Craftsman's Writ: Golden Scale Gauntlets,16941,detail.questie.commit,"""cac1eff815923f896d082764d023cf812454a023""","""9d39232dab48e35811a7cc02473c2f4e42b62ab6""",commit,QuestieDB,9d39232dab48e35811a7cc02473c2f4e42b62ab6,,no direct ATT field mapped
94278,Craftsman's Writ: Golden Scale Gauntlets,16941,detail.questie.fields.objectives,[],"{""3"":[{""1"":264078,""3"":0},{""1"":9366,""3"":0}]}",objectives,QuestieDB,9d39232dab48e35811a7cc02473c2f4e42b62ab6,,no direct ATT field mapped
94278,Craftsman's Writ: Golden Scale Gauntlets,16941,index.questieCommit,"""cac1eff815923f896d082764d023cf812454a023""","""9d39232dab48e35811a7cc02473c2f4e42b62ab6""",commit,QuestieDB,9d39232dab48e35811a7cc02473c2f4e42b62ab6,,conflicts with existing value; no direct ATT field mapped
94279,Craftsman's Writ: Heavy Mithril Axe,16941,detail.questie.commit,"""cac1eff815923f896d082764d023cf812454a023""","""9d39232dab48e35811a7cc02473c2f4e42b62ab6""",commit,QuestieDB,9d39232dab48e35811a7cc02473c2f4e42b62ab6,,no direct ATT field mapped
94279,Craftsman's Writ: Heavy Mithril Axe,16941,detail.questie.fields.objectives,[],"{""3"":[{""1"":264079,""3"":0},{""1"":7941,""3"":0}]}",objectives,QuestieDB,9d39232dab48e35811a7cc02473c2f4e42b62ab6,,no direct ATT field mapped
94279,Craftsman's Writ: Heavy Mithril Axe,16941,index.questieCommit,"""cac1eff815923f896d082764d023cf812454a023""","""9d39232dab48e35811a7cc02473c2f4e42b62ab6""",commit,QuestieDB,9d39232dab48e35811a7cc02473c2f4e42b62ab6,,conflicts with existing value; no direct ATT field mapped
94280,Craftsman's Writ: Mechanical Dragonling,16941,detail.questie.commit,"""cac1eff815923f896d082764d023cf812454a023""","""9d39232dab48e35811a7cc02473c2f4e42b62ab6""",commit,QuestieDB,9d39232dab48e35811a7cc02473c2f4e42b62ab6,,no direct ATT field mapped
94280,Craftsman's Writ: Mechanical Dragonling,16941,detail.questie.fields.objectives,[],"{""3"":[{""1"":264080,""3"":0},{""1"":4396,""3"":0}]}",objectives,QuestieDB,9d39232dab48e35811a7cc02473c2f4e42b62ab6,,no direct ATT field mapped
94280,Craftsman's Writ: Mechanical Dragonling,16941,index.questieCommit,"""cac1eff815923f896d082764d023cf812454a023""","""9d39232dab48e35811a7cc02473c2f4e42b62ab6""",commit,QuestieDB,9d39232dab48e35811a7cc02473c2f4e42b62ab6,,conflicts with existing value; no direct ATT field mapped
94281,Craftsman's Writ: Advanced Target Dummy,16941,detail.questie.commit,"""cac1eff815923f896d082764d023cf812454a023""","""9d39232dab48e35811a7cc02473c2f4e42b62ab6""",commit,QuestieDB,9d39232dab48e35811a7cc02473c2f4e42b62ab6,,no direct ATT field mapped
94281,Craftsman's Writ: Advanced Target Dummy,16941,detail.questie.fields.objectives,[],"{""3"":[{""1"":264081,""3"":0},{""1"":4392,""3"":0}]}",objectives,QuestieDB,9d39232dab48e35811a7cc02473c2f4e42b62ab6,,no direct ATT field mapped
94281,Craftsman's Writ: Advanced Target Dummy,16941,index.questieCommit,"""cac1eff815923f896d082764d023cf812454a023""","""9d39232dab48e35811a7cc02473c2f4e42b62ab6""",commit,QuestieDB,9d39232dab48e35811a7cc02473c2f4e42b62ab6,,conflicts with existing value; no direct ATT field mapped
94282,Craftsman's Writ: Craftsman's Monocle,16941,detail.questie.commit,"""cac1eff815923f896d082764d023cf812454a023""","""9d39232dab48e35811a7cc02473c2f4e42b62ab6""",commit,QuestieDB,9d39232dab48e35811a7cc02473c2f4e42b62ab6,,no direct ATT field mapped
94282,Craftsman's Writ: Craftsman's Monocle,16941,detail.questie.fields.objectives,[],"{""3"":[{""1"":264082,""3"":0},{""1"":4393,""3"":0}]}",objectives,QuestieDB,9d39232dab48e35811a7cc02473c2f4e42b62ab6,,no direct ATT field mapped
94282,Craftsman's Writ: Craftsman's Monocle,16941,index.questieCommit,"""cac1eff815923f896d082764d023cf812454a023""","""9d39232dab48e35811a7cc02473c2f4e42b62ab6""",commit,QuestieDB,9d39232dab48e35811a7cc02473c2f4e42b62ab6,,conflicts with existing value; no direct ATT field mapped
94283,Craftsman's Writ: Goblin Land Mine,16941,detail.questie.commit,"""cac1eff815923f896d082764d023cf812454a023""","""9d39232dab48e35811a7cc02473c2f4e42b62ab6""",commit,QuestieDB,9d39232dab48e35811a7cc02473c2f4e42b62ab6,,no direct ATT field mapped
94283,Craftsman's Writ: Goblin Land Mine,16941,detail.questie.fields.objectives,[],"{""3"":[{""1"":264083,""3"":0},{""1"":4395,""3"":0}]}",objectives,QuestieDB,9d39232dab48e35811a7cc02473c2f4e42b62ab6,,no direct ATT field mapped
94283,Craftsman's Writ: Goblin Land Mine,16941,index.questieCommit,"""cac1eff815923f896d082764d023cf812454a023""","""9d39232dab48e35811a7cc02473c2f4e42b62ab6""",commit,QuestieDB,9d39232dab48e35811a7cc02473c2f4e42b62ab6,,conflicts with existing value; no direct ATT field mapped
94284,Craftsman's Writ: Catseye Ultra Goggles,16941,detail.questie.commit,"""cac1eff815923f896d082764d023cf812454a023""","""9d39232dab48e35811a7cc02473c2f4e42b62ab6""",commit,QuestieDB,9d39232dab48e35811a7cc02473c2f4e42b62ab6,,no direct ATT field mapped
94284,Craftsman's Writ: Catseye Ultra Goggles,16941,detail.questie.fields.objectives,[],"{""3"":[{""1"":264084,""3"":0},{""1"":10501,""3"":0}]}",objectives,QuestieDB,9d39232dab48e35811a7cc02473c2f4e42b62ab6,,no direct ATT field mapped
94284,Craftsman's Writ: Catseye Ultra Goggles,16941,index.questieCommit,"""cac1eff815923f896d082764d023cf812454a023""","""9d39232dab48e35811a7cc02473c2f4e42b62ab6""",commit,QuestieDB,9d39232dab48e35811a7cc02473c2f4e42b62ab6,,conflicts with existing value; no direct ATT field mapped
94285,Craftsman's Writ: Unstable Trigger,16941,detail.questie.commit,"""cac1eff815923f896d082764d023cf812454a023""","""9d39232dab48e35811a7cc02473c2f4e42b62ab6""",commit,QuestieDB,9d39232dab48e35811a7cc02473c2f4e42b62ab6,,no direct ATT field mapped
94285,Craftsman's Writ: Unstable Trigger,16941,detail.questie.fields.objectives,[],"{""3"":[{""1"":264085,""3"":0},{""1"":10560,""3"":0}]}",objectives,QuestieDB,9d39232dab48e35811a7cc02473c2f4e42b62ab6,,no direct ATT field mapped
94285,Craftsman's Writ: Unstable Trigger,16941,index.questieCommit,"""cac1eff815923f896d082764d023cf812454a023""","""9d39232dab48e35811a7cc02473c2f4e42b62ab6""",commit,QuestieDB,9d39232dab48e35811a7cc02473c2f4e42b62ab6,,conflicts with existing value; no direct ATT field mapped
94286,Craftsman's Writ: Flash Bomb,16941,detail.questie.commit,"""cac1eff815923f896d082764d023cf812454a023""","""9d39232dab48e35811a7cc02473c2f4e42b62ab6""",commit,QuestieDB,9d39232dab48e35811a7cc02473c2f4e42b62ab6,,no direct ATT field mapped
94286,Craftsman's Writ: Flash Bomb,16941,detail.questie.fields.objectives,[],"{""3"":[{""1"":264086,""3"":0},{""1"":4852,""3"":0}]}",objectives,QuestieDB,9d39232dab48e35811a7cc02473c2f4e42b62ab6,,no direct ATT field mapped
94286,Craftsman's Writ: Flash Bomb,16941,index.questieCommit,"""cac1eff815923f896d082764d023cf812454a023""","""9d39232dab48e35811a7cc02473c2f4e42b62ab6""",commit,QuestieDB,9d39232dab48e35811a7cc02473c2f4e42b62ab6,,conflicts with existing value; no direct ATT field mapped
94287,Craftsman's Writ: Fire Goggles,16941,detail.questie.commit,"""cac1eff815923f896d082764d023cf812454a023""","""9d39232dab48e35811a7cc02473c2f4e42b62ab6""",commit,QuestieDB,9d39232dab48e35811a7cc02473c2f4e42b62ab6,,no direct ATT field mapped
94287,Craftsman's Writ: Fire Goggles,16941,detail.questie.fields.objectives,[],"{""3"":[{""1"":264087,""3"":0},{""1"":10500,""3"":0}]}",objectives,QuestieDB,9d39232dab48e35811a7cc02473c2f4e42b62ab6,,no direct ATT field mapped
94287,Craftsman's Writ: Fire Goggles,16941,index.questieCommit,"""cac1eff815923f896d082764d023cf812454a023""","""9d39232dab48e35811a7cc02473c2f4e42b62ab6""",commit,QuestieDB,9d39232dab48e35811a7cc02473c2f4e42b62ab6,,conflicts with existing value; no direct ATT field mapped
94288,Craftsman's Writ: Mithril Frag Bomb,16941,detail.questie.commit,"""cac1eff815923f896d082764d023cf812454a023""","""9d39232dab48e35811a7cc02473c2f4e42b62ab6""",commit,QuestieDB,9d39232dab48e35811a7cc02473c2f4e42b62ab6,,no direct ATT field mapped
94288,Craftsman's Writ: Mithril Frag Bomb,16941,detail.questie.fields.objectives,[],"{""3"":[{""1"":264088,""3"":0},{""1"":10514,""3"":0}]}",objectives,QuestieDB,9d39232dab48e35811a7cc02473c2f4e42b62ab6,,no direct ATT field mapped
94288,Craftsman's Writ: Mithril Frag Bomb,16941,index.questieCommit,"""cac1eff815923f896d082764d023cf812454a023""","""9d39232dab48e35811a7cc02473c2f4e42b62ab6""",commit,QuestieDB,9d39232dab48e35811a7cc02473c2f4e42b62ab6,,conflicts with existing value; no direct ATT field mapped
94289,Craftsman's Writ: Gyromatic Micro-Adjuster,16941,detail.questie.commit,"""cac1eff815923f896d082764d023cf812454a023""","""9d39232dab48e35811a7cc02473c2f4e42b62ab6""",commit,QuestieDB,9d39232dab48e35811a7cc02473c2f4e42b62ab6,,no direct ATT field mapped
94289,Craftsman's Writ: Gyromatic Micro-Adjuster,16941,detail.questie.fields.objectives,[],"{""3"":[{""1"":264089,""3"":0},{""1"":10498,""3"":0}]}",objectives,QuestieDB,9d39232dab48e35811a7cc02473c2f4e42b62ab6,,no direct ATT field mapped
94289,Craftsman's Writ: Gyromatic Micro-Adjuster,16941,index.questieCommit,"""cac1eff815923f896d082764d023cf812454a023""","""9d39232dab48e35811a7cc02473c2f4e42b62ab6""",commit,QuestieDB,9d39232dab48e35811a7cc02473c2f4e42b62ab6,,conflicts with existing value; no direct ATT field mapped
94290,Craftsman's Writ: Mechanical Repair Kit,16941,detail.questie.commit,"""cac1eff815923f896d082764d023cf812454a023""","""9d39232dab48e35811a7cc02473c2f4e42b62ab6""",commit,QuestieDB,9d39232dab48e35811a7cc02473c2f4e42b62ab6,,no direct ATT field mapped
94290,Craftsman's Writ: Mechanical Repair Kit,16941,detail.questie.fields.objectives,[],"{""3"":[{""1"":264090,""3"":0},{""1"":11590,""3"":0}]}",objectives,QuestieDB,9d39232dab48e35811a7cc02473c2f4e42b62ab6,,no direct ATT field mapped
94290,Craftsman's Writ: Mechanical Repair Kit,16941,index.questieCommit,"""cac1eff815923f896d082764d023cf812454a023""","""9d39232dab48e35811a7cc02473c2f4e42b62ab6""",commit,QuestieDB,9d39232dab48e35811a7cc02473c2f4e42b62ab6,,conflicts with existing value; no direct ATT field mapped
94291,Craftsman's Writ: Dark Iron Bomb,16941,detail.questie.commit,"""cac1eff815923f896d082764d023cf812454a023""","""9d39232dab48e35811a7cc02473c2f4e42b62ab6""",commit,QuestieDB,9d39232dab48e35811a7cc02473c2f4e42b62ab6,,no direct ATT field mapped
94291,Craftsman's Writ: Dark Iron Bomb,16941,detail.questie.fields.objectives,[],"{""3"":[{""1"":264091,""3"":0},{""1"":16005,""3"":0}]}",objectives,QuestieDB,9d39232dab48e35811a7cc02473c2f4e42b62ab6,,no direct ATT field mapped
94291,Craftsman's Writ: Dark Iron Bomb,16941,index.questieCommit,"""cac1eff815923f896d082764d023cf812454a023""","""9d39232dab48e35811a7cc02473c2f4e42b62ab6""",commit,QuestieDB,9d39232dab48e35811a7cc02473c2f4e42b62ab6,,conflicts with existing value; no direct ATT field mapped
94292,Craftsman's Writ: Comfortable Leather Hat,16941,detail.questie.commit,"""cac1eff815923f896d082764d023cf812454a023""","""9d39232dab48e35811a7cc02473c2f4e42b62ab6""",commit,QuestieDB,9d39232dab48e35811a7cc02473c2f4e42b62ab6,,no direct ATT field mapped
94292,Craftsman's Writ: Comfortable Leather Hat,16941,detail.questie.fields.objectives,[],"{""3"":[{""1"":264092,""3"":0},{""1"":8174,""3"":0}]}",objectives,QuestieDB,9d39232dab48e35811a7cc02473c2f4e42b62ab6,,no direct ATT field mapped
94292,Craftsman's Writ: Comfortable Leather Hat,16941,index.questieCommit,"""cac1eff815923f896d082764d023cf812454a023""","""9d39232dab48e35811a7cc02473c2f4e42b62ab6""",commit,QuestieDB,9d39232dab48e35811a7cc02473c2f4e42b62ab6,,conflicts with existing value; no direct ATT field mapped
94293,Craftsman's Writ: Guardian Cloak,16941,detail.questie.commit,"""cac1eff815923f896d082764d023cf812454a023""","""9d39232dab48e35811a7cc02473c2f4e42b62ab6""",commit,QuestieDB,9d39232dab48e35811a7cc02473c2f4e42b62ab6,,no direct ATT field mapped
94293,Craftsman's Writ: Guardian Cloak,16941,detail.questie.fields.objectives,[],"{""3"":[{""1"":264093,""3"":0},{""1"":5965,""3"":0}]}",objectives,QuestieDB,9d39232dab48e35811a7cc02473c2f4e42b62ab6,,no direct ATT field mapped
94293,Craftsman's Writ: Guardian Cloak,16941,index.questieCommit,"""cac1eff815923f896d082764d023cf812454a023""","""9d39232dab48e35811a7cc02473c2f4e42b62ab6""",commit,QuestieDB,9d39232dab48e35811a7cc02473c2f4e42b62ab6,,conflicts with existing value; no direct ATT field mapped
94294,Craftsman's Writ: Dusky Bracers,16941,detail.questie.commit,"""cac1eff815923f896d082764d023cf812454a023""","""9d39232dab48e35811a7cc02473c2f4e42b62ab6""",commit,QuestieDB,9d39232dab48e35811a7cc02473c2f4e42b62ab6,,no direct ATT field mapped
94294,Craftsman's Writ: Dusky Bracers,16941,detail.questie.fields.objectives,[],"{""3"":[{""1"":264094,""3"":0},{""1"":7378,""3"":0}]}",objectives,QuestieDB,9d39232dab48e35811a7cc02473c2f4e42b62ab6,,no direct ATT field mapped
94294,Craftsman's Writ: Dusky Bracers,16941,index.questieCommit,"""cac1eff815923f896d082764d023cf812454a023""","""9d39232dab48e35811a7cc02473c2f4e42b62ab6""",commit,QuestieDB,9d39232dab48e35811a7cc02473c2f4e42b62ab6,,conflicts with existing value; no direct ATT field mapped
94295,Craftsman's Writ: Wild Leather Helmet,16941,detail.questie.commit,"""cac1eff815923f896d082764d023cf812454a023""","""9d39232dab48e35811a7cc02473c2f4e42b62ab6""",commit,QuestieDB,9d39232dab48e35811a7cc02473c2f4e42b62ab6,,no direct ATT field mapped
94295,Craftsman's Writ: Wild Leather Helmet,16941,detail.questie.fields.objectives,[],"{""3"":[{""1"":264095,""3"":0},{""1"":8214,""3"":0}]}",objectives,QuestieDB,9d39232dab48e35811a7cc02473c2f4e42b62ab6,,no direct ATT field mapped
94295,Craftsman's Writ: Wild Leather Helmet,16941,index.questieCommit,"""cac1eff815923f896d082764d023cf812454a023""","""9d39232dab48e35811a7cc02473c2f4e42b62ab6""",commit,QuestieDB,9d39232dab48e35811a7cc02473c2f4e42b62ab6,,conflicts with existing value; no direct ATT field mapped
94296,Craftsman's Writ: Wild Leather Shoulders,16941,detail.questie.commit,"""cac1eff815923f896d082764d023cf812454a023""","""9d39232dab48e35811a7cc02473c2f4e42b62ab6""",commit,QuestieDB,9d39232dab48e35811a7cc02473c2f4e42b62ab6,,no direct ATT field mapped
94296,Craftsman's Writ: Wild Leather Shoulders,16941,detail.questie.fields.objectives,[],"{""3"":[{""1"":264096,""3"":0},{""1"":8210,""3"":0}]}",objectives,QuestieDB,9d39232dab48e35811a7cc02473c2f4e42b62ab6,,no direct ATT field mapped
94296,Craftsman's Writ: Wild Leather Shoulders,16941,index.questieCommit,"""cac1eff815923f896d082764d023cf812454a023""","""9d39232dab48e35811a7cc02473c2f4e42b62ab6""",commit,QuestieDB,9d39232dab48e35811a7cc02473c2f4e42b62ab6,,conflicts with existing value; no direct ATT field mapped
94297,Craftsman's Writ: Quickdraw Quiver,16941,detail.questie.commit,"""cac1eff815923f896d082764d023cf812454a023""","""9d39232dab48e35811a7cc02473c2f4e42b62ab6""",commit,QuestieDB,9d39232dab48e35811a7cc02473c2f4e42b62ab6,,no direct ATT field mapped
94297,Craftsman's Writ: Quickdraw Quiver,16941,detail.questie.fields.objectives,[],"{""3"":[{""1"":264097,""3"":0},{""1"":8217,""3"":0}]}",objectives,QuestieDB,9d39232dab48e35811a7cc02473c2f4e42b62ab6,,no direct ATT field mapped
94297,Craftsman's Writ: Quickdraw Quiver,16941,index.questieCommit,"""cac1eff815923f896d082764d023cf812454a023""","""9d39232dab48e35811a7cc02473c2f4e42b62ab6""",commit,QuestieDB,9d39232dab48e35811a7cc02473c2f4e42b62ab6,,conflicts with existing value; no direct ATT field mapped
94298,Craftsman's Writ: Swift Boots,16941,detail.questie.commit,"""cac1eff815923f896d082764d023cf812454a023""","""9d39232dab48e35811a7cc02473c2f4e42b62ab6""",commit,QuestieDB,9d39232dab48e35811a7cc02473c2f4e42b62ab6,,no direct ATT field mapped
94298,Craftsman's Writ: Swift Boots,16941,detail.questie.fields.objectives,[],"{""3"":[{""1"":264098,""3"":0},{""1"":7391,""3"":0}]}",objectives,QuestieDB,9d39232dab48e35811a7cc02473c2f4e42b62ab6,,no direct ATT field mapped
94298,Craftsman's Writ: Swift Boots,16941,index.questieCommit,"""cac1eff815923f896d082764d023cf812454a023""","""9d39232dab48e35811a7cc02473c2f4e42b62ab6""",commit,QuestieDB,9d39232dab48e35811a7cc02473c2f4e42b62ab6,,conflicts with existing value; no direct ATT field mapped
94299,Craftsman's Writ: Nightscape Shoulders,16941,detail.questie.commit,"""cac1eff815923f896d082764d023cf812454a023""","""9d39232dab48e35811a7cc02473c2f4e42b62ab6""",commit,QuestieDB,9d39232dab48e35811a7cc02473c2f4e42b62ab6,,no direct ATT field mapped
94299,Craftsman's Writ: Nightscape Shoulders,16941,detail.questie.fields.objectives,[],"{""3"":[{""1"":264099,""3"":0},{""1"":8192,""3"":0}]}",objectives,QuestieDB,9d39232dab48e35811a7cc02473c2f4e42b62ab6,,no direct ATT field mapped
94299,Craftsman's Writ: Nightscape Shoulders,16941,index.questieCommit,"""cac1eff815923f896d082764d023cf812454a023""","""9d39232dab48e35811a7cc02473c2f4e42b62ab6""",commit,QuestieDB,9d39232dab48e35811a7cc02473c2f4e42b62ab6,,conflicts with existing value; no direct ATT field mapped
94300,Craftsman's Writ: Big Voodoo Mask,16941,detail.questie.commit,"""cac1eff815923f896d082764d023cf812454a023""","""9d39232dab48e35811a7cc02473c2f4e42b62ab6""",commit,QuestieDB,9d39232dab48e35811a7cc02473c2f4e42b62ab6,,no direct ATT field mapped
94300,Craftsman's Writ: Big Voodoo Mask,16941,detail.questie.fields.objectives,[],"{""3"":[{""1"":264100,""3"":0},{""1"":8201,""3"":0}]}",objectives,QuestieDB,9d39232dab48e35811a7cc02473c2f4e42b62ab6,,no direct ATT field mapped
94300,Craftsman's Writ: Big Voodoo Mask,16941,index.questieCommit,"""cac1eff815923f896d082764d023cf812454a023""","""9d39232dab48e35811a7cc02473c2f4e42b62ab6""",commit,QuestieDB,9d39232dab48e35811a7cc02473c2f4e42b62ab6,,conflicts with existing value; no direct ATT field mapped
94301,Craftsman's Writ: Big Voodoo Robe,16941,detail.questie.commit,"""cac1eff815923f896d082764d023cf812454a023""","""9d39232dab48e35811a7cc02473c2f4e42b62ab6""",commit,QuestieDB,9d39232dab48e35811a7cc02473c2f4e42b62ab6,,no direct ATT field mapped
94301,Craftsman's Writ: Big Voodoo Robe,16941,detail.questie.fields.objectives,[],"{""3"":[{""1"":264101,""3"":0},{""1"":8200,""3"":0}]}",objectives,QuestieDB,9d39232dab48e35811a7cc02473c2f4e42b62ab6,,no direct ATT field mapped
94301,Craftsman's Writ: Big Voodoo Robe,16941,index.questieCommit,"""cac1eff815923f896d082764d023cf812454a023""","""9d39232dab48e35811a7cc02473c2f4e42b62ab6""",commit,QuestieDB,9d39232dab48e35811a7cc02473c2f4e42b62ab6,,conflicts with existing value; no direct ATT field mapped
94302,Craftsman's Writ: Turtle Scale Breastplate,16941,detail.questie.commit,"""cac1eff815923f896d082764d023cf812454a023""","""9d39232dab48e35811a7cc02473c2f4e42b62ab6""",commit,QuestieDB,9d39232dab48e35811a7cc02473c2f4e42b62ab6,,no direct ATT field mapped
94302,Craftsman's Writ: Turtle Scale Breastplate,16941,detail.questie.fields.objectives,[],"{""3"":[{""1"":264102,""3"":0},{""1"":8189,""3"":0}]}",objectives,QuestieDB,9d39232dab48e35811a7cc02473c2f4e42b62ab6,,no direct ATT field mapped
94302,Craftsman's Writ: Turtle Scale Breastplate,16941,index.questieCommit,"""cac1eff815923f896d082764d023cf812454a023""","""9d39232dab48e35811a7cc02473c2f4e42b62ab6""",commit,QuestieDB,9d39232dab48e35811a7cc02473c2f4e42b62ab6,,conflicts with existing value; no direct ATT field mapped
94303,Craftsman's Writ: Thick Leather Ammo Pouch,16941,detail.questie.commit,"""cac1eff815923f896d082764d023cf812454a023""","""9d39232dab48e35811a7cc02473c2f4e42b62ab6""",commit,QuestieDB,9d39232dab48e35811a7cc02473c2f4e42b62ab6,,no direct ATT field mapped
94303,Craftsman's Writ: Thick Leather Ammo Pouch,16941,detail.questie.fields.objectives,[],"{""3"":[{""1"":264103,""3"":0},{""1"":8218,""3"":0}]}",objectives,QuestieDB,9d39232dab48e35811a7cc02473c2f4e42b62ab6,,no direct ATT field mapped
94303,Craftsman's Writ: Thick Leather Ammo Pouch,16941,index.questieCommit,"""cac1eff815923f896d082764d023cf812454a023""","""9d39232dab48e35811a7cc02473c2f4e42b62ab6""",commit,QuestieDB,9d39232dab48e35811a7cc02473c2f4e42b62ab6,,conflicts with existing value; no direct ATT field mapped
94304,Craftsman's Writ: Mageweave Bag,16941,detail.questie.commit,"""cac1eff815923f896d082764d023cf812454a023""","""9d39232dab48e35811a7cc02473c2f4e42b62ab6""",commit,QuestieDB,9d39232dab48e35811a7cc02473c2f4e42b62ab6,,no direct ATT field mapped
94304,Craftsman's Writ: Mageweave Bag,16941,detail.questie.fields.objectives,[],"{""3"":[{""1"":264104,""3"":0},{""1"":10050,""3"":0}]}",objectives,QuestieDB,9d39232dab48e35811a7cc02473c2f4e42b62ab6,,no direct ATT field mapped
94304,Craftsman's Writ: Mageweave Bag,16941,index.questieCommit,"""cac1eff815923f896d082764d023cf812454a023""","""9d39232dab48e35811a7cc02473c2f4e42b62ab6""",commit,QuestieDB,9d39232dab48e35811a7cc02473c2f4e42b62ab6,,conflicts with existing value; no direct ATT field mapped
94305,Craftsman's Writ: Shadoweave Gloves,16941,detail.questie.commit,"""cac1eff815923f896d082764d023cf812454a023""","""9d39232dab48e35811a7cc02473c2f4e42b62ab6""",commit,QuestieDB,9d39232dab48e35811a7cc02473c2f4e42b62ab6,,no direct ATT field mapped
94305,Craftsman's Writ: Shadoweave Gloves,16941,detail.questie.fields.objectives,[],"{""3"":[{""1"":264105,""3"":0},{""1"":10023,""3"":0}]}",objectives,QuestieDB,9d39232dab48e35811a7cc02473c2f4e42b62ab6,,no direct ATT field mapped
94305,Craftsman's Writ: Shadoweave Gloves,16941,index.questieCommit,"""cac1eff815923f896d082764d023cf812454a023""","""9d39232dab48e35811a7cc02473c2f4e42b62ab6""",commit,QuestieDB,9d39232dab48e35811a7cc02473c2f4e42b62ab6,,conflicts with existing value; no direct ATT field mapped
94306,Craftsman's Writ: Crimson Silk Robe,16941,detail.questie.commit,"""cac1eff815923f896d082764d023cf812454a023""","""9d39232dab48e35811a7cc02473c2f4e42b62ab6""",commit,QuestieDB,9d39232dab48e35811a7cc02473c2f4e42b62ab6,,no direct ATT field mapped
94306,Craftsman's Writ: Crimson Silk Robe,16941,detail.questie.fields.objectives,[],"{""3"":[{""1"":264106,""3"":0},{""1"":7063,""3"":0}]}",objectives,QuestieDB,9d39232dab48e35811a7cc02473c2f4e42b62ab6,,no direct ATT field mapped
94306,Craftsman's Writ: Crimson Silk Robe,16941,index.questieCommit,"""cac1eff815923f896d082764d023cf812454a023""","""9d39232dab48e35811a7cc02473c2f4e42b62ab6""",commit,QuestieDB,9d39232dab48e35811a7cc02473c2f4e42b62ab6,,conflicts with existing value; no direct ATT field mapped
94307,Craftsman's Writ: Shadoweave Robe,16941,detail.questie.commit,"""cac1eff815923f896d082764d023cf812454a023""","""9d39232dab48e35811a7cc02473c2f4e42b62ab6""",commit,QuestieDB,9d39232dab48e35811a7cc02473c2f4e42b62ab6,,no direct ATT field mapped
94307,Craftsman's Writ: Shadoweave Robe,16941,detail.questie.fields.objectives,[],"{""3"":[{""1"":264107,""3"":0},{""1"":10004,""3"":0}]}",objectives,QuestieDB,9d39232dab48e35811a7cc02473c2f4e42b62ab6,,no direct ATT field mapped
94307,Craftsman's Writ: Shadoweave Robe,16941,index.questieCommit,"""cac1eff815923f896d082764d023cf812454a023""","""9d39232dab48e35811a7cc02473c2f4e42b62ab6""",commit,QuestieDB,9d39232dab48e35811a7cc02473c2f4e42b62ab6,,conflicts with existing value; no direct ATT field mapped
94308,Craftsman's Writ: Enchanted Mageweave Pouch,16941,detail.questie.commit,"""cac1eff815923f896d082764d023cf812454a023""","""9d39232dab48e35811a7cc02473c2f4e42b62ab6""",commit,QuestieDB,9d39232dab48e35811a7cc02473c2f4e42b62ab6,,no direct ATT field mapped
94308,Craftsman's Writ: Enchanted Mageweave Pouch,16941,detail.questie.fields.objectives,[],"{""3"":[{""1"":264108,""3"":0},{""1"":22246,""3"":0}]}",objectives,QuestieDB,9d39232dab48e35811a7cc02473c2f4e42b62ab6,,no direct ATT field mapped
94308,Craftsman's Writ: Enchanted Mageweave Pouch,16941,index.questieCommit,"""cac1eff815923f896d082764d023cf812454a023""","""9d39232dab48e35811a7cc02473c2f4e42b62ab6""",commit,QuestieDB,9d39232dab48e35811a7cc02473c2f4e42b62ab6,,conflicts with existing value; no direct ATT field mapped
94309,Craftsman's Writ: Star Belt,16941,detail.questie.commit,"""cac1eff815923f896d082764d023cf812454a023""","""9d39232dab48e35811a7cc02473c2f4e42b62ab6""",commit,QuestieDB,9d39232dab48e35811a7cc02473c2f4e42b62ab6,,no direct ATT field mapped
94309,Craftsman's Writ: Star Belt,16941,detail.questie.fields.objectives,[],"{""3"":[{""1"":264109,""3"":0},{""1"":4329,""3"":0}]}",objectives,QuestieDB,9d39232dab48e35811a7cc02473c2f4e42b62ab6,,no direct ATT field mapped
94309,Craftsman's Writ: Star Belt,16941,index.questieCommit,"""cac1eff815923f896d082764d023cf812454a023""","""9d39232dab48e35811a7cc02473c2f4e42b62ab6""",commit,QuestieDB,9d39232dab48e35811a7cc02473c2f4e42b62ab6,,conflicts with existing value; no direct ATT field mapped
94310,Craftsman's Writ: Black Mageweave Vest,16941,detail.questie.commit,"""cac1eff815923f896d082764d023cf812454a023""","""9d39232dab48e35811a7cc02473c2f4e42b62ab6""",commit,QuestieDB,9d39232dab48e35811a7cc02473c2f4e42b62ab6,,no direct ATT field mapped
94310,Craftsman's Writ: Black Mageweave Vest,16941,detail.questie.fields.objectives,[],"{""3"":[{""1"":264110,""3"":0},{""1"":9998,""3"":0}]}",objectives,QuestieDB,9d39232dab48e35811a7cc02473c2f4e42b62ab6,,no direct ATT field mapped
94310,Craftsman's Writ: Black Mageweave Vest,16941,index.questieCommit,"""cac1eff815923f896d082764d023cf812454a023""","""9d39232dab48e35811a7cc02473c2f4e42b62ab6""",commit,QuestieDB,9d39232dab48e35811a7cc02473c2f4e42b62ab6,,conflicts with existing value; no direct ATT field mapped
94311,Craftsman's Writ: Red Mageweave Pants,16941,detail.questie.commit,"""cac1eff815923f896d082764d023cf812454a023""","""9d39232dab48e35811a7cc02473c2f4e42b62ab6""",commit,QuestieDB,9d39232dab48e35811a7cc02473c2f4e42b62ab6,,no direct ATT field mapped
94311,Craftsman's Writ: Red Mageweave Pants,16941,detail.questie.fields.objectives,[],"{""3"":[{""1"":264111,""3"":0},{""1"":10009,""3"":0}]}",objectives,QuestieDB,9d39232dab48e35811a7cc02473c2f4e42b62ab6,,no direct ATT field mapped
94311,Craftsman's Writ: Red Mageweave Pants,16941,index.questieCommit,"""cac1eff815923f896d082764d023cf812454a023""","""9d39232dab48e35811a7cc02473c2f4e42b62ab6""",commit,QuestieDB,9d39232dab48e35811a7cc02473c2f4e42b62ab6,,conflicts with existing value; no direct ATT field mapped
94312,Craftsman's Writ: Orange Martial Shirt,16941,detail.questie.commit,"""cac1eff815923f896d082764d023cf812454a023""","""9d39232dab48e35811a7cc02473c2f4e42b62ab6""",commit,QuestieDB,9d39232dab48e35811a7cc02473c2f4e42b62ab6,,no direct ATT field mapped
94312,Craftsman's Writ: Orange Martial Shirt,16941,detail.questie.fields.objectives,[],"{""3"":[{""1"":264112,""3"":0},{""1"":10052,""3"":0}]}",objectives,QuestieDB,9d39232dab48e35811a7cc02473c2f4e42b62ab6,,no direct ATT field mapped
94312,Craftsman's Writ: Orange Martial Shirt,16941,index.questieCommit,"""cac1eff815923f896d082764d023cf812454a023""","""9d39232dab48e35811a7cc02473c2f4e42b62ab6""",commit,QuestieDB,9d39232dab48e35811a7cc02473c2f4e42b62ab6,,conflicts with existing value; no direct ATT field mapped
94313,Craftsman's Writ: White Bandit Mask,16941,detail.questie.commit,"""cac1eff815923f896d082764d023cf812454a023""","""9d39232dab48e35811a7cc02473c2f4e42b62ab6""",commit,QuestieDB,9d39232dab48e35811a7cc02473c2f4e42b62ab6,,no direct ATT field mapped
94313,Craftsman's Writ: White Bandit Mask,16941,detail.questie.fields.objectives,[],"{""3"":[{""1"":264113,""3"":0},{""1"":10008,""3"":0}]}",objectives,QuestieDB,9d39232dab48e35811a7cc02473c2f4e42b62ab6,,no direct ATT field mapped
94313,Craftsman's Writ: White Bandit Mask,16941,index.questieCommit,"""cac1eff815923f896d082764d023cf812454a023""","""9d39232dab48e35811a7cc02473c2f4e42b62ab6""",commit,QuestieDB,9d39232dab48e35811a7cc02473c2f4e42b62ab6,,conflicts with existing value; no direct ATT field mapped
94314,Craftsman's Writ: Cindercloth Robe,16941,detail.questie.commit,"""cac1eff815923f896d082764d023cf812454a023""","""9d39232dab48e35811a7cc02473c2f4e42b62ab6""",commit,QuestieDB,9d39232dab48e35811a7cc02473c2f4e42b62ab6,,no direct ATT field mapped
94314,Craftsman's Writ: Cindercloth Robe,16941,detail.questie.fields.objectives,[],"{""3"":[{""1"":264114,""3"":0},{""1"":10042,""3"":0}]}",objectives,QuestieDB,9d39232dab48e35811a7cc02473c2f4e42b62ab6,,no direct ATT field mapped
94314,Craftsman's Writ: Cindercloth Robe,16941,index.questieCommit,"""cac1eff815923f896d082764d023cf812454a023""","""9d39232dab48e35811a7cc02473c2f4e42b62ab6""",commit,QuestieDB,9d39232dab48e35811a7cc02473c2f4e42b62ab6,,conflicts with existing value; no direct ATT field mapped
94315,Craftsman's Writ: Earthen Silk Belt,16941,detail.questie.commit,"""cac1eff815923f896d082764d023cf812454a023""","""9d39232dab48e35811a7cc02473c2f4e42b62ab6""",commit,QuestieDB,9d39232dab48e35811a7cc02473c2f4e42b62ab6,,no direct ATT field mapped
94315,Craftsman's Writ: Earthen Silk Belt,16941,detail.questie.fields.objectives,[],"{""3"":[{""1"":264115,""3"":0},{""1"":7061,""3"":0}]}",objectives,QuestieDB,9d39232dab48e35811a7cc02473c2f4e42b62ab6,,no direct ATT field mapped
94315,Craftsman's Writ: Earthen Silk Belt,16941,index.questieCommit,"""cac1eff815923f896d082764d023cf812454a023""","""9d39232dab48e35811a7cc02473c2f4e42b62ab6""",commit,QuestieDB,9d39232dab48e35811a7cc02473c2f4e42b62ab6,,conflicts with existing value; no direct ATT field mapped
94316,Craftsman's Writ: Potion of Demonslaying,16941,detail.questie.commit,"""cac1eff815923f896d082764d023cf812454a023""","""9d39232dab48e35811a7cc02473c2f4e42b62ab6""",commit,QuestieDB,9d39232dab48e35811a7cc02473c2f4e42b62ab6,,no direct ATT field mapped
94316,Craftsman's Writ: Potion of Demonslaying,16941,detail.questie.fields.objectives,[],"{""3"":[{""1"":264116,""3"":0},{""1"":9224,""3"":0}]}",objectives,QuestieDB,9d39232dab48e35811a7cc02473c2f4e42b62ab6,,no direct ATT field mapped
94316,Craftsman's Writ: Potion of Demonslaying,16941,index.questieCommit,"""cac1eff815923f896d082764d023cf812454a023""","""9d39232dab48e35811a7cc02473c2f4e42b62ab6""",commit,QuestieDB,9d39232dab48e35811a7cc02473c2f4e42b62ab6,,conflicts with existing value; no direct ATT field mapped
94317,Craftsman's Writ: Dreamless Sleep Potion,16941,detail.questie.commit,"""cac1eff815923f896d082764d023cf812454a023""","""9d39232dab48e35811a7cc02473c2f4e42b62ab6""",commit,QuestieDB,9d39232dab48e35811a7cc02473c2f4e42b62ab6,,no direct ATT field mapped
94317,Craftsman's Writ: Dreamless Sleep Potion,16941,detail.questie.fields.objectives,[],"{""3"":[{""1"":264117,""3"":0},{""1"":12190,""3"":0}]}",objectives,QuestieDB,9d39232dab48e35811a7cc02473c2f4e42b62ab6,,no direct ATT field mapped
94317,Craftsman's Writ: Dreamless Sleep Potion,16941,index.questieCommit,"""cac1eff815923f896d082764d023cf812454a023""","""9d39232dab48e35811a7cc02473c2f4e42b62ab6""",commit,QuestieDB,9d39232dab48e35811a7cc02473c2f4e42b62ab6,,conflicts with existing value; no direct ATT field mapped
94318,Craftsman's Writ: Greater Fire Protection Potion,16941,detail.questie.commit,"""cac1eff815923f896d082764d023cf812454a023""","""9d39232dab48e35811a7cc02473c2f4e42b62ab6""",commit,QuestieDB,9d39232dab48e35811a7cc02473c2f4e42b62ab6,,no direct ATT field mapped
94318,Craftsman's Writ: Greater Fire Protection Potion,16941,detail.questie.fields.objectives,[],"{""3"":[{""1"":264118,""3"":0},{""1"":13457,""3"":0}]}",objectives,QuestieDB,9d39232dab48e35811a7cc02473c2f4e42b62ab6,,no direct ATT field mapped
94318,Craftsman's Writ: Greater Fire Protection Potion,16941,index.questieCommit,"""cac1eff815923f896d082764d023cf812454a023""","""9d39232dab48e35811a7cc02473c2f4e42b62ab6""",commit,QuestieDB,9d39232dab48e35811a7cc02473c2f4e42b62ab6,,conflicts with existing value; no direct ATT field mapped
94319,Craftsman's Writ: Draught of Detect Demon,16941,detail.questie.commit,"""cac1eff815923f896d082764d023cf812454a023""","""9d39232dab48e35811a7cc02473c2f4e42b62ab6""",commit,QuestieDB,9d39232dab48e35811a7cc02473c2f4e42b62ab6,,no direct ATT field mapped
94319,Craftsman's Writ: Draught of Detect Demon,16941,detail.questie.fields.objectives,[],"{""3"":[{""1"":264119,""3"":0},{""1"":9233,""3"":0}]}",objectives,QuestieDB,9d39232dab48e35811a7cc02473c2f4e42b62ab6,,no direct ATT field mapped
94319,Craftsman's Writ: Draught of Detect Demon,16941,index.questieCommit,"""cac1eff815923f896d082764d023cf812454a023""","""9d39232dab48e35811a7cc02473c2f4e42b62ab6""",commit,QuestieDB,9d39232dab48e35811a7cc02473c2f4e42b62ab6,,conflicts with existing value; no direct ATT field mapped
94320,Craftsman's Writ: Gift of Arthas,16941,detail.questie.commit,"""cac1eff815923f896d082764d023cf812454a023""","""9d39232dab48e35811a7cc02473c2f4e42b62ab6""",commit,QuestieDB,9d39232dab48e35811a7cc02473c2f4e42b62ab6,,no direct ATT field mapped
94320,Craftsman's Writ: Gift of Arthas,16941,detail.questie.fields.objectives,[],"{""3"":[{""1"":264120,""3"":0},{""1"":9088,""3"":0}]}",objectives,QuestieDB,9d39232dab48e35811a7cc02473c2f4e42b62ab6,,no direct ATT field mapped
94320,Craftsman's Writ: Gift of Arthas,16941,index.questieCommit,"""cac1eff815923f896d082764d023cf812454a023""","""9d39232dab48e35811a7cc02473c2f4e42b62ab6""",commit,QuestieDB,9d39232dab48e35811a7cc02473c2f4e42b62ab6,,conflicts with existing value; no direct ATT field mapped
94321,Craftsman's Writ: Flask of Chromatic Resistance,16941,detail.questie.commit,"""cac1eff815923f896d082764d023cf812454a023""","""9d39232dab48e35811a7cc02473c2f4e42b62ab6""",commit,QuestieDB,9d39232dab48e35811a7cc02473c2f4e42b62ab6,,no direct ATT field mapped
94321,Craftsman's Writ: Flask of Chromatic Resistance,16941,detail.questie.fields.objectives,[],"{""3"":[{""1"":264121,""3"":0},{""1"":13513,""3"":0}]}",objectives,QuestieDB,9d39232dab48e35811a7cc02473c2f4e42b62ab6,,no direct ATT field mapped
94321,Craftsman's Writ: Flask of Chromatic Resistance,16941,index.questieCommit,"""cac1eff815923f896d082764d023cf812454a023""","""9d39232dab48e35811a7cc02473c2f4e42b62ab6""",commit,QuestieDB,9d39232dab48e35811a7cc02473c2f4e42b62ab6,,conflicts with existing value; no direct ATT field mapped
94322,Craftsman's Writ: Limited Invulnerability Potion,16941,detail.questie.commit,"""cac1eff815923f896d082764d023cf812454a023""","""9d39232dab48e35811a7cc02473c2f4e42b62ab6""",commit,QuestieDB,9d39232dab48e35811a7cc02473c2f4e42b62ab6,,no direct ATT field mapped
94322,Craftsman's Writ: Limited Invulnerability Potion,16941,detail.questie.fields.objectives,[],"{""3"":[{""1"":264122,""3"":0},{""1"":3387,""3"":0}]}",objectives,QuestieDB,9d39232dab48e35811a7cc02473c2f4e42b62ab6,,no direct ATT field mapped
94322,Craftsman's Writ: Limited Invulnerability Potion,16941,index.questieCommit,"""cac1eff815923f896d082764d023cf812454a023""","""9d39232dab48e35811a7cc02473c2f4e42b62ab6""",commit,QuestieDB,9d39232dab48e35811a7cc02473c2f4e42b62ab6,,conflicts with existing value; no direct ATT field mapped
94323,Craftsman's Writ: Major Rejuvenation Potion,16941,detail.questie.commit,"""cac1eff815923f896d082764d023cf812454a023""","""9d39232dab48e35811a7cc02473c2f4e42b62ab6""",commit,QuestieDB,9d39232dab48e35811a7cc02473c2f4e42b62ab6,,no direct ATT field mapped
94323,Craftsman's Writ: Major Rejuvenation Potion,16941,detail.questie.fields.objectives,[],"{""3"":[{""1"":264123,""3"":0},{""1"":18253,""3"":0}]}",objectives,QuestieDB,9d39232dab48e35811a7cc02473c2f4e42b62ab6,,no direct ATT field mapped
94323,Craftsman's Writ: Major Rejuvenation Potion,16941,index.questieCommit,"""cac1eff815923f896d082764d023cf812454a023""","""9d39232dab48e35811a7cc02473c2f4e42b62ab6""",commit,QuestieDB,9d39232dab48e35811a7cc02473c2f4e42b62ab6,,conflicts with existing value; no direct ATT field mapped
94324,Craftsman's Writ: Distilled Firewater,16941,detail.questie.commit,"""cac1eff815923f896d082764d023cf812454a023""","""9d39232dab48e35811a7cc02473c2f4e42b62ab6""",commit,QuestieDB,9d39232dab48e35811a7cc02473c2f4e42b62ab6,,no direct ATT field mapped
94324,Craftsman's Writ: Distilled Firewater,16941,detail.questie.fields.objectives,[],"{""3"":[{""1"":264124,""3"":0},{""1"":246948,""3"":0}]}",objectives,QuestieDB,9d39232dab48e35811a7cc02473c2f4e42b62ab6,,no direct ATT field mapped
94324,Craftsman's Writ: Distilled Firewater,16941,index.questieCommit,"""cac1eff815923f896d082764d023cf812454a023""","""9d39232dab48e35811a7cc02473c2f4e42b62ab6""",commit,QuestieDB,9d39232dab48e35811a7cc02473c2f4e42b62ab6,,conflicts with existing value; no direct ATT field mapped
94325,Craftsman's Writ: Radiant Circlet,16941,detail.questie.commit,"""cac1eff815923f896d082764d023cf812454a023""","""9d39232dab48e35811a7cc02473c2f4e42b62ab6""",commit,QuestieDB,9d39232dab48e35811a7cc02473c2f4e42b62ab6,,no direct ATT field mapped
94325,Craftsman's Writ: Radiant Circlet,16941,detail.questie.fields.objectives,[],"{""3"":[{""1"":264125,""3"":0},{""1"":12417,""3"":0}]}",objectives,QuestieDB,9d39232dab48e35811a7cc02473c2f4e42b62ab6,,no direct ATT field mapped
94325,Craftsman's Writ: Radiant Circlet,16941,index.questieCommit,"""cac1eff815923f896d082764d023cf812454a023""","""9d39232dab48e35811a7cc02473c2f4e42b62ab6""",commit,QuestieDB,9d39232dab48e35811a7cc02473c2f4e42b62ab6,,conflicts with existing value; no direct ATT field mapped
94326,Craftsman's Writ: Radiant Belt,16941,detail.questie.commit,"""cac1eff815923f896d082764d023cf812454a023""","""9d39232dab48e35811a7cc02473c2f4e42b62ab6""",commit,QuestieDB,9d39232dab48e35811a7cc02473c2f4e42b62ab6,,no direct ATT field mapped
94326,Craftsman's Writ: Radiant Belt,16941,detail.questie.fields.objectives,[],"{""3"":[{""1"":264126,""3"":0},{""1"":12416,""3"":0}]}",objectives,QuestieDB,9d39232dab48e35811a7cc02473c2f4e42b62ab6,,no direct ATT field mapped
94326,Craftsman's Writ: Radiant Belt,16941,index.questieCommit,"""cac1eff815923f896d082764d023cf812454a023""","""9d39232dab48e35811a7cc02473c2f4e42b62ab6""",commit,QuestieDB,9d39232dab48e35811a7cc02473c2f4e42b62ab6,,conflicts with existing value; no direct ATT field mapped
94327,Craftsman's Writ: Orcish War Leggings,16941,detail.questie.commit,"""cac1eff815923f896d082764d023cf812454a023""","""9d39232dab48e35811a7cc02473c2f4e42b62ab6""",commit,QuestieDB,9d39232dab48e35811a7cc02473c2f4e42b62ab6,,no direct ATT field mapped
94327,Craftsman's Writ: Orcish War Leggings,16941,detail.questie.fields.objectives,[],"{""3"":[{""1"":264127,""3"":0},{""1"":7929,""3"":0}]}",objectives,QuestieDB,9d39232dab48e35811a7cc02473c2f4e42b62ab6,,no direct ATT field mapped
94327,Craftsman's Writ: Orcish War Leggings,16941,index.questieCommit,"""cac1eff815923f896d082764d023cf812454a023""","""9d39232dab48e35811a7cc02473c2f4e42b62ab6""",commit,QuestieDB,9d39232dab48e35811a7cc02473c2f4e42b62ab6,,conflicts with existing value; no direct ATT field mapped
94328,Craftsman's Writ: Mithril Spurs,16941,detail.questie.commit,"""cac1eff815923f896d082764d023cf812454a023""","""9d39232dab48e35811a7cc02473c2f4e42b62ab6""",commit,QuestieDB,9d39232dab48e35811a7cc02473c2f4e42b62ab6,,no direct ATT field mapped
94328,Craftsman's Writ: Mithril Spurs,16941,detail.questie.fields.objectives,[],"{""3"":[{""1"":264128,""3"":0},{""1"":7969,""3"":0}]}",objectives,QuestieDB,9d39232dab48e35811a7cc02473c2f4e42b62ab6,,no direct ATT field mapped
94328,Craftsman's Writ: Mithril Spurs,16941,index.questieCommit,"""cac1eff815923f896d082764d023cf812454a023""","""9d39232dab48e35811a7cc02473c2f4e42b62ab6""",commit,QuestieDB,9d39232dab48e35811a7cc02473c2f4e42b62ab6,,conflicts with existing value; no direct ATT field mapped
94329,Craftsman's Writ: Imperial Plate Chest,16941,detail.questie.commit,"""cac1eff815923f896d082764d023cf812454a023""","""9d39232dab48e35811a7cc02473c2f4e42b62ab6""",commit,QuestieDB,9d39232dab48e35811a7cc02473c2f4e42b62ab6,,no direct ATT field mapped
94329,Craftsman's Writ: Imperial Plate Chest,16941,detail.questie.fields.objectives,[],"{""3"":[{""1"":264129,""3"":0},{""1"":12422,""3"":0}]}",objectives,QuestieDB,9d39232dab48e35811a7cc02473c2f4e42b62ab6,,no direct ATT field mapped
94329,Craftsman's Writ: Imperial Plate Chest,16941,index.questieCommit,"""cac1eff815923f896d082764d023cf812454a023""","""9d39232dab48e35811a7cc02473c2f4e42b62ab6""",commit,QuestieDB,9d39232dab48e35811a7cc02473c2f4e42b62ab6,,conflicts with existing value; no direct ATT field mapped
94330,Craftsman's Writ: Darkrune Gauntlets,16941,detail.questie.commit,"""cac1eff815923f896d082764d023cf812454a023""","""9d39232dab48e35811a7cc02473c2f4e42b62ab6""",commit,QuestieDB,9d39232dab48e35811a7cc02473c2f4e42b62ab6,,no direct ATT field mapped
94330,Craftsman's Writ: Darkrune Gauntlets,16941,detail.questie.fields.objectives,[],"{""3"":[{""1"":264130,""3"":0},{""1"":20549,""3"":0}]}",objectives,QuestieDB,9d39232dab48e35811a7cc02473c2f4e42b62ab6,,no direct ATT field mapped
94330,Craftsman's Writ: Darkrune Gauntlets,16941,index.questieCommit,"""cac1eff815923f896d082764d023cf812454a023""","""9d39232dab48e35811a7cc02473c2f4e42b62ab6""",commit,QuestieDB,9d39232dab48e35811a7cc02473c2f4e42b62ab6,,conflicts with existing value; no direct ATT field mapped
94331,Craftsman's Writ: Huge Thorium Battleaxe,16941,detail.questie.commit,"""cac1eff815923f896d082764d023cf812454a023""","""9d39232dab48e35811a7cc02473c2f4e42b62ab6""",commit,QuestieDB,9d39232dab48e35811a7cc02473c2f4e42b62ab6,,no direct ATT field mapped
94331,Craftsman's Writ: Huge Thorium Battleaxe,16941,detail.questie.fields.objectives,[],"{""3"":[{""1"":264131,""3"":0},{""1"":12775,""3"":0}]}",objectives,QuestieDB,9d39232dab48e35811a7cc02473c2f4e42b62ab6,,no direct ATT field mapped
94331,Craftsman's Writ: Huge Thorium Battleaxe,16941,index.questieCommit,"""cac1eff815923f896d082764d023cf812454a023""","""9d39232dab48e35811a7cc02473c2f4e42b62ab6""",commit,QuestieDB,9d39232dab48e35811a7cc02473c2f4e42b62ab6,,conflicts with existing value; no direct ATT field mapped
94332,Craftsman's Writ: Arcanite Skeleton Key,16941,detail.questie.commit,"""cac1eff815923f896d082764d023cf812454a023""","""9d39232dab48e35811a7cc02473c2f4e42b62ab6""",commit,QuestieDB,9d39232dab48e35811a7cc02473c2f4e42b62ab6,,no direct ATT field mapped
94332,Craftsman's Writ: Arcanite Skeleton Key,16941,detail.questie.fields.objectives,[],"{""3"":[{""1"":264132,""3"":0},{""1"":15872,""3"":0}]}",objectives,QuestieDB,9d39232dab48e35811a7cc02473c2f4e42b62ab6,,no direct ATT field mapped
94332,Craftsman's Writ: Arcanite Skeleton Key,16941,index.questieCommit,"""cac1eff815923f896d082764d023cf812454a023""","""9d39232dab48e35811a7cc02473c2f4e42b62ab6""",commit,QuestieDB,9d39232dab48e35811a7cc02473c2f4e42b62ab6,,conflicts with existing value; no direct ATT field mapped
94333,Craftsman's Writ: Ebon Shiv,16941,detail.questie.commit,"""cac1eff815923f896d082764d023cf812454a023""","""9d39232dab48e35811a7cc02473c2f4e42b62ab6""",commit,QuestieDB,9d39232dab48e35811a7cc02473c2f4e42b62ab6,,no direct ATT field mapped
94333,Craftsman's Writ: Ebon Shiv,16941,detail.questie.fields.objectives,[],"{""3"":[{""1"":264133,""3"":0},{""1"":7947,""3"":0}]}",objectives,QuestieDB,9d39232dab48e35811a7cc02473c2f4e42b62ab6,,no direct ATT field mapped
94333,Craftsman's Writ: Ebon Shiv,16941,index.questieCommit,"""cac1eff815923f896d082764d023cf812454a023""","""9d39232dab48e35811a7cc02473c2f4e42b62ab6""",commit,QuestieDB,9d39232dab48e35811a7cc02473c2f4e42b62ab6,,conflicts with existing value; no direct ATT field mapped
94334,Craftsman's Writ: Masterwork Target Dummy,16941,detail.questie.commit,"""cac1eff815923f896d082764d023cf812454a023""","""9d39232dab48e35811a7cc02473c2f4e42b62ab6""",commit,QuestieDB,9d39232dab48e35811a7cc02473c2f4e42b62ab6,,no direct ATT field mapped
94334,Craftsman's Writ: Masterwork Target Dummy,16941,detail.questie.fields.objectives,[],"{""3"":[{""1"":264134,""3"":0},{""1"":16023,""3"":0}]}",objectives,QuestieDB,9d39232dab48e35811a7cc02473c2f4e42b62ab6,,no direct ATT field mapped
94334,Craftsman's Writ: Masterwork Target Dummy,16941,index.questieCommit,"""cac1eff815923f896d082764d023cf812454a023""","""9d39232dab48e35811a7cc02473c2f4e42b62ab6""",commit,QuestieDB,9d39232dab48e35811a7cc02473c2f4e42b62ab6,,conflicts with existing value; no direct ATT field mapped
94335,Craftsman's Writ: Green Lens,16941,detail.questie.commit,"""cac1eff815923f896d082764d023cf812454a023""","""9d39232dab48e35811a7cc02473c2f4e42b62ab6""",commit,QuestieDB,9d39232dab48e35811a7cc02473c2f4e42b62ab6,,no direct ATT field mapped
94335,Craftsman's Writ: Green Lens,16941,detail.questie.fields.objectives,[],"{""3"":[{""1"":264135,""3"":0},{""1"":10504,""3"":0}]}",objectives,QuestieDB,9d39232dab48e35811a7cc02473c2f4e42b62ab6,,no direct ATT field mapped
94335,Craftsman's Writ: Green Lens,16941,index.questieCommit,"""cac1eff815923f896d082764d023cf812454a023""","""9d39232dab48e35811a7cc02473c2f4e42b62ab6""",commit,QuestieDB,9d39232dab48e35811a7cc02473c2f4e42b62ab6,,conflicts with existing value; no direct ATT field mapped
94336,Craftsman's Writ: Lifelike Mechanical Toad,16941,detail.questie.commit,"""cac1eff815923f896d082764d023cf812454a023""","""9d39232dab48e35811a7cc02473c2f4e42b62ab6""",commit,QuestieDB,9d39232dab48e35811a7cc02473c2f4e42b62ab6,,no direct ATT field mapped
94336,Craftsman's Writ: Lifelike Mechanical Toad,16941,detail.questie.fields.objectives,[],"{""3"":[{""1"":264136,""3"":0},{""1"":15996,""3"":0}]}",objectives,QuestieDB,9d39232dab48e35811a7cc02473c2f4e42b62ab6,,no direct ATT field mapped
94336,Craftsman's Writ: Lifelike Mechanical Toad,16941,index.questieCommit,"""cac1eff815923f896d082764d023cf812454a023""","""9d39232dab48e35811a7cc02473c2f4e42b62ab6""",commit,QuestieDB,9d39232dab48e35811a7cc02473c2f4e42b62ab6,,conflicts with existing value; no direct ATT field mapped
94337,Craftsman's Writ: Gnomish Alarm-O-Bot,16941,detail.questie.commit,"""cac1eff815923f896d082764d023cf812454a023""","""9d39232dab48e35811a7cc02473c2f4e42b62ab6""",commit,QuestieDB,9d39232dab48e35811a7cc02473c2f4e42b62ab6,,no direct ATT field mapped
94337,Craftsman's Writ: Gnomish Alarm-O-Bot,16941,detail.questie.fields.objectives,[],"{""3"":[{""1"":264137,""3"":0},{""1"":18645,""3"":0}]}",objectives,QuestieDB,9d39232dab48e35811a7cc02473c2f4e42b62ab6,,no direct ATT field mapped
94337,Craftsman's Writ: Gnomish Alarm-O-Bot,16941,index.questieCommit,"""cac1eff815923f896d082764d023cf812454a023""","""9d39232dab48e35811a7cc02473c2f4e42b62ab6""",commit,QuestieDB,9d39232dab48e35811a7cc02473c2f4e42b62ab6,,conflicts with existing value; no direct ATT field mapped
94338,Craftsman's Writ: Goblin Jumper Cables XL,16941,detail.questie.commit,"""cac1eff815923f896d082764d023cf812454a023""","""9d39232dab48e35811a7cc02473c2f4e42b62ab6""",commit,QuestieDB,9d39232dab48e35811a7cc02473c2f4e42b62ab6,,no direct ATT field mapped
94338,Craftsman's Writ: Goblin Jumper Cables XL,16941,detail.questie.fields.objectives,[],"{""3"":[{""1"":264138,""3"":0},{""1"":18587,""3"":0}]}",objectives,QuestieDB,9d39232dab48e35811a7cc02473c2f4e42b62ab6,,no direct ATT field mapped
94338,Craftsman's Writ: Goblin Jumper Cables XL,16941,index.questieCommit,"""cac1eff815923f896d082764d023cf812454a023""","""9d39232dab48e35811a7cc02473c2f4e42b62ab6""",commit,QuestieDB,9d39232dab48e35811a7cc02473c2f4e42b62ab6,,conflicts with existing value; no direct ATT field mapped
94339,Craftsman's Writ: Field Repair Bot 74A,16941,detail.questie.commit,"""cac1eff815923f896d082764d023cf812454a023""","""9d39232dab48e35811a7cc02473c2f4e42b62ab6""",commit,QuestieDB,9d39232dab48e35811a7cc02473c2f4e42b62ab6,,no direct ATT field mapped
94339,Craftsman's Writ: Field Repair Bot 74A,16941,detail.questie.fields.objectives,[],"{""3"":[{""1"":264139,""3"":0},{""1"":18232,""3"":0}]}",objectives,QuestieDB,9d39232dab48e35811a7cc02473c2f4e42b62ab6,,no direct ATT field mapped
94339,Craftsman's Writ: Field Repair Bot 74A,16941,index.questieCommit,"""cac1eff815923f896d082764d023cf812454a023""","""9d39232dab48e35811a7cc02473c2f4e42b62ab6""",commit,QuestieDB,9d39232dab48e35811a7cc02473c2f4e42b62ab6,,conflicts with existing value; no direct ATT field mapped
94340,Craftsman's Writ: Truesilver Transformer,16941,detail.questie.commit,"""cac1eff815923f896d082764d023cf812454a023""","""9d39232dab48e35811a7cc02473c2f4e42b62ab6""",commit,QuestieDB,9d39232dab48e35811a7cc02473c2f4e42b62ab6,,no direct ATT field mapped
94340,Craftsman's Writ: Truesilver Transformer,16941,detail.questie.fields.objectives,[],"{""3"":[{""1"":264140,""3"":0},{""1"":18631,""3"":0}]}",objectives,QuestieDB,9d39232dab48e35811a7cc02473c2f4e42b62ab6,,no direct ATT field mapped
94340,Craftsman's Writ: Truesilver Transformer,16941,index.questieCommit,"""cac1eff815923f896d082764d023cf812454a023""","""9d39232dab48e35811a7cc02473c2f4e42b62ab6""",commit,QuestieDB,9d39232dab48e35811a7cc02473c2f4e42b62ab6,,conflicts with existing value; no direct ATT field mapped
94341,Craftsman's Writ: Sniper Scope,16941,detail.questie.commit,"""cac1eff815923f896d082764d023cf812454a023""","""9d39232dab48e35811a7cc02473c2f4e42b62ab6""",commit,QuestieDB,9d39232dab48e35811a7cc02473c2f4e42b62ab6,,no direct ATT field mapped
94341,Craftsman's Writ: Sniper Scope,16941,detail.questie.fields.objectives,[],"{""3"":[{""1"":264141,""3"":0},{""1"":10548,""3"":0}]}",objectives,QuestieDB,9d39232dab48e35811a7cc02473c2f4e42b62ab6,,no direct ATT field mapped
94341,Craftsman's Writ: Sniper Scope,16941,index.questieCommit,"""cac1eff815923f896d082764d023cf812454a023""","""9d39232dab48e35811a7cc02473c2f4e42b62ab6""",commit,QuestieDB,9d39232dab48e35811a7cc02473c2f4e42b62ab6,,conflicts with existing value; no direct ATT field mapped
94342,Craftsman's Writ: Tranquil Mechanical Yeti,16941,detail.questie.commit,"""cac1eff815923f896d082764d023cf812454a023""","""9d39232dab48e35811a7cc02473c2f4e42b62ab6""",commit,QuestieDB,9d39232dab48e35811a7cc02473c2f4e42b62ab6,,no direct ATT field mapped
94342,Craftsman's Writ: Tranquil Mechanical Yeti,16941,detail.questie.fields.objectives,[],"{""3"":[{""1"":264142,""3"":0},{""1"":21277,""3"":0}]}",objectives,QuestieDB,9d39232dab48e35811a7cc02473c2f4e42b62ab6,,no direct ATT field mapped
94342,Craftsman's Writ: Tranquil Mechanical Yeti,16941,index.questieCommit,"""cac1eff815923f896d082764d023cf812454a023""","""9d39232dab48e35811a7cc02473c2f4e42b62ab6""",commit,QuestieDB,9d39232dab48e35811a7cc02473c2f4e42b62ab6,,conflicts with existing value; no direct ATT field mapped
94343,Craftsman's Writ: Wicked Leather Pants,16941,detail.questie.commit,"""cac1eff815923f896d082764d023cf812454a023""","""9d39232dab48e35811a7cc02473c2f4e42b62ab6""",commit,QuestieDB,9d39232dab48e35811a7cc02473c2f4e42b62ab6,,no direct ATT field mapped
94343,Craftsman's Writ: Wicked Leather Pants,16941,detail.questie.fields.objectives,[],"{""3"":[{""1"":264143,""3"":0},{""1"":15087,""3"":0}]}",objectives,QuestieDB,9d39232dab48e35811a7cc02473c2f4e42b62ab6,,no direct ATT field mapped
94343,Craftsman's Writ: Wicked Leather Pants,16941,index.questieCommit,"""cac1eff815923f896d082764d023cf812454a023""","""9d39232dab48e35811a7cc02473c2f4e42b62ab6""",commit,QuestieDB,9d39232dab48e35811a7cc02473c2f4e42b62ab6,,conflicts with existing value; no direct ATT field mapped
94344,Craftsman's Writ: Gordok Ogre Suit,16941,detail.questie.commit,"""cac1eff815923f896d082764d023cf812454a023""","""9d39232dab48e35811a7cc02473c2f4e42b62ab6""",commit,QuestieDB,9d39232dab48e35811a7cc02473c2f4e42b62ab6,,no direct ATT field mapped
94344,Craftsman's Writ: Gordok Ogre Suit,16941,detail.questie.fields.objectives,[],"{""3"":[{""1"":264144,""3"":0},{""1"":18258,""3"":0}]}",objectives,QuestieDB,9d39232dab48e35811a7cc02473c2f4e42b62ab6,,no direct ATT field mapped
94344,Craftsman's Writ: Gordok Ogre Suit,16941,index.questieCommit,"""cac1eff815923f896d082764d023cf812454a023""","""9d39232dab48e35811a7cc02473c2f4e42b62ab6""",commit,QuestieDB,9d39232dab48e35811a7cc02473c2f4e42b62ab6,,conflicts with existing value; no direct ATT field mapped
94345,Craftsman's Writ: Volcanic Breastplate,16941,detail.questie.commit,"""cac1eff815923f896d082764d023cf812454a023""","""9d39232dab48e35811a7cc02473c2f4e42b62ab6""",commit,QuestieDB,9d39232dab48e35811a7cc02473c2f4e42b62ab6,,no direct ATT field mapped
94345,Craftsman's Writ: Volcanic Breastplate,16941,detail.questie.fields.objectives,[],"{""3"":[{""1"":264145,""3"":0},{""1"":15053,""3"":0}]}",objectives,QuestieDB,9d39232dab48e35811a7cc02473c2f4e42b62ab6,,no direct ATT field mapped
94345,Craftsman's Writ: Volcanic Breastplate,16941,index.questieCommit,"""cac1eff815923f896d082764d023cf812454a023""","""9d39232dab48e35811a7cc02473c2f4e42b62ab6""",commit,QuestieDB,9d39232dab48e35811a7cc02473c2f4e42b62ab6,,conflicts with existing value; no direct ATT field mapped
94346,Craftsman's Writ: Runic Leather Headband,16941,detail.questie.commit,"""cac1eff815923f896d082764d023cf812454a023""","""9d39232dab48e35811a7cc02473c2f4e42b62ab6""",commit,QuestieDB,9d39232dab48e35811a7cc02473c2f4e42b62ab6,,no direct ATT field mapped
94346,Craftsman's Writ: Runic Leather Headband,16941,detail.questie.fields.objectives,[],"{""3"":[{""1"":264146,""3"":0},{""1"":15094,""3"":0}]}",objectives,QuestieDB,9d39232dab48e35811a7cc02473c2f4e42b62ab6,,no direct ATT field mapped
94346,Craftsman's Writ: Runic Leather Headband,16941,index.questieCommit,"""cac1eff815923f896d082764d023cf812454a023""","""9d39232dab48e35811a7cc02473c2f4e42b62ab6""",commit,QuestieDB,9d39232dab48e35811a7cc02473c2f4e42b62ab6,,conflicts with existing value; no direct ATT field mapped
94347,Craftsman's Writ: Wicked Leather Bracers,16941,detail.questie.commit,"""cac1eff815923f896d082764d023cf812454a023""","""9d39232dab48e35811a7cc02473c2f4e42b62ab6""",commit,QuestieDB,9d39232dab48e35811a7cc02473c2f4e42b62ab6,,no direct ATT field mapped
94347,Craftsman's Writ: Wicked Leather Bracers,16941,detail.questie.fields.objectives,[],"{""3"":[{""1"":264147,""3"":0},{""1"":15084,""3"":0}]}",objectives,QuestieDB,9d39232dab48e35811a7cc02473c2f4e42b62ab6,,no direct ATT field mapped
94347,Craftsman's Writ: Wicked Leather Bracers,16941,index.questieCommit,"""cac1eff815923f896d082764d023cf812454a023""","""9d39232dab48e35811a7cc02473c2f4e42b62ab6""",commit,QuestieDB,9d39232dab48e35811a7cc02473c2f4e42b62ab6,,conflicts with existing value; no direct ATT field mapped
94348,Craftsman's Writ: Chimeric Vest,16941,detail.questie.commit,"""cac1eff815923f896d082764d023cf812454a023""","""9d39232dab48e35811a7cc02473c2f4e42b62ab6""",commit,QuestieDB,9d39232dab48e35811a7cc02473c2f4e42b62ab6,,no direct ATT field mapped
94348,Craftsman's Writ: Chimeric Vest,16941,detail.questie.fields.objectives,[],"{""3"":[{""1"":264148,""3"":0},{""1"":15075,""3"":0}]}",objectives,QuestieDB,9d39232dab48e35811a7cc02473c2f4e42b62ab6,,no direct ATT field mapped
94348,Craftsman's Writ: Chimeric Vest,16941,index.questieCommit,"""cac1eff815923f896d082764d023cf812454a023""","""9d39232dab48e35811a7cc02473c2f4e42b62ab6""",commit,QuestieDB,9d39232dab48e35811a7cc02473c2f4e42b62ab6,,conflicts with existing value; no direct ATT field mapped
94349,Craftsman's Writ: Heavy Scorpid Helm,16941,detail.questie.commit,"""cac1eff815923f896d082764d023cf812454a023""","""9d39232dab48e35811a7cc02473c2f4e42b62ab6""",commit,QuestieDB,9d39232dab48e35811a7cc02473c2f4e42b62ab6,,no direct ATT field mapped
94349,Craftsman's Writ: Heavy Scorpid Helm,16941,detail.questie.fields.objectives,[],"{""3"":[{""1"":264149,""3"":0},{""1"":15080,""3"":0}]}",objectives,QuestieDB,9d39232dab48e35811a7cc02473c2f4e42b62ab6,,no direct ATT field mapped
94349,Craftsman's Writ: Heavy Scorpid Helm,16941,index.questieCommit,"""cac1eff815923f896d082764d023cf812454a023""","""9d39232dab48e35811a7cc02473c2f4e42b62ab6""",commit,QuestieDB,9d39232dab48e35811a7cc02473c2f4e42b62ab6,,conflicts with existing value; no direct ATT field mapped
94350,Craftsman's Writ: Runic Leather Bracers,16941,detail.questie.commit,"""cac1eff815923f896d082764d023cf812454a023""","""9d39232dab48e35811a7cc02473c2f4e42b62ab6""",commit,QuestieDB,9d39232dab48e35811a7cc02473c2f4e42b62ab6,,no direct ATT field mapped
94350,Craftsman's Writ: Runic Leather Bracers,16941,detail.questie.fields.objectives,[],"{""3"":[{""1"":264150,""3"":0},{""1"":15092,""3"":0}]}",objectives,QuestieDB,9d39232dab48e35811a7cc02473c2f4e42b62ab6,,no direct ATT field mapped
94350,Craftsman's Writ: Runic Leather Bracers,16941,index.questieCommit,"""cac1eff815923f896d082764d023cf812454a023""","""9d39232dab48e35811a7cc02473c2f4e42b62ab6""",commit,QuestieDB,9d39232dab48e35811a7cc02473c2f4e42b62ab6,,conflicts with existing value; no direct ATT field mapped
94351,Craftsman's Writ: Frostsaber Boots,16941,detail.questie.commit,"""cac1eff815923f896d082764d023cf812454a023""","""9d39232dab48e35811a7cc02473c2f4e42b62ab6""",commit,QuestieDB,9d39232dab48e35811a7cc02473c2f4e42b62ab6,,no direct ATT field mapped
94351,Craftsman's Writ: Frostsaber Boots,16941,detail.questie.fields.objectives,[],"{""3"":[{""1"":264151,""3"":0},{""1"":15071,""3"":0}]}",objectives,QuestieDB,9d39232dab48e35811a7cc02473c2f4e42b62ab6,,no direct ATT field mapped
94351,Craftsman's Writ: Frostsaber Boots,16941,index.questieCommit,"""cac1eff815923f896d082764d023cf812454a023""","""9d39232dab48e35811a7cc02473c2f4e42b62ab6""",commit,QuestieDB,9d39232dab48e35811a7cc02473c2f4e42b62ab6,,conflicts with existing value; no direct ATT field mapped
94352,Craftsman's Writ: Wizardweave Turban,16941,detail.questie.commit,"""cac1eff815923f896d082764d023cf812454a023""","""9d39232dab48e35811a7cc02473c2f4e42b62ab6""",commit,QuestieDB,9d39232dab48e35811a7cc02473c2f4e42b62ab6,,no direct ATT field mapped
94352,Craftsman's Writ: Wizardweave Turban,16941,detail.questie.fields.objectives,[],"{""3"":[{""1"":264152,""3"":0},{""1"":14130,""3"":0}]}",objectives,QuestieDB,9d39232dab48e35811a7cc02473c2f4e42b62ab6,,no direct ATT field mapped
94352,Craftsman's Writ: Wizardweave Turban,16941,index.questieCommit,"""cac1eff815923f896d082764d023cf812454a023""","""9d39232dab48e35811a7cc02473c2f4e42b62ab6""",commit,QuestieDB,9d39232dab48e35811a7cc02473c2f4e42b62ab6,,conflicts with existing value; no direct ATT field mapped
94353,Craftsman's Writ: Runecloth Bag,16941,detail.questie.commit,"""cac1eff815923f896d082764d023cf812454a023""","""9d39232dab48e35811a7cc02473c2f4e42b62ab6""",commit,QuestieDB,9d39232dab48e35811a7cc02473c2f4e42b62ab6,,no direct ATT field mapped
94353,Craftsman's Writ: Runecloth Bag,16941,detail.questie.fields.objectives,[],"{""3"":[{""1"":264153,""3"":0},{""1"":14046,""3"":0}]}",objectives,QuestieDB,9d39232dab48e35811a7cc02473c2f4e42b62ab6,,no direct ATT field mapped
94353,Craftsman's Writ: Runecloth Bag,16941,index.questieCommit,"""cac1eff815923f896d082764d023cf812454a023""","""9d39232dab48e35811a7cc02473c2f4e42b62ab6""",commit,QuestieDB,9d39232dab48e35811a7cc02473c2f4e42b62ab6,,conflicts with existing value; no direct ATT field mapped
94354,Craftsman's Writ: Runecloth Boots,16941,detail.questie.commit,"""cac1eff815923f896d082764d023cf812454a023""","""9d39232dab48e35811a7cc02473c2f4e42b62ab6""",commit,QuestieDB,9d39232dab48e35811a7cc02473c2f4e42b62ab6,,no direct ATT field mapped
94354,Craftsman's Writ: Runecloth Boots,16941,detail.questie.fields.objectives,[],"{""3"":[{""1"":264154,""3"":0},{""1"":13864,""3"":0}]}",objectives,QuestieDB,9d39232dab48e35811a7cc02473c2f4e42b62ab6,,no direct ATT field mapped
94354,Craftsman's Writ: Runecloth Boots,16941,index.questieCommit,"""cac1eff815923f896d082764d023cf812454a023""","""9d39232dab48e35811a7cc02473c2f4e42b62ab6""",commit,QuestieDB,9d39232dab48e35811a7cc02473c2f4e42b62ab6,,conflicts with existing value; no direct ATT field mapped
94355,Craftsman's Writ: Tuxedo Jacket,16941,detail.questie.commit,"""cac1eff815923f896d082764d023cf812454a023""","""9d39232dab48e35811a7cc02473c2f4e42b62ab6""",commit,QuestieDB,9d39232dab48e35811a7cc02473c2f4e42b62ab6,,no direct ATT field mapped
94355,Craftsman's Writ: Tuxedo Jacket,16941,detail.questie.fields.objectives,[],"{""3"":[{""1"":264155,""3"":0},{""1"":10036,""3"":0}]}",objectives,QuestieDB,9d39232dab48e35811a7cc02473c2f4e42b62ab6,,no direct ATT field mapped
94355,Craftsman's Writ: Tuxedo Jacket,16941,index.questieCommit,"""cac1eff815923f896d082764d023cf812454a023""","""9d39232dab48e35811a7cc02473c2f4e42b62ab6""",commit,QuestieDB,9d39232dab48e35811a7cc02473c2f4e42b62ab6,,conflicts with existing value; no direct ATT field mapped
94356,Craftsman's Writ: Felcloth Boots,16941,detail.questie.commit,"""cac1eff815923f896d082764d023cf812454a023""","""9d39232dab48e35811a7cc02473c2f4e42b62ab6""",commit,QuestieDB,9d39232dab48e35811a7cc02473c2f4e42b62ab6,,no direct ATT field mapped
94356,Craftsman's Writ: Felcloth Boots,16941,detail.questie.fields.objectives,[],"{""3"":[{""1"":264156,""3"":0},{""1"":14108,""3"":0}]}",objectives,QuestieDB,9d39232dab48e35811a7cc02473c2f4e42b62ab6,,no direct ATT field mapped
94356,Craftsman's Writ: Felcloth Boots,16941,index.questieCommit,"""cac1eff815923f896d082764d023cf812454a023""","""9d39232dab48e35811a7cc02473c2f4e42b62ab6""",commit,QuestieDB,9d39232dab48e35811a7cc02473c2f4e42b62ab6,,conflicts with existing value; no direct ATT field mapped
94357,Craftsman's Writ: Cenarion Herb Bag,16941,detail.questie.commit,"""cac1eff815923f896d082764d023cf812454a023""","""9d39232dab48e35811a7cc02473c2f4e42b62ab6""",commit,QuestieDB,9d39232dab48e35811a7cc02473c2f4e42b62ab6,,no direct ATT field mapped
94357,Craftsman's Writ: Cenarion Herb Bag,16941,detail.questie.fields.objectives,[],"{""3"":[{""1"":264157,""3"":0},{""1"":22251,""3"":0}]}",objectives,QuestieDB,9d39232dab48e35811a7cc02473c2f4e42b62ab6,,no direct ATT field mapped
94357,Craftsman's Writ: Cenarion Herb Bag,16941,index.questieCommit,"""cac1eff815923f896d082764d023cf812454a023""","""9d39232dab48e35811a7cc02473c2f4e42b62ab6""",commit,QuestieDB,9d39232dab48e35811a7cc02473c2f4e42b62ab6,,conflicts with existing value; no direct ATT field mapped
94358,Craftsman's Writ: Shadoweave Mask,16941,detail.questie.commit,"""cac1eff815923f896d082764d023cf812454a023""","""9d39232dab48e35811a7cc02473c2f4e42b62ab6""",commit,QuestieDB,9d39232dab48e35811a7cc02473c2f4e42b62ab6,,no direct ATT field mapped
94358,Craftsman's Writ: Shadoweave Mask,16941,detail.questie.fields.objectives,[],"{""3"":[{""1"":264158,""3"":0},{""1"":10025,""3"":0}]}",objectives,QuestieDB,9d39232dab48e35811a7cc02473c2f4e42b62ab6,,no direct ATT field mapped
94358,Craftsman's Writ: Shadoweave Mask,16941,index.questieCommit,"""cac1eff815923f896d082764d023cf812454a023""","""9d39232dab48e35811a7cc02473c2f4e42b62ab6""",commit,QuestieDB,9d39232dab48e35811a7cc02473c2f4e42b62ab6,,conflicts with existing value; no direct ATT field mapped
94359,Craftsman's Writ: Ghostweave Vest,16941,detail.questie.commit,"""cac1eff815923f896d082764d023cf812454a023""","""9d39232dab48e35811a7cc02473c2f4e42b62ab6""",commit,QuestieDB,9d39232dab48e35811a7cc02473c2f4e42b62ab6,,no direct ATT field mapped
94359,Craftsman's Writ: Ghostweave Vest,16941,detail.questie.fields.objectives,[],"{""3"":[{""1"":264159,""3"":0},{""1"":14141,""3"":0}]}",objectives,QuestieDB,9d39232dab48e35811a7cc02473c2f4e42b62ab6,,no direct ATT field mapped
94359,Craftsman's Writ: Ghostweave Vest,16941,index.questieCommit,"""cac1eff815923f896d082764d023cf812454a023""","""9d39232dab48e35811a7cc02473c2f4e42b62ab6""",commit,QuestieDB,9d39232dab48e35811a7cc02473c2f4e42b62ab6,,conflicts with existing value; no direct ATT field mapped
94360,Craftsman's Writ: Soul Pouch,16941,detail.questie.commit,"""cac1eff815923f896d082764d023cf812454a023""","""9d39232dab48e35811a7cc02473c2f4e42b62ab6""",commit,QuestieDB,9d39232dab48e35811a7cc02473c2f4e42b62ab6,,no direct ATT field mapped
94360,Craftsman's Writ: Soul Pouch,16941,detail.questie.fields.objectives,[],"{""3"":[{""1"":264160,""3"":0},{""1"":21340,""3"":0}]}",objectives,QuestieDB,9d39232dab48e35811a7cc02473c2f4e42b62ab6,,no direct ATT field mapped
94360,Craftsman's Writ: Soul Pouch,16941,index.questieCommit,"""cac1eff815923f896d082764d023cf812454a023""","""9d39232dab48e35811a7cc02473c2f4e42b62ab6""",commit,QuestieDB,9d39232dab48e35811a7cc02473c2f4e42b62ab6,,conflicts with existing value; no direct ATT field mapped
94369,The Fate of Zephras,16593,detail.questie.commit,"""cac1eff815923f896d082764d023cf812454a023""","""9d39232dab48e35811a7cc02473c2f4e42b62ab6""",commit,QuestieDB,9d39232dab48e35811a7cc02473c2f4e42b62ab6,,no direct ATT field mapped
94369,The Fate of Zephras,16593,index.questieCommit,"""cac1eff815923f896d082764d023cf812454a023""","""9d39232dab48e35811a7cc02473c2f4e42b62ab6""",commit,QuestieDB,9d39232dab48e35811a7cc02473c2f4e42b62ab6,,conflicts with existing value; no direct ATT field mapped
94373,Call of Earth,-82,detail.questie.commit,"""cac1eff815923f896d082764d023cf812454a023""","""9d39232dab48e35811a7cc02473c2f4e42b62ab6""",commit,QuestieDB,9d39232dab48e35811a7cc02473c2f4e42b62ab6,,no direct ATT field mapped
94373,Call of Earth,-82,detail.questie.fields.objectives,[],"{""3"":[{""1"":264356,""3"":0}]}",objectives,QuestieDB,9d39232dab48e35811a7cc02473c2f4e42b62ab6,,no direct ATT field mapped
94373,Call of Earth,-82,index.questieCommit,"""cac1eff815923f896d082764d023cf812454a023""","""9d39232dab48e35811a7cc02473c2f4e42b62ab6""",commit,QuestieDB,9d39232dab48e35811a7cc02473c2f4e42b62ab6,,conflicts with existing value; no direct ATT field mapped
94374,Call of Earth,-82,detail.questie.commit,"""cac1eff815923f896d082764d023cf812454a023""","""9d39232dab48e35811a7cc02473c2f4e42b62ab6""",commit,QuestieDB,9d39232dab48e35811a7cc02473c2f4e42b62ab6,,no direct ATT field mapped
94374,Call of Earth,-82,detail.questie.fields.sourceItemId,0,6635,sourceItemId,QuestieDB,9d39232dab48e35811a7cc02473c2f4e42b62ab6,,no direct ATT field mapped
94374,Call of Earth,-82,index.questieCommit,"""cac1eff815923f896d082764d023cf812454a023""","""9d39232dab48e35811a7cc02473c2f4e42b62ab6""",commit,QuestieDB,9d39232dab48e35811a7cc02473c2f4e42b62ab6,,conflicts with existing value; no direct ATT field mapped
94375,Call of Earth,-82,detail.questie.commit,"""cac1eff815923f896d082764d023cf812454a023""","""9d39232dab48e35811a7cc02473c2f4e42b62ab6""",commit,QuestieDB,9d39232dab48e35811a7cc02473c2f4e42b62ab6,,no direct ATT field mapped
94375,Call of Earth,-82,detail.questie.fields.sourceItemId,0,6656,sourceItemId,QuestieDB,9d39232dab48e35811a7cc02473c2f4e42b62ab6,,no direct ATT field mapped
94375,Call of Earth,-82,index.questieCommit,"""cac1eff815923f896d082764d023cf812454a023""","""9d39232dab48e35811a7cc02473c2f4e42b62ab6""",commit,QuestieDB,9d39232dab48e35811a7cc02473c2f4e42b62ab6,,conflicts with existing value; no direct ATT field mapped
94411,Meddlesome Mages,16593,detail.questie.commit,"""cac1eff815923f896d082764d023cf812454a023""","""9d39232dab48e35811a7cc02473c2f4e42b62ab6""",commit,QuestieDB,9d39232dab48e35811a7cc02473c2f4e42b62ab6,,no direct ATT field mapped
94411,Meddlesome Mages,16593,index.questieCommit,"""cac1eff815923f896d082764d023cf812454a023""","""9d39232dab48e35811a7cc02473c2f4e42b62ab6""",commit,QuestieDB,9d39232dab48e35811a7cc02473c2f4e42b62ab6,,conflicts with existing value; no direct ATT field mapped
94413,A Magical Affront,16593,detail.questie.commit,"""cac1eff815923f896d082764d023cf812454a023""","""9d39232dab48e35811a7cc02473c2f4e42b62ab6""",commit,QuestieDB,9d39232dab48e35811a7cc02473c2f4e42b62ab6,,no direct ATT field mapped
94413,A Magical Affront,16593,index.questieCommit,"""cac1eff815923f896d082764d023cf812454a023""","""9d39232dab48e35811a7cc02473c2f4e42b62ab6""",commit,QuestieDB,9d39232dab48e35811a7cc02473c2f4e42b62ab6,,conflicts with existing value; no direct ATT field mapped
94414,The Anchors of Zephras,16593,detail.questie.commit,"""cac1eff815923f896d082764d023cf812454a023""","""9d39232dab48e35811a7cc02473c2f4e42b62ab6""",commit,QuestieDB,9d39232dab48e35811a7cc02473c2f4e42b62ab6,,no direct ATT field mapped
94414,The Anchors of Zephras,16593,index.questieCommit,"""cac1eff815923f896d082764d023cf812454a023""","""9d39232dab48e35811a7cc02473c2f4e42b62ab6""",commit,QuestieDB,9d39232dab48e35811a7cc02473c2f4e42b62ab6,,conflicts with existing value; no direct ATT field mapped
94427,A Lesson in Divinity,-141,detail.questie.commit,"""cac1eff815923f896d082764d023cf812454a023""","""9d39232dab48e35811a7cc02473c2f4e42b62ab6""",commit,QuestieDB,9d39232dab48e35811a7cc02473c2f4e42b62ab6,,no direct ATT field mapped
94427,A Lesson in Divinity,-141,index.questieCommit,"""cac1eff815923f896d082764d023cf812454a023""","""9d39232dab48e35811a7cc02473c2f4e42b62ab6""",commit,QuestieDB,9d39232dab48e35811a7cc02473c2f4e42b62ab6,,conflicts with existing value; no direct ATT field mapped
94434,A Lesson in Divinity,-141,detail.questie.commit,"""cac1eff815923f896d082764d023cf812454a023""","""9d39232dab48e35811a7cc02473c2f4e42b62ab6""",commit,QuestieDB,9d39232dab48e35811a7cc02473c2f4e42b62ab6,,no direct ATT field mapped
94434,A Lesson in Divinity,-141,detail.questie.fields.objectives,[],"{""3"":[{""1"":2589,""3"":0}]}",objectives,QuestieDB,9d39232dab48e35811a7cc02473c2f4e42b62ab6,,no direct ATT field mapped
94434,A Lesson in Divinity,-141,index.questieCommit,"""cac1eff815923f896d082764d023cf812454a023""","""9d39232dab48e35811a7cc02473c2f4e42b62ab6""",commit,QuestieDB,9d39232dab48e35811a7cc02473c2f4e42b62ab6,,conflicts with existing value; no direct ATT field mapped
94435,A Lesson in Divinity,-141,detail.questie.commit,"""cac1eff815923f896d082764d023cf812454a023""","""9d39232dab48e35811a7cc02473c2f4e42b62ab6""",commit,QuestieDB,9d39232dab48e35811a7cc02473c2f4e42b62ab6,,no direct ATT field mapped
94435,A Lesson in Divinity,-141,index.questieCommit,"""cac1eff815923f896d082764d023cf812454a023""","""9d39232dab48e35811a7cc02473c2f4e42b62ab6""",commit,QuestieDB,9d39232dab48e35811a7cc02473c2f4e42b62ab6,,conflicts with existing value; no direct ATT field mapped
94436,A Lesson in Divinity,-141,detail.questie.commit,"""cac1eff815923f896d082764d023cf812454a023""","""9d39232dab48e35811a7cc02473c2f4e42b62ab6""",commit,QuestieDB,9d39232dab48e35811a7cc02473c2f4e42b62ab6,,no direct ATT field mapped
94436,A Lesson in Divinity,-141,index.questieCommit,"""cac1eff815923f896d082764d023cf812454a023""","""9d39232dab48e35811a7cc02473c2f4e42b62ab6""",commit,QuestieDB,9d39232dab48e35811a7cc02473c2f4e42b62ab6,,conflicts with existing value; no direct ATT field mapped
94438,A Lesson in Divinity,-141,detail.questie.commit,"""cac1eff815923f896d082764d023cf812454a023""","""9d39232dab48e35811a7cc02473c2f4e42b62ab6""",commit,QuestieDB,9d39232dab48e35811a7cc02473c2f4e42b62ab6,,no direct ATT field mapped
94438,A Lesson in Divinity,-141,index.questieCommit,"""cac1eff815923f896d082764d023cf812454a023""","""9d39232dab48e35811a7cc02473c2f4e42b62ab6""",commit,QuestieDB,9d39232dab48e35811a7cc02473c2f4e42b62ab6,,conflicts with existing value; no direct ATT field mapped
94440,A Lesson in Divinity,-141,detail.questie.commit,"""cac1eff815923f896d082764d023cf812454a023""","""9d39232dab48e35811a7cc02473c2f4e42b62ab6""",commit,QuestieDB,9d39232dab48e35811a7cc02473c2f4e42b62ab6,,no direct ATT field mapped
94440,A Lesson in Divinity,-141,detail.questie.fields.objectives,[],"{""3"":[{""1"":264693,""3"":0}]}",objectives,QuestieDB,9d39232dab48e35811a7cc02473c2f4e42b62ab6,,no direct ATT field mapped
94440,A Lesson in Divinity,-141,index.questieCommit,"""cac1eff815923f896d082764d023cf812454a023""","""9d39232dab48e35811a7cc02473c2f4e42b62ab6""",commit,QuestieDB,9d39232dab48e35811a7cc02473c2f4e42b62ab6,,conflicts with existing value; no direct ATT field mapped
94441,A Lesson in Divinity,-141,detail.questie.commit,"""cac1eff815923f896d082764d023cf812454a023""","""9d39232dab48e35811a7cc02473c2f4e42b62ab6""",commit,QuestieDB,9d39232dab48e35811a7cc02473c2f4e42b62ab6,,no direct ATT field mapped
94441,A Lesson in Divinity,-141,index.questieCommit,"""cac1eff815923f896d082764d023cf812454a023""","""9d39232dab48e35811a7cc02473c2f4e42b62ab6""",commit,QuestieDB,9d39232dab48e35811a7cc02473c2f4e42b62ab6,,conflicts with existing value; no direct ATT field mapped
94449,Call of Fire,-82,detail.questie.commit,"""cac1eff815923f896d082764d023cf812454a023""","""9d39232dab48e35811a7cc02473c2f4e42b62ab6""",commit,QuestieDB,9d39232dab48e35811a7cc02473c2f4e42b62ab6,,no direct ATT field mapped
94449,Call of Fire,-82,index.questieCommit,"""cac1eff815923f896d082764d023cf812454a023""","""9d39232dab48e35811a7cc02473c2f4e42b62ab6""",commit,QuestieDB,9d39232dab48e35811a7cc02473c2f4e42b62ab6,,conflicts with existing value; no direct ATT field mapped
94465,Call of Fire,-82,detail.questie.commit,"""cac1eff815923f896d082764d023cf812454a023""","""9d39232dab48e35811a7cc02473c2f4e42b62ab6""",commit,QuestieDB,9d39232dab48e35811a7cc02473c2f4e42b62ab6,,no direct ATT field mapped
94465,Call of Fire,-82,detail.questie.fields.sourceItemId,0,6653,sourceItemId,QuestieDB,9d39232dab48e35811a7cc02473c2f4e42b62ab6,,no direct ATT field mapped
94465,Call of Fire,-82,index.questieCommit,"""cac1eff815923f896d082764d023cf812454a023""","""9d39232dab48e35811a7cc02473c2f4e42b62ab6""",commit,QuestieDB,9d39232dab48e35811a7cc02473c2f4e42b62ab6,,conflicts with existing value; no direct ATT field mapped
94466,Call of Fire,-82,detail.questie.commit,"""cac1eff815923f896d082764d023cf812454a023""","""9d39232dab48e35811a7cc02473c2f4e42b62ab6""",commit,QuestieDB,9d39232dab48e35811a7cc02473c2f4e42b62ab6,,no direct ATT field mapped
94466,Call of Fire,-82,detail.questie.fields.objectives,[],"{""3"":[{""1"":5026,""3"":0},{""1"":6652,""3"":0}]}",objectives,QuestieDB,9d39232dab48e35811a7cc02473c2f4e42b62ab6,,no direct ATT field mapped
94466,Call of Fire,-82,index.questieCommit,"""cac1eff815923f896d082764d023cf812454a023""","""9d39232dab48e35811a7cc02473c2f4e42b62ab6""",commit,QuestieDB,9d39232dab48e35811a7cc02473c2f4e42b62ab6,,conflicts with existing value; no direct ATT field mapped
94467,Call of Fire,-82,detail.questie.commit,"""cac1eff815923f896d082764d023cf812454a023""","""9d39232dab48e35811a7cc02473c2f4e42b62ab6""",commit,QuestieDB,9d39232dab48e35811a7cc02473c2f4e42b62ab6,,no direct ATT field mapped
94467,Call of Fire,-82,detail.questie.fields.objectives,[],"{""3"":[{""1"":6655,""3"":0}]}",objectives,QuestieDB,9d39232dab48e35811a7cc02473c2f4e42b62ab6,,no direct ATT field mapped
94467,Call of Fire,-82,detail.questie.fields.sourceItemId,0,6653,sourceItemId,QuestieDB,9d39232dab48e35811a7cc02473c2f4e42b62ab6,,no direct ATT field mapped
94467,Call of Fire,-82,index.questieCommit,"""cac1eff815923f896d082764d023cf812454a023""","""9d39232dab48e35811a7cc02473c2f4e42b62ab6""",commit,QuestieDB,9d39232dab48e35811a7cc02473c2f4e42b62ab6,,conflicts with existing value; no direct ATT field mapped
94468,Call of Fire,-82,detail.questie.commit,"""cac1eff815923f896d082764d023cf812454a023""","""9d39232dab48e35811a7cc02473c2f4e42b62ab6""",commit,QuestieDB,9d39232dab48e35811a7cc02473c2f4e42b62ab6,,no direct ATT field mapped
94468,Call of Fire,-82,detail.questie.fields.sourceItemId,0,6654,sourceItemId,QuestieDB,9d39232dab48e35811a7cc02473c2f4e42b62ab6,,no direct ATT field mapped
94468,Call of Fire,-82,index.questieCommit,"""cac1eff815923f896d082764d023cf812454a023""","""9d39232dab48e35811a7cc02473c2f4e42b62ab6""",commit,QuestieDB,9d39232dab48e35811a7cc02473c2f4e42b62ab6,,conflicts with existing value; no direct ATT field mapped
94472,Earth Sapta,-82,detail.questie.commit,"""cac1eff815923f896d082764d023cf812454a023""","""9d39232dab48e35811a7cc02473c2f4e42b62ab6""",commit,QuestieDB,9d39232dab48e35811a7cc02473c2f4e42b62ab6,,no direct ATT field mapped
94472,Earth Sapta,-82,index.questieCommit,"""cac1eff815923f896d082764d023cf812454a023""","""9d39232dab48e35811a7cc02473c2f4e42b62ab6""",commit,QuestieDB,9d39232dab48e35811a7cc02473c2f4e42b62ab6,,conflicts with existing value; no direct ATT field mapped
94473,Fire Sapta,-82,detail.questie.commit,"""cac1eff815923f896d082764d023cf812454a023""","""9d39232dab48e35811a7cc02473c2f4e42b62ab6""",commit,QuestieDB,9d39232dab48e35811a7cc02473c2f4e42b62ab6,,no direct ATT field mapped
94473,Fire Sapta,-82,index.questieCommit,"""cac1eff815923f896d082764d023cf812454a023""","""9d39232dab48e35811a7cc02473c2f4e42b62ab6""",commit,QuestieDB,9d39232dab48e35811a7cc02473c2f4e42b62ab6,,conflicts with existing value; no direct ATT field mapped
94484,Unnerving Silence,16593,detail.questie.commit,"""cac1eff815923f896d082764d023cf812454a023""","""9d39232dab48e35811a7cc02473c2f4e42b62ab6""",commit,QuestieDB,9d39232dab48e35811a7cc02473c2f4e42b62ab6,,no direct ATT field mapped
94484,Unnerving Silence,16593,detail.questie.fields.exclusiveTo,null,[94493],exclusiveTo,QuestieDB,9d39232dab48e35811a7cc02473c2f4e42b62ab6,,no direct ATT field mapped
94484,Unnerving Silence,16593,detail.questie.provenance.exclusiveTo,null,"""QuestieDB""",exclusiveTo,QuestieDB,9d39232dab48e35811a7cc02473c2f4e42b62ab6,,no direct ATT field mapped
94484,Unnerving Silence,16593,detail.requirements.exclusiveTo,null,[94493],exclusiveTo,QuestieDB,9d39232dab48e35811a7cc02473c2f4e42b62ab6,,no direct ATT field mapped
94484,Unnerving Silence,16593,index.questieCommit,"""cac1eff815923f896d082764d023cf812454a023""","""9d39232dab48e35811a7cc02473c2f4e42b62ab6""",commit,QuestieDB,9d39232dab48e35811a7cc02473c2f4e42b62ab6,,conflicts with existing value; no direct ATT field mapped
94485,Tears of the Lady,16593,detail.questie.commit,"""cac1eff815923f896d082764d023cf812454a023""","""9d39232dab48e35811a7cc02473c2f4e42b62ab6""",commit,QuestieDB,9d39232dab48e35811a7cc02473c2f4e42b62ab6,,no direct ATT field mapped
94485,Tears of the Lady,16593,detail.questie.fields.objectives,[],"{""3"":[{""1"":265105,""3"":0}]}",objectives,QuestieDB,9d39232dab48e35811a7cc02473c2f4e42b62ab6,,no direct ATT field mapped
94485,Tears of the Lady,16593,detail.questie.fields.preQuestSingle,[94484],"[94484,94493]",preQuestSingle,QuestieDB,9d39232dab48e35811a7cc02473c2f4e42b62ab6,sourceQuest or sourceQuests + sourceQuestNumRequired=1,alternative prerequisites (OR)
94485,Tears of the Lady,16593,detail.requirements.anyOf,[94484],"[94484,94493]",anyOf,QuestieDB,9d39232dab48e35811a7cc02473c2f4e42b62ab6,,conflicts with existing value; no direct ATT field mapped
94485,Tears of the Lady,16593,detail.requirements.preQuestSingle,[94484],"[94484,94493]",preQuestSingle,QuestieDB,9d39232dab48e35811a7cc02473c2f4e42b62ab6,sourceQuest or sourceQuests + sourceQuestNumRequired=1,alternative prerequisites (OR); conflicts with existing value
94485,Tears of the Lady,16593,index.questieCommit,"""cac1eff815923f896d082764d023cf812454a023""","""9d39232dab48e35811a7cc02473c2f4e42b62ab6""",commit,QuestieDB,9d39232dab48e35811a7cc02473c2f4e42b62ab6,,conflicts with existing value; no direct ATT field mapped
94486,Feathers for Binding,16593,detail.questie.commit,"""cac1eff815923f896d082764d023cf812454a023""","""9d39232dab48e35811a7cc02473c2f4e42b62ab6""",commit,QuestieDB,9d39232dab48e35811a7cc02473c2f4e42b62ab6,,no direct ATT field mapped
94486,Feathers for Binding,16593,detail.questie.fields.objectives,[],"{""3"":[{""1"":265140,""3"":0}]}",objectives,QuestieDB,9d39232dab48e35811a7cc02473c2f4e42b62ab6,,no direct ATT field mapped
94486,Feathers for Binding,16593,detail.questie.fields.preQuestSingle,[94484],"[94484,94493]",preQuestSingle,QuestieDB,9d39232dab48e35811a7cc02473c2f4e42b62ab6,sourceQuest or sourceQuests + sourceQuestNumRequired=1,alternative prerequisites (OR)
94486,Feathers for Binding,16593,detail.requirements.anyOf,[94484],"[94484,94493]",anyOf,QuestieDB,9d39232dab48e35811a7cc02473c2f4e42b62ab6,,conflicts with existing value; no direct ATT field mapped
94486,Feathers for Binding,16593,detail.requirements.preQuestSingle,[94484],"[94484,94493]",preQuestSingle,QuestieDB,9d39232dab48e35811a7cc02473c2f4e42b62ab6,sourceQuest or sourceQuests + sourceQuestNumRequired=1,alternative prerequisites (OR); conflicts with existing value
94486,Feathers for Binding,16593,index.questieCommit,"""cac1eff815923f896d082764d023cf812454a023""","""9d39232dab48e35811a7cc02473c2f4e42b62ab6""",commit,QuestieDB,9d39232dab48e35811a7cc02473c2f4e42b62ab6,,conflicts with existing value; no direct ATT field mapped
94487,Unwanted and Unworthy,16593,detail.questie.commit,"""cac1eff815923f896d082764d023cf812454a023""","""9d39232dab48e35811a7cc02473c2f4e42b62ab6""",commit,QuestieDB,9d39232dab48e35811a7cc02473c2f4e42b62ab6,,no direct ATT field mapped
94487,Unwanted and Unworthy,16593,detail.questie.fields.objectives,[],"{""3"":[{""1"":265141,""3"":0}]}",objectives,QuestieDB,9d39232dab48e35811a7cc02473c2f4e42b62ab6,,no direct ATT field mapped
94487,Unwanted and Unworthy,16593,detail.questie.fields.preQuestSingle,[94484],"[94484,94493]",preQuestSingle,QuestieDB,9d39232dab48e35811a7cc02473c2f4e42b62ab6,sourceQuest or sourceQuests + sourceQuestNumRequired=1,alternative prerequisites (OR)
94487,Unwanted and Unworthy,16593,detail.requirements.anyOf,[94484],"[94484,94493]",anyOf,QuestieDB,9d39232dab48e35811a7cc02473c2f4e42b62ab6,,conflicts with existing value; no direct ATT field mapped
94487,Unwanted and Unworthy,16593,detail.requirements.preQuestSingle,[94484],"[94484,94493]",preQuestSingle,QuestieDB,9d39232dab48e35811a7cc02473c2f4e42b62ab6,sourceQuest or sourceQuests + sourceQuestNumRequired=1,alternative prerequisites (OR); conflicts with existing value
94487,Unwanted and Unworthy,16593,index.questieCommit,"""cac1eff815923f896d082764d023cf812454a023""","""9d39232dab48e35811a7cc02473c2f4e42b62ab6""",commit,QuestieDB,9d39232dab48e35811a7cc02473c2f4e42b62ab6,,conflicts with existing value; no direct ATT field mapped
94488,The Ties That Bind,16593,detail.prerequisiteQuestIds,"[94486,94487]","[94485,94486,94487]",preQuestGroup,QuestieDB,9d39232dab48e35811a7cc02473c2f4e42b62ab6,sourceQuests (AND),grouped prerequisites (AND); conflicts with existing value
94488,The Ties That Bind,16593,detail.questie.commit,"""cac1eff815923f896d082764d023cf812454a023""","""9d39232dab48e35811a7cc02473c2f4e42b62ab6""",commit,QuestieDB,9d39232dab48e35811a7cc02473c2f4e42b62ab6,,no direct ATT field mapped
94488,The Ties That Bind,16593,detail.questie.fields.objectives,[],"{""3"":[{""1"":265475,""3"":0}]}",objectives,QuestieDB,9d39232dab48e35811a7cc02473c2f4e42b62ab6,,no direct ATT field mapped
94488,The Ties That Bind,16593,detail.questie.fields.preQuestGroup,"[94486,94487]","[94485,94486,94487]",preQuestGroup,QuestieDB,9d39232dab48e35811a7cc02473c2f4e42b62ab6,sourceQuests (AND),grouped prerequisites (AND)
94488,The Ties That Bind,16593,detail.requirements.allOf,"[94486,94487]","[94485,94486,94487]",allOf,QuestieDB,9d39232dab48e35811a7cc02473c2f4e42b62ab6,,conflicts with existing value; no direct ATT field mapped
94488,The Ties That Bind,16593,detail.requirements.preQuestGroup,"[94486,94487]","[94485,94486,94487]",preQuestGroup,QuestieDB,9d39232dab48e35811a7cc02473c2f4e42b62ab6,sourceQuests (AND),grouped prerequisites (AND); conflicts with existing value
94488,The Ties That Bind,16593,index.questieCommit,"""cac1eff815923f896d082764d023cf812454a023""","""9d39232dab48e35811a7cc02473c2f4e42b62ab6""",commit,QuestieDB,9d39232dab48e35811a7cc02473c2f4e42b62ab6,,conflicts with existing value; no direct ATT field mapped
94489,The Wounds of Betrayal,16593,detail.prerequisiteQuestIds,"[94486,94487]","[94485,94486,94487]",preQuestGroup,QuestieDB,9d39232dab48e35811a7cc02473c2f4e42b62ab6,sourceQuests (AND),grouped prerequisites (AND); conflicts with existing value
94489,The Wounds of Betrayal,16593,detail.questie.commit,"""cac1eff815923f896d082764d023cf812454a023""","""9d39232dab48e35811a7cc02473c2f4e42b62ab6""",commit,QuestieDB,9d39232dab48e35811a7cc02473c2f4e42b62ab6,,no direct ATT field mapped
94489,The Wounds of Betrayal,16593,detail.questie.fields.objectives,[],"{""1"":[{""1"":258130,""3"":5}],""5"":[{""1"":[258134,258137,258138,258275,258277,258288,258289],""2"":258134,""4"":17}]}",objectives,QuestieDB,9d39232dab48e35811a7cc02473c2f4e42b62ab6,,no direct ATT field mapped
94489,The Wounds of Betrayal,16593,detail.questie.fields.preQuestGroup,"[94486,94487]","[94485,94486,94487]",preQuestGroup,QuestieDB,9d39232dab48e35811a7cc02473c2f4e42b62ab6,sourceQuests (AND),grouped prerequisites (AND)
94489,The Wounds of Betrayal,16593,detail.requirements.allOf,"[94486,94487]","[94485,94486,94487]",allOf,QuestieDB,9d39232dab48e35811a7cc02473c2f4e42b62ab6,,conflicts with existing value; no direct ATT field mapped
94489,The Wounds of Betrayal,16593,detail.requirements.preQuestGroup,"[94486,94487]","[94485,94486,94487]",preQuestGroup,QuestieDB,9d39232dab48e35811a7cc02473c2f4e42b62ab6,sourceQuests (AND),grouped prerequisites (AND); conflicts with existing value
94489,The Wounds of Betrayal,16593,index.questieCommit,"""cac1eff815923f896d082764d023cf812454a023""","""9d39232dab48e35811a7cc02473c2f4e42b62ab6""",commit,QuestieDB,9d39232dab48e35811a7cc02473c2f4e42b62ab6,,conflicts with existing value; no direct ATT field mapped
94490,Ripped Missive,16593,detail.prerequisiteQuestIds,"[94486,94487]","[94485,94486,94487]",preQuestGroup,QuestieDB,9d39232dab48e35811a7cc02473c2f4e42b62ab6,sourceQuests (AND),grouped prerequisites (AND); conflicts with existing value
94490,Ripped Missive,16593,detail.questie.commit,"""cac1eff815923f896d082764d023cf812454a023""","""9d39232dab48e35811a7cc02473c2f4e42b62ab6""",commit,QuestieDB,9d39232dab48e35811a7cc02473c2f4e42b62ab6,,no direct ATT field mapped
94490,Ripped Missive,16593,detail.questie.fields.preQuestGroup,"[94486,94487]","[94485,94486,94487]",preQuestGroup,QuestieDB,9d39232dab48e35811a7cc02473c2f4e42b62ab6,sourceQuests (AND),grouped prerequisites (AND)
94490,Ripped Missive,16593,detail.questie.fields.sourceItemId,0,265476,sourceItemId,QuestieDB,9d39232dab48e35811a7cc02473c2f4e42b62ab6,,no direct ATT field mapped
94490,Ripped Missive,16593,detail.requirements.allOf,"[94486,94487]","[94485,94486,94487]",allOf,QuestieDB,9d39232dab48e35811a7cc02473c2f4e42b62ab6,,conflicts with existing value; no direct ATT field mapped
94490,Ripped Missive,16593,detail.requirements.preQuestGroup,"[94486,94487]","[94485,94486,94487]",preQuestGroup,QuestieDB,9d39232dab48e35811a7cc02473c2f4e42b62ab6,sourceQuests (AND),grouped prerequisites (AND); conflicts with existing value
94490,Ripped Missive,16593,index.questieCommit,"""cac1eff815923f896d082764d023cf812454a023""","""9d39232dab48e35811a7cc02473c2f4e42b62ab6""",commit,QuestieDB,9d39232dab48e35811a7cc02473c2f4e42b62ab6,,conflicts with existing value; no direct ATT field mapped
94491,The Fate of the Den,16593,detail.questie.commit,"""cac1eff815923f896d082764d023cf812454a023""","""9d39232dab48e35811a7cc02473c2f4e42b62ab6""",commit,QuestieDB,9d39232dab48e35811a7cc02473c2f4e42b62ab6,,no direct ATT field mapped
94491,The Fate of the Den,16593,detail.questie.fields.sourceItemId,0,265782,sourceItemId,QuestieDB,9d39232dab48e35811a7cc02473c2f4e42b62ab6,,no direct ATT field mapped
94491,The Fate of the Den,16593,index.questieCommit,"""cac1eff815923f896d082764d023cf812454a023""","""9d39232dab48e35811a7cc02473c2f4e42b62ab6""",commit,QuestieDB,9d39232dab48e35811a7cc02473c2f4e42b62ab6,,conflicts with existing value; no direct ATT field mapped
94493,A Sacrifice in Vain,16593,detail.questie.commit,"""cac1eff815923f896d082764d023cf812454a023""","""9d39232dab48e35811a7cc02473c2f4e42b62ab6""",commit,QuestieDB,9d39232dab48e35811a7cc02473c2f4e42b62ab6,,no direct ATT field mapped
94493,A Sacrifice in Vain,16593,detail.questie.fields.exclusiveTo,null,[94484],exclusiveTo,QuestieDB,9d39232dab48e35811a7cc02473c2f4e42b62ab6,,no direct ATT field mapped
94493,A Sacrifice in Vain,16593,detail.questie.fields.requiredRaces,4294967373,0,requiredRaces,QuestieDB,9d39232dab48e35811a7cc02473c2f4e42b62ab6,races,
94493,A Sacrifice in Vain,16593,detail.questie.provenance.exclusiveTo,null,"""QuestieDB""",exclusiveTo,QuestieDB,9d39232dab48e35811a7cc02473c2f4e42b62ab6,,no direct ATT field mapped
94493,A Sacrifice in Vain,16593,detail.requirements.exclusiveTo,null,[94484],exclusiveTo,QuestieDB,9d39232dab48e35811a7cc02473c2f4e42b62ab6,,no direct ATT field mapped
94493,A Sacrifice in Vain,16593,index.questieCommit,"""cac1eff815923f896d082764d023cf812454a023""","""9d39232dab48e35811a7cc02473c2f4e42b62ab6""",commit,QuestieDB,9d39232dab48e35811a7cc02473c2f4e42b62ab6,,conflicts with existing value; no direct ATT field mapped
94494,Call of Water,-82,detail.questie.commit,"""cac1eff815923f896d082764d023cf812454a023""","""9d39232dab48e35811a7cc02473c2f4e42b62ab6""",commit,QuestieDB,9d39232dab48e35811a7cc02473c2f4e42b62ab6,,no direct ATT field mapped
94494,Call of Water,-82,index.questieCommit,"""cac1eff815923f896d082764d023cf812454a023""","""9d39232dab48e35811a7cc02473c2f4e42b62ab6""",commit,QuestieDB,9d39232dab48e35811a7cc02473c2f4e42b62ab6,,conflicts with existing value; no direct ATT field mapped
94495,Call of Water,-82,detail.questie.commit,"""cac1eff815923f896d082764d023cf812454a023""","""9d39232dab48e35811a7cc02473c2f4e42b62ab6""",commit,QuestieDB,9d39232dab48e35811a7cc02473c2f4e42b62ab6,,no direct ATT field mapped
94495,Call of Water,-82,index.questieCommit,"""cac1eff815923f896d082764d023cf812454a023""","""9d39232dab48e35811a7cc02473c2f4e42b62ab6""",commit,QuestieDB,9d39232dab48e35811a7cc02473c2f4e42b62ab6,,conflicts with existing value; no direct ATT field mapped
94497,Call of Water,-82,detail.questie.commit,"""cac1eff815923f896d082764d023cf812454a023""","""9d39232dab48e35811a7cc02473c2f4e42b62ab6""",commit,QuestieDB,9d39232dab48e35811a7cc02473c2f4e42b62ab6,,no direct ATT field mapped
94497,Call of Water,-82,detail.questie.fields.objectives,[],"{""3"":[{""1"":265734,""3"":0}]}",objectives,QuestieDB,9d39232dab48e35811a7cc02473c2f4e42b62ab6,,no direct ATT field mapped
94497,Call of Water,-82,detail.questie.fields.sourceItemId,0,265732,sourceItemId,QuestieDB,9d39232dab48e35811a7cc02473c2f4e42b62ab6,,no direct ATT field mapped
94497,Call of Water,-82,index.questieCommit,"""cac1eff815923f896d082764d023cf812454a023""","""9d39232dab48e35811a7cc02473c2f4e42b62ab6""",commit,QuestieDB,9d39232dab48e35811a7cc02473c2f4e42b62ab6,,conflicts with existing value; no direct ATT field mapped
94499,Call of Water,-82,detail.questie.commit,"""cac1eff815923f896d082764d023cf812454a023""","""9d39232dab48e35811a7cc02473c2f4e42b62ab6""",commit,QuestieDB,9d39232dab48e35811a7cc02473c2f4e42b62ab6,,no direct ATT field mapped
94499,Call of Water,-82,detail.questie.fields.objectives,[],"{""3"":[{""1"":265748,""3"":0}]}",objectives,QuestieDB,9d39232dab48e35811a7cc02473c2f4e42b62ab6,,no direct ATT field mapped
94499,Call of Water,-82,detail.questie.fields.sourceItemId,0,265747,sourceItemId,QuestieDB,9d39232dab48e35811a7cc02473c2f4e42b62ab6,,no direct ATT field mapped
94499,Call of Water,-82,index.questieCommit,"""cac1eff815923f896d082764d023cf812454a023""","""9d39232dab48e35811a7cc02473c2f4e42b62ab6""",commit,QuestieDB,9d39232dab48e35811a7cc02473c2f4e42b62ab6,,conflicts with existing value; no direct ATT field mapped
94500,Call of Water,-82,detail.questie.commit,"""cac1eff815923f896d082764d023cf812454a023""","""9d39232dab48e35811a7cc02473c2f4e42b62ab6""",commit,QuestieDB,9d39232dab48e35811a7cc02473c2f4e42b62ab6,,no direct ATT field mapped
94500,Call of Water,-82,detail.questie.fields.objectives,[],"{""3"":[{""1"":265773,""3"":0}]}",objectives,QuestieDB,9d39232dab48e35811a7cc02473c2f4e42b62ab6,,no direct ATT field mapped
94500,Call of Water,-82,detail.questie.fields.sourceItemId,0,265772,sourceItemId,QuestieDB,9d39232dab48e35811a7cc02473c2f4e42b62ab6,,no direct ATT field mapped
94500,Call of Water,-82,index.questieCommit,"""cac1eff815923f896d082764d023cf812454a023""","""9d39232dab48e35811a7cc02473c2f4e42b62ab6""",commit,QuestieDB,9d39232dab48e35811a7cc02473c2f4e42b62ab6,,conflicts with existing value; no direct ATT field mapped
94501,Call of Water,-82,detail.questie.commit,"""cac1eff815923f896d082764d023cf812454a023""","""9d39232dab48e35811a7cc02473c2f4e42b62ab6""",commit,QuestieDB,9d39232dab48e35811a7cc02473c2f4e42b62ab6,,no direct ATT field mapped
94501,Call of Water,-82,detail.questie.fields.sourceItemId,0,7810,sourceItemId,QuestieDB,9d39232dab48e35811a7cc02473c2f4e42b62ab6,,no direct ATT field mapped
94501,Call of Water,-82,index.questieCommit,"""cac1eff815923f896d082764d023cf812454a023""","""9d39232dab48e35811a7cc02473c2f4e42b62ab6""",commit,QuestieDB,9d39232dab48e35811a7cc02473c2f4e42b62ab6,,conflicts with existing value; no direct ATT field mapped
94502,Call of Water,-82,detail.questie.commit,"""cac1eff815923f896d082764d023cf812454a023""","""9d39232dab48e35811a7cc02473c2f4e42b62ab6""",commit,QuestieDB,9d39232dab48e35811a7cc02473c2f4e42b62ab6,,no direct ATT field mapped
94502,Call of Water,-82,detail.questie.fields.objectives,[],"{""3"":[{""1"":7812,""3"":0}]}",objectives,QuestieDB,9d39232dab48e35811a7cc02473c2f4e42b62ab6,,no direct ATT field mapped
94502,Call of Water,-82,detail.questie.fields.sourceItemId,0,7811,sourceItemId,QuestieDB,9d39232dab48e35811a7cc02473c2f4e42b62ab6,,no direct ATT field mapped
94502,Call of Water,-82,index.questieCommit,"""cac1eff815923f896d082764d023cf812454a023""","""9d39232dab48e35811a7cc02473c2f4e42b62ab6""",commit,QuestieDB,9d39232dab48e35811a7cc02473c2f4e42b62ab6,,conflicts with existing value; no direct ATT field mapped
94503,Call of Water,-82,detail.questie.commit,"""cac1eff815923f896d082764d023cf812454a023""","""9d39232dab48e35811a7cc02473c2f4e42b62ab6""",commit,QuestieDB,9d39232dab48e35811a7cc02473c2f4e42b62ab6,,no direct ATT field mapped
94503,Call of Water,-82,detail.questie.fields.startedBy,[],"{""2"":[619896]}",startedBy,QuestieDB,9d39232dab48e35811a7cc02473c2f4e42b62ab6,qg/provider; coord,
94503,Call of Water,-82,detail.questie.starters,null,"[{""id"":619896,""name"":""Forgotten Shrine"",""spawns"":{""40"":[[45.45,59.89]]},""type"":""object""}]",starters,QuestieDB,9d39232dab48e35811a7cc02473c2f4e42b62ab6,qg/provider; coord,
94503,Call of Water,-82,index.questieCommit,"""cac1eff815923f896d082764d023cf812454a023""","""9d39232dab48e35811a7cc02473c2f4e42b62ab6""",commit,QuestieDB,9d39232dab48e35811a7cc02473c2f4e42b62ab6,,conflicts with existing value; no direct ATT field mapped
94505,Call of Water,-82,detail.questie.commit,"""cac1eff815923f896d082764d023cf812454a023""","""9d39232dab48e35811a7cc02473c2f4e42b62ab6""",commit,QuestieDB,9d39232dab48e35811a7cc02473c2f4e42b62ab6,,no direct ATT field mapped
94505,Call of Water,-82,detail.questie.fields.sourceItemId,0,7813,sourceItemId,QuestieDB,9d39232dab48e35811a7cc02473c2f4e42b62ab6,,no direct ATT field mapped
94505,Call of Water,-82,index.questieCommit,"""cac1eff815923f896d082764d023cf812454a023""","""9d39232dab48e35811a7cc02473c2f4e42b62ab6""",commit,QuestieDB,9d39232dab48e35811a7cc02473c2f4e42b62ab6,,conflicts with existing value; no direct ATT field mapped
94568,The Cult's True Plans,16593,detail.questie.commit,"""cac1eff815923f896d082764d023cf812454a023""","""9d39232dab48e35811a7cc02473c2f4e42b62ab6""",commit,QuestieDB,9d39232dab48e35811a7cc02473c2f4e42b62ab6,,no direct ATT field mapped
94568,The Cult's True Plans,16593,index.questieCommit,"""cac1eff815923f896d082764d023cf812454a023""","""9d39232dab48e35811a7cc02473c2f4e42b62ab6""",commit,QuestieDB,9d39232dab48e35811a7cc02473c2f4e42b62ab6,,conflicts with existing value; no direct ATT field mapped
94616,Water Sapta,-82,detail.questie.commit,"""cac1eff815923f896d082764d023cf812454a023""","""9d39232dab48e35811a7cc02473c2f4e42b62ab6""",commit,QuestieDB,9d39232dab48e35811a7cc02473c2f4e42b62ab6,,no direct ATT field mapped
94616,Water Sapta,-82,index.questieCommit,"""cac1eff815923f896d082764d023cf812454a023""","""9d39232dab48e35811a7cc02473c2f4e42b62ab6""",commit,QuestieDB,9d39232dab48e35811a7cc02473c2f4e42b62ab6,,conflicts with existing value; no direct ATT field mapped
94638,Strength and Mercy,-263,detail.questie.commit,"""cac1eff815923f896d082764d023cf812454a023""","""9d39232dab48e35811a7cc02473c2f4e42b62ab6""",commit,QuestieDB,9d39232dab48e35811a7cc02473c2f4e42b62ab6,,no direct ATT field mapped
94638,Strength and Mercy,-263,detail.questie.fields.objectives,[],"[[{""1"":258443,""3"":0}]]",objectives,QuestieDB,9d39232dab48e35811a7cc02473c2f4e42b62ab6,,no direct ATT field mapped
94638,Strength and Mercy,-263,index.questieCommit,"""cac1eff815923f896d082764d023cf812454a023""","""9d39232dab48e35811a7cc02473c2f4e42b62ab6""",commit,QuestieDB,9d39232dab48e35811a7cc02473c2f4e42b62ab6,,conflicts with existing value; no direct ATT field mapped
94773,Divine Grace,-262,detail.questie.commit,"""cac1eff815923f896d082764d023cf812454a023""","""9d39232dab48e35811a7cc02473c2f4e42b62ab6""",commit,QuestieDB,9d39232dab48e35811a7cc02473c2f4e42b62ab6,,no direct ATT field mapped
94773,Divine Grace,-262,index.questieCommit,"""cac1eff815923f896d082764d023cf812454a023""","""9d39232dab48e35811a7cc02473c2f4e42b62ab6""",commit,QuestieDB,9d39232dab48e35811a7cc02473c2f4e42b62ab6,,conflicts with existing value; no direct ATT field mapped
94774,Divine Grace,-262,detail.questie.commit,"""cac1eff815923f896d082764d023cf812454a023""","""9d39232dab48e35811a7cc02473c2f4e42b62ab6""",commit,QuestieDB,9d39232dab48e35811a7cc02473c2f4e42b62ab6,,no direct ATT field mapped
94774,Divine Grace,-262,index.questieCommit,"""cac1eff815923f896d082764d023cf812454a023""","""9d39232dab48e35811a7cc02473c2f4e42b62ab6""",commit,QuestieDB,9d39232dab48e35811a7cc02473c2f4e42b62ab6,,conflicts with existing value; no direct ATT field mapped
94775,Divine Grace,-262,detail.questie.commit,"""cac1eff815923f896d082764d023cf812454a023""","""9d39232dab48e35811a7cc02473c2f4e42b62ab6""",commit,QuestieDB,9d39232dab48e35811a7cc02473c2f4e42b62ab6,,no direct ATT field mapped
94775,Divine Grace,-262,index.questieCommit,"""cac1eff815923f896d082764d023cf812454a023""","""9d39232dab48e35811a7cc02473c2f4e42b62ab6""",commit,QuestieDB,9d39232dab48e35811a7cc02473c2f4e42b62ab6,,conflicts with existing value; no direct ATT field mapped
94776,Divine Grace,-262,detail.questie.commit,"""cac1eff815923f896d082764d023cf812454a023""","""9d39232dab48e35811a7cc02473c2f4e42b62ab6""",commit,QuestieDB,9d39232dab48e35811a7cc02473c2f4e42b62ab6,,no direct ATT field mapped
94776,Divine Grace,-262,index.questieCommit,"""cac1eff815923f896d082764d023cf812454a023""","""9d39232dab48e35811a7cc02473c2f4e42b62ab6""",commit,QuestieDB,9d39232dab48e35811a7cc02473c2f4e42b62ab6,,conflicts with existing value; no direct ATT field mapped
94777,Divine Grace,-262,detail.questie.commit,"""cac1eff815923f896d082764d023cf812454a023""","""9d39232dab48e35811a7cc02473c2f4e42b62ab6""",commit,QuestieDB,9d39232dab48e35811a7cc02473c2f4e42b62ab6,,no direct ATT field mapped
94777,Divine Grace,-262,index.questieCommit,"""cac1eff815923f896d082764d023cf812454a023""","""9d39232dab48e35811a7cc02473c2f4e42b62ab6""",commit,QuestieDB,9d39232dab48e35811a7cc02473c2f4e42b62ab6,,conflicts with existing value; no direct ATT field mapped
94778,Divine Grace,-262,detail.questie.commit,"""cac1eff815923f896d082764d023cf812454a023""","""9d39232dab48e35811a7cc02473c2f4e42b62ab6""",commit,QuestieDB,9d39232dab48e35811a7cc02473c2f4e42b62ab6,,no direct ATT field mapped
94778,Divine Grace,-262,index.questieCommit,"""cac1eff815923f896d082764d023cf812454a023""","""9d39232dab48e35811a7cc02473c2f4e42b62ab6""",commit,QuestieDB,9d39232dab48e35811a7cc02473c2f4e42b62ab6,,conflicts with existing value; no direct ATT field mapped
94779,Divine Grace,-262,detail.questie.commit,"""cac1eff815923f896d082764d023cf812454a023""","""9d39232dab48e35811a7cc02473c2f4e42b62ab6""",commit,QuestieDB,9d39232dab48e35811a7cc02473c2f4e42b62ab6,,no direct ATT field mapped
94779,Divine Grace,-262,index.questieCommit,"""cac1eff815923f896d082764d023cf812454a023""","""9d39232dab48e35811a7cc02473c2f4e42b62ab6""",commit,QuestieDB,9d39232dab48e35811a7cc02473c2f4e42b62ab6,,conflicts with existing value; no direct ATT field mapped
94792,Taming the Beast,-261,detail.questie.commit,"""cac1eff815923f896d082764d023cf812454a023""","""9d39232dab48e35811a7cc02473c2f4e42b62ab6""",commit,QuestieDB,9d39232dab48e35811a7cc02473c2f4e42b62ab6,,no direct ATT field mapped
94792,Taming the Beast,-261,detail.questie.fields.sourceItemId,0,266158,sourceItemId,QuestieDB,9d39232dab48e35811a7cc02473c2f4e42b62ab6,,no direct ATT field mapped
94792,Taming the Beast,-261,index.questieCommit,"""cac1eff815923f896d082764d023cf812454a023""","""9d39232dab48e35811a7cc02473c2f4e42b62ab6""",commit,QuestieDB,9d39232dab48e35811a7cc02473c2f4e42b62ab6,,conflicts with existing value; no direct ATT field mapped
94793,Training the Beast,-261,detail.questie.commit,"""cac1eff815923f896d082764d023cf812454a023""","""9d39232dab48e35811a7cc02473c2f4e42b62ab6""",commit,QuestieDB,9d39232dab48e35811a7cc02473c2f4e42b62ab6,,no direct ATT field mapped
94793,Training the Beast,-261,index.questieCommit,"""cac1eff815923f896d082764d023cf812454a023""","""9d39232dab48e35811a7cc02473c2f4e42b62ab6""",commit,QuestieDB,9d39232dab48e35811a7cc02473c2f4e42b62ab6,,conflicts with existing value; no direct ATT field mapped
94817,Confounding Flash,-262,detail.questie.commit,"""cac1eff815923f896d082764d023cf812454a023""","""9d39232dab48e35811a7cc02473c2f4e42b62ab6""",commit,QuestieDB,9d39232dab48e35811a7cc02473c2f4e42b62ab6,,no direct ATT field mapped
94817,Confounding Flash,-262,index.questieCommit,"""cac1eff815923f896d082764d023cf812454a023""","""9d39232dab48e35811a7cc02473c2f4e42b62ab6""",commit,QuestieDB,9d39232dab48e35811a7cc02473c2f4e42b62ab6,,conflicts with existing value; no direct ATT field mapped
94818,Contingency Plan,-262,detail.questie.commit,"""cac1eff815923f896d082764d023cf812454a023""","""9d39232dab48e35811a7cc02473c2f4e42b62ab6""",commit,QuestieDB,9d39232dab48e35811a7cc02473c2f4e42b62ab6,,no direct ATT field mapped
94818,Contingency Plan,-262,index.questieCommit,"""cac1eff815923f896d082764d023cf812454a023""","""9d39232dab48e35811a7cc02473c2f4e42b62ab6""",commit,QuestieDB,9d39232dab48e35811a7cc02473c2f4e42b62ab6,,conflicts with existing value; no direct ATT field mapped
94819,Contingency Plan,-262,detail.questie.commit,"""cac1eff815923f896d082764d023cf812454a023""","""9d39232dab48e35811a7cc02473c2f4e42b62ab6""",commit,QuestieDB,9d39232dab48e35811a7cc02473c2f4e42b62ab6,,no direct ATT field mapped
94819,Contingency Plan,-262,index.questieCommit,"""cac1eff815923f896d082764d023cf812454a023""","""9d39232dab48e35811a7cc02473c2f4e42b62ab6""",commit,QuestieDB,9d39232dab48e35811a7cc02473c2f4e42b62ab6,,conflicts with existing value; no direct ATT field mapped
94820,Contingency Plan,-262,detail.questie.commit,"""cac1eff815923f896d082764d023cf812454a023""","""9d39232dab48e35811a7cc02473c2f4e42b62ab6""",commit,QuestieDB,9d39232dab48e35811a7cc02473c2f4e42b62ab6,,no direct ATT field mapped
94820,Contingency Plan,-262,index.questieCommit,"""cac1eff815923f896d082764d023cf812454a023""","""9d39232dab48e35811a7cc02473c2f4e42b62ab6""",commit,QuestieDB,9d39232dab48e35811a7cc02473c2f4e42b62ab6,,conflicts with existing value; no direct ATT field mapped
94821,Confounding Flash,-262,detail.questie.commit,"""cac1eff815923f896d082764d023cf812454a023""","""9d39232dab48e35811a7cc02473c2f4e42b62ab6""",commit,QuestieDB,9d39232dab48e35811a7cc02473c2f4e42b62ab6,,no direct ATT field mapped
94821,Confounding Flash,-262,index.questieCommit,"""cac1eff815923f896d082764d023cf812454a023""","""9d39232dab48e35811a7cc02473c2f4e42b62ab6""",commit,QuestieDB,9d39232dab48e35811a7cc02473c2f4e42b62ab6,,conflicts with existing value; no direct ATT field mapped
94822,Confounding Flash,-262,detail.questie.commit,"""cac1eff815923f896d082764d023cf812454a023""","""9d39232dab48e35811a7cc02473c2f4e42b62ab6""",commit,QuestieDB,9d39232dab48e35811a7cc02473c2f4e42b62ab6,,no direct ATT field mapped
94822,Confounding Flash,-262,index.questieCommit,"""cac1eff815923f896d082764d023cf812454a023""","""9d39232dab48e35811a7cc02473c2f4e42b62ab6""",commit,QuestieDB,9d39232dab48e35811a7cc02473c2f4e42b62ab6,,conflicts with existing value; no direct ATT field mapped
94823,Confounding Flash,-262,detail.questie.commit,"""cac1eff815923f896d082764d023cf812454a023""","""9d39232dab48e35811a7cc02473c2f4e42b62ab6""",commit,QuestieDB,9d39232dab48e35811a7cc02473c2f4e42b62ab6,,no direct ATT field mapped
94823,Confounding Flash,-262,index.questieCommit,"""cac1eff815923f896d082764d023cf812454a023""","""9d39232dab48e35811a7cc02473c2f4e42b62ab6""",commit,QuestieDB,9d39232dab48e35811a7cc02473c2f4e42b62ab6,,conflicts with existing value; no direct ATT field mapped
94824,Confounding Flash,-262,detail.questie.commit,"""cac1eff815923f896d082764d023cf812454a023""","""9d39232dab48e35811a7cc02473c2f4e42b62ab6""",commit,QuestieDB,9d39232dab48e35811a7cc02473c2f4e42b62ab6,,no direct ATT field mapped
94824,Confounding Flash,-262,index.questieCommit,"""cac1eff815923f896d082764d023cf812454a023""","""9d39232dab48e35811a7cc02473c2f4e42b62ab6""",commit,QuestieDB,9d39232dab48e35811a7cc02473c2f4e42b62ab6,,conflicts with existing value; no direct ATT field mapped
94825,Confounding Flash,-262,detail.questie.commit,"""cac1eff815923f896d082764d023cf812454a023""","""9d39232dab48e35811a7cc02473c2f4e42b62ab6""",commit,QuestieDB,9d39232dab48e35811a7cc02473c2f4e42b62ab6,,no direct ATT field mapped
94825,Confounding Flash,-262,index.questieCommit,"""cac1eff815923f896d082764d023cf812454a023""","""9d39232dab48e35811a7cc02473c2f4e42b62ab6""",commit,QuestieDB,9d39232dab48e35811a7cc02473c2f4e42b62ab6,,conflicts with existing value; no direct ATT field mapped
94826,Confounding Flash,-262,detail.questie.commit,"""cac1eff815923f896d082764d023cf812454a023""","""9d39232dab48e35811a7cc02473c2f4e42b62ab6""",commit,QuestieDB,9d39232dab48e35811a7cc02473c2f4e42b62ab6,,no direct ATT field mapped
94826,Confounding Flash,-262,index.questieCommit,"""cac1eff815923f896d082764d023cf812454a023""","""9d39232dab48e35811a7cc02473c2f4e42b62ab6""",commit,QuestieDB,9d39232dab48e35811a7cc02473c2f4e42b62ab6,,conflicts with existing value; no direct ATT field mapped
94863,Taming the Beast,-261,detail.questie.commit,"""cac1eff815923f896d082764d023cf812454a023""","""9d39232dab48e35811a7cc02473c2f4e42b62ab6""",commit,QuestieDB,9d39232dab48e35811a7cc02473c2f4e42b62ab6,,no direct ATT field mapped
94863,Taming the Beast,-261,detail.questie.fields.sourceItemId,0,266253,sourceItemId,QuestieDB,9d39232dab48e35811a7cc02473c2f4e42b62ab6,,no direct ATT field mapped
94863,Taming the Beast,-261,index.questieCommit,"""cac1eff815923f896d082764d023cf812454a023""","""9d39232dab48e35811a7cc02473c2f4e42b62ab6""",commit,QuestieDB,9d39232dab48e35811a7cc02473c2f4e42b62ab6,,conflicts with existing value; no direct ATT field mapped
94864,Taming the Beast,-261,detail.questie.commit,"""cac1eff815923f896d082764d023cf812454a023""","""9d39232dab48e35811a7cc02473c2f4e42b62ab6""",commit,QuestieDB,9d39232dab48e35811a7cc02473c2f4e42b62ab6,,no direct ATT field mapped
94864,Taming the Beast,-261,detail.questie.fields.sourceItemId,0,266254,sourceItemId,QuestieDB,9d39232dab48e35811a7cc02473c2f4e42b62ab6,,no direct ATT field mapped
94864,Taming the Beast,-261,index.questieCommit,"""cac1eff815923f896d082764d023cf812454a023""","""9d39232dab48e35811a7cc02473c2f4e42b62ab6""",commit,QuestieDB,9d39232dab48e35811a7cc02473c2f4e42b62ab6,,conflicts with existing value; no direct ATT field mapped
94896,Aid For The Refugees,16593,detail.questie.commit,"""cac1eff815923f896d082764d023cf812454a023""","""9d39232dab48e35811a7cc02473c2f4e42b62ab6""",commit,QuestieDB,9d39232dab48e35811a7cc02473c2f4e42b62ab6,,no direct ATT field mapped
94896,Aid For The Refugees,16593,detail.questie.fields.objectives,[],"{""3"":[{""1"":266433,""3"":0}]}",objectives,QuestieDB,9d39232dab48e35811a7cc02473c2f4e42b62ab6,,no direct ATT field mapped
94896,Aid For The Refugees,16593,index.questieCommit,"""cac1eff815923f896d082764d023cf812454a023""","""9d39232dab48e35811a7cc02473c2f4e42b62ab6""",commit,QuestieDB,9d39232dab48e35811a7cc02473c2f4e42b62ab6,,conflicts with existing value; no direct ATT field mapped
94897,The Fate of a Loved One,16593,detail.questie.commit,"""cac1eff815923f896d082764d023cf812454a023""","""9d39232dab48e35811a7cc02473c2f4e42b62ab6""",commit,QuestieDB,9d39232dab48e35811a7cc02473c2f4e42b62ab6,,no direct ATT field mapped
94897,The Fate of a Loved One,16593,index.questieCommit,"""cac1eff815923f896d082764d023cf812454a023""","""9d39232dab48e35811a7cc02473c2f4e42b62ab6""",commit,QuestieDB,9d39232dab48e35811a7cc02473c2f4e42b62ab6,,conflicts with existing value; no direct ATT field mapped
94911,Child of Nature,-263,detail.classes,[],[11],requiredClasses,QuestieDB,9d39232dab48e35811a7cc02473c2f4e42b62ab6,classes,conflicts with existing value
94911,Child of Nature,-263,detail.questie.commit,"""cac1eff815923f896d082764d023cf812454a023""","""9d39232dab48e35811a7cc02473c2f4e42b62ab6""",commit,QuestieDB,9d39232dab48e35811a7cc02473c2f4e42b62ab6,,no direct ATT field mapped
94911,Child of Nature,-263,detail.questie.fields.requiredClasses,0,1024,requiredClasses,QuestieDB,9d39232dab48e35811a7cc02473c2f4e42b62ab6,classes,
94911,Child of Nature,-263,index.classes,[],[11],requiredClasses,QuestieDB,9d39232dab48e35811a7cc02473c2f4e42b62ab6,classes,conflicts with existing value
94911,Child of Nature,-263,index.questieCommit,"""cac1eff815923f896d082764d023cf812454a023""","""9d39232dab48e35811a7cc02473c2f4e42b62ab6""",commit,QuestieDB,9d39232dab48e35811a7cc02473c2f4e42b62ab6,,conflicts with existing value; no direct ATT field mapped
94912,Child of Nature,-263,detail.classes,[],[11],requiredClasses,QuestieDB,9d39232dab48e35811a7cc02473c2f4e42b62ab6,classes,conflicts with existing value
94912,Child of Nature,-263,detail.questie.commit,"""cac1eff815923f896d082764d023cf812454a023""","""9d39232dab48e35811a7cc02473c2f4e42b62ab6""",commit,QuestieDB,9d39232dab48e35811a7cc02473c2f4e42b62ab6,,no direct ATT field mapped
94912,Child of Nature,-263,detail.questie.fields.requiredClasses,0,1024,requiredClasses,QuestieDB,9d39232dab48e35811a7cc02473c2f4e42b62ab6,classes,
94912,Child of Nature,-263,index.classes,[],[11],requiredClasses,QuestieDB,9d39232dab48e35811a7cc02473c2f4e42b62ab6,classes,conflicts with existing value
94912,Child of Nature,-263,index.questieCommit,"""cac1eff815923f896d082764d023cf812454a023""","""9d39232dab48e35811a7cc02473c2f4e42b62ab6""",commit,QuestieDB,9d39232dab48e35811a7cc02473c2f4e42b62ab6,,conflicts with existing value; no direct ATT field mapped
94913,Moonglade,-263,detail.questie.commit,"""cac1eff815923f896d082764d023cf812454a023""","""9d39232dab48e35811a7cc02473c2f4e42b62ab6""",commit,QuestieDB,9d39232dab48e35811a7cc02473c2f4e42b62ab6,,no direct ATT field mapped
94913,Moonglade,-263,index.questieCommit,"""cac1eff815923f896d082764d023cf812454a023""","""9d39232dab48e35811a7cc02473c2f4e42b62ab6""",commit,QuestieDB,9d39232dab48e35811a7cc02473c2f4e42b62ab6,,conflicts with existing value; no direct ATT field mapped
94914,Moonglade,-263,detail.questie.commit,"""cac1eff815923f896d082764d023cf812454a023""","""9d39232dab48e35811a7cc02473c2f4e42b62ab6""",commit,QuestieDB,9d39232dab48e35811a7cc02473c2f4e42b62ab6,,no direct ATT field mapped
94914,Moonglade,-263,index.questieCommit,"""cac1eff815923f896d082764d023cf812454a023""","""9d39232dab48e35811a7cc02473c2f4e42b62ab6""",commit,QuestieDB,9d39232dab48e35811a7cc02473c2f4e42b62ab6,,conflicts with existing value; no direct ATT field mapped
94946,The Magical City of Dalaran,16593,detail.questie.commit,"""cac1eff815923f896d082764d023cf812454a023""","""9d39232dab48e35811a7cc02473c2f4e42b62ab6""",commit,QuestieDB,9d39232dab48e35811a7cc02473c2f4e42b62ab6,,no direct ATT field mapped
94946,The Magical City of Dalaran,16593,detail.questie.fields.nextQuestInChain,0,94947,nextQuestInChain,QuestieDB,9d39232dab48e35811a7cc02473c2f4e42b62ab6,sourceQuest on successor,
94946,The Magical City of Dalaran,16593,detail.requirements.nextQuestInChain,null,94947,nextQuestInChain,QuestieDB,9d39232dab48e35811a7cc02473c2f4e42b62ab6,sourceQuest on successor,
94946,The Magical City of Dalaran,16593,index.questieCommit,"""cac1eff815923f896d082764d023cf812454a023""","""9d39232dab48e35811a7cc02473c2f4e42b62ab6""",commit,QuestieDB,9d39232dab48e35811a7cc02473c2f4e42b62ab6,,conflicts with existing value; no direct ATT field mapped
94947,Welcome to Azeroth,1519,detail.prerequisiteQuestIds,[],[94946],preQuestSingle,QuestieDB,9d39232dab48e35811a7cc02473c2f4e42b62ab6,sourceQuest or sourceQuests + sourceQuestNumRequired=1,conflicts with existing value
94947,Welcome to Azeroth,1519,detail.questie.commit,"""cac1eff815923f896d082764d023cf812454a023""","""9d39232dab48e35811a7cc02473c2f4e42b62ab6""",commit,QuestieDB,9d39232dab48e35811a7cc02473c2f4e42b62ab6,,no direct ATT field mapped
94947,Welcome to Azeroth,1519,detail.questie.fields.nextQuestInChain,0,93963,nextQuestInChain,QuestieDB,9d39232dab48e35811a7cc02473c2f4e42b62ab6,sourceQuest on successor,
94947,Welcome to Azeroth,1519,detail.questie.fields.preQuestSingle,null,[94946],preQuestSingle,QuestieDB,9d39232dab48e35811a7cc02473c2f4e42b62ab6,sourceQuest or sourceQuests + sourceQuestNumRequired=1,
94947,Welcome to Azeroth,1519,detail.questie.provenance.preQuestSingle,null,"""QuestieDB""",preQuestSingle,QuestieDB,9d39232dab48e35811a7cc02473c2f4e42b62ab6,sourceQuest or sourceQuests + sourceQuestNumRequired=1,
94947,Welcome to Azeroth,1519,detail.requirements.anyOf,null,[94946],anyOf,QuestieDB,9d39232dab48e35811a7cc02473c2f4e42b62ab6,,no direct ATT field mapped
94947,Welcome to Azeroth,1519,detail.requirements.nextQuestInChain,null,93963,nextQuestInChain,QuestieDB,9d39232dab48e35811a7cc02473c2f4e42b62ab6,sourceQuest on successor,
94947,Welcome to Azeroth,1519,detail.requirements.preQuestSingle,null,[94946],preQuestSingle,QuestieDB,9d39232dab48e35811a7cc02473c2f4e42b62ab6,sourceQuest or sourceQuests + sourceQuestNumRequired=1,
94947,Welcome to Azeroth,1519,index.questieCommit,"""cac1eff815923f896d082764d023cf812454a023""","""9d39232dab48e35811a7cc02473c2f4e42b62ab6""",commit,QuestieDB,9d39232dab48e35811a7cc02473c2f4e42b62ab6,,conflicts with existing value; no direct ATT field mapped
94978,Taming the Beast,-261,detail.questie.commit,"""cac1eff815923f896d082764d023cf812454a023""","""9d39232dab48e35811a7cc02473c2f4e42b62ab6""",commit,QuestieDB,9d39232dab48e35811a7cc02473c2f4e42b62ab6,,no direct ATT field mapped
94978,Taming the Beast,-261,detail.questie.fields.sourceItemId,0,267272,sourceItemId,QuestieDB,9d39232dab48e35811a7cc02473c2f4e42b62ab6,,no direct ATT field mapped
94978,Taming the Beast,-261,index.questieCommit,"""cac1eff815923f896d082764d023cf812454a023""","""9d39232dab48e35811a7cc02473c2f4e42b62ab6""",commit,QuestieDB,9d39232dab48e35811a7cc02473c2f4e42b62ab6,,conflicts with existing value; no direct ATT field mapped
94979,Taming the Beast,-261,detail.questie.commit,"""cac1eff815923f896d082764d023cf812454a023""","""9d39232dab48e35811a7cc02473c2f4e42b62ab6""",commit,QuestieDB,9d39232dab48e35811a7cc02473c2f4e42b62ab6,,no direct ATT field mapped
94979,Taming the Beast,-261,detail.questie.fields.sourceItemId,0,267298,sourceItemId,QuestieDB,9d39232dab48e35811a7cc02473c2f4e42b62ab6,,no direct ATT field mapped
94979,Taming the Beast,-261,index.questieCommit,"""cac1eff815923f896d082764d023cf812454a023""","""9d39232dab48e35811a7cc02473c2f4e42b62ab6""",commit,QuestieDB,9d39232dab48e35811a7cc02473c2f4e42b62ab6,,conflicts with existing value; no direct ATT field mapped
95034,The Debt,-141,detail.questie.commit,"""cac1eff815923f896d082764d023cf812454a023""","""9d39232dab48e35811a7cc02473c2f4e42b62ab6""",commit,QuestieDB,9d39232dab48e35811a7cc02473c2f4e42b62ab6,,no direct ATT field mapped
95034,The Debt,-141,index.questieCommit,"""cac1eff815923f896d082764d023cf812454a023""","""9d39232dab48e35811a7cc02473c2f4e42b62ab6""",commit,QuestieDB,9d39232dab48e35811a7cc02473c2f4e42b62ab6,,conflicts with existing value; no direct ATT field mapped
95036,A Moon-Kissed Blade,-141,detail.questie.commit,"""cac1eff815923f896d082764d023cf812454a023""","""9d39232dab48e35811a7cc02473c2f4e42b62ab6""",commit,QuestieDB,9d39232dab48e35811a7cc02473c2f4e42b62ab6,,no direct ATT field mapped
95036,A Moon-Kissed Blade,-141,detail.questie.fields.objectives,[],"{""3"":[{""1"":267454,""3"":0},{""1"":6994,""3"":0},{""1"":267361,""3"":0},{""1"":272448,""3"":0}]}",objectives,QuestieDB,9d39232dab48e35811a7cc02473c2f4e42b62ab6,,no direct ATT field mapped
95036,A Moon-Kissed Blade,-141,index.questieCommit,"""cac1eff815923f896d082764d023cf812454a023""","""9d39232dab48e35811a7cc02473c2f4e42b62ab6""",commit,QuestieDB,9d39232dab48e35811a7cc02473c2f4e42b62ab6,,conflicts with existing value; no direct ATT field mapped
95041,Data Hoarders,1,detail.questie.commit,"""cac1eff815923f896d082764d023cf812454a023""","""9d39232dab48e35811a7cc02473c2f4e42b62ab6""",commit,QuestieDB,9d39232dab48e35811a7cc02473c2f4e42b62ab6,,no direct ATT field mapped
95041,Data Hoarders,1,detail.questie.fields.objectives,[],"{""3"":[{""1"":267413,""3"":0}]}",objectives,QuestieDB,9d39232dab48e35811a7cc02473c2f4e42b62ab6,,no direct ATT field mapped
95041,Data Hoarders,1,index.questieCommit,"""cac1eff815923f896d082764d023cf812454a023""","""9d39232dab48e35811a7cc02473c2f4e42b62ab6""",commit,QuestieDB,9d39232dab48e35811a7cc02473c2f4e42b62ab6,,conflicts with existing value; no direct ATT field mapped
95042,Seeking the Kor Gem,-141,detail.questie.commit,"""cac1eff815923f896d082764d023cf812454a023""","""9d39232dab48e35811a7cc02473c2f4e42b62ab6""",commit,QuestieDB,9d39232dab48e35811a7cc02473c2f4e42b62ab6,,no direct ATT field mapped
95042,Seeking the Kor Gem,-141,detail.questie.fields.objectives,[],"{""3"":[{""1"":6995,""3"":0}]}",objectives,QuestieDB,9d39232dab48e35811a7cc02473c2f4e42b62ab6,,no direct ATT field mapped
95042,Seeking the Kor Gem,-141,index.questieCommit,"""cac1eff815923f896d082764d023cf812454a023""","""9d39232dab48e35811a7cc02473c2f4e42b62ab6""",commit,QuestieDB,9d39232dab48e35811a7cc02473c2f4e42b62ab6,,conflicts with existing value; no direct ATT field mapped
95065,Fishin' Time,1519,detail.questie.commit,"""cac1eff815923f896d082764d023cf812454a023""","""9d39232dab48e35811a7cc02473c2f4e42b62ab6""",commit,QuestieDB,9d39232dab48e35811a7cc02473c2f4e42b62ab6,,no direct ATT field mapped
95065,Fishin' Time,1519,detail.questie.fields.objectives,[],"{""3"":[{""1"":6529,""3"":0},{""1"":6530,""3"":0}]}",objectives,QuestieDB,9d39232dab48e35811a7cc02473c2f4e42b62ab6,,no direct ATT field mapped
95065,Fishin' Time,1519,index.questieCommit,"""cac1eff815923f896d082764d023cf812454a023""","""9d39232dab48e35811a7cc02473c2f4e42b62ab6""",commit,QuestieDB,9d39232dab48e35811a7cc02473c2f4e42b62ab6,,conflicts with existing value; no direct ATT field mapped
95111,An Underrated Talent,-141,detail.questie.commit,"""cac1eff815923f896d082764d023cf812454a023""","""9d39232dab48e35811a7cc02473c2f4e42b62ab6""",commit,QuestieDB,9d39232dab48e35811a7cc02473c2f4e42b62ab6,,no direct ATT field mapped
95111,An Underrated Talent,-141,detail.questie.fields.sourceItemId,0,268192,sourceItemId,QuestieDB,9d39232dab48e35811a7cc02473c2f4e42b62ab6,,no direct ATT field mapped
95111,An Underrated Talent,-141,index.questieCommit,"""cac1eff815923f896d082764d023cf812454a023""","""9d39232dab48e35811a7cc02473c2f4e42b62ab6""",commit,QuestieDB,9d39232dab48e35811a7cc02473c2f4e42b62ab6,,conflicts with existing value; no direct ATT field mapped
95125,Ott's Masterwork,-141,detail.questie.commit,"""cac1eff815923f896d082764d023cf812454a023""","""9d39232dab48e35811a7cc02473c2f4e42b62ab6""",commit,QuestieDB,9d39232dab48e35811a7cc02473c2f4e42b62ab6,,no direct ATT field mapped
95125,Ott's Masterwork,-141,index.questieCommit,"""cac1eff815923f896d082764d023cf812454a023""","""9d39232dab48e35811a7cc02473c2f4e42b62ab6""",commit,QuestieDB,9d39232dab48e35811a7cc02473c2f4e42b62ab6,,conflicts with existing value; no direct ATT field mapped
95126,The Moonsilver Blade,-141,detail.questie.commit,"""cac1eff815923f896d082764d023cf812454a023""","""9d39232dab48e35811a7cc02473c2f4e42b62ab6""",commit,QuestieDB,9d39232dab48e35811a7cc02473c2f4e42b62ab6,,no direct ATT field mapped
95126,The Moonsilver Blade,-141,detail.questie.fields.sourceItemId,0,268359,sourceItemId,QuestieDB,9d39232dab48e35811a7cc02473c2f4e42b62ab6,,no direct ATT field mapped
95126,The Moonsilver Blade,-141,index.questieCommit,"""cac1eff815923f896d082764d023cf812454a023""","""9d39232dab48e35811a7cc02473c2f4e42b62ab6""",commit,QuestieDB,9d39232dab48e35811a7cc02473c2f4e42b62ab6,,conflicts with existing value; no direct ATT field mapped
95140,Old Fire-Eye,-141,detail.questie.commit,"""cac1eff815923f896d082764d023cf812454a023""","""9d39232dab48e35811a7cc02473c2f4e42b62ab6""",commit,QuestieDB,9d39232dab48e35811a7cc02473c2f4e42b62ab6,,no direct ATT field mapped
95140,Old Fire-Eye,-141,index.questieCommit,"""cac1eff815923f896d082764d023cf812454a023""","""9d39232dab48e35811a7cc02473c2f4e42b62ab6""",commit,QuestieDB,9d39232dab48e35811a7cc02473c2f4e42b62ab6,,conflicts with existing value; no direct ATT field mapped
95161,Remember That I Love You,16591,detail.questie.commit,"""cac1eff815923f896d082764d023cf812454a023""","""9d39232dab48e35811a7cc02473c2f4e42b62ab6""",commit,QuestieDB,9d39232dab48e35811a7cc02473c2f4e42b62ab6,,no direct ATT field mapped
95161,Remember That I Love You,16591,detail.questie.fields.sourceItemId,0,251522,sourceItemId,QuestieDB,9d39232dab48e35811a7cc02473c2f4e42b62ab6,,no direct ATT field mapped
95161,Remember That I Love You,16591,index.questieCommit,"""cac1eff815923f896d082764d023cf812454a023""","""9d39232dab48e35811a7cc02473c2f4e42b62ab6""",commit,QuestieDB,9d39232dab48e35811a7cc02473c2f4e42b62ab6,,conflicts with existing value; no direct ATT field mapped
95189,Crest of Lordaeron,16611,detail.questie.commit,"""cac1eff815923f896d082764d023cf812454a023""","""9d39232dab48e35811a7cc02473c2f4e42b62ab6""",commit,QuestieDB,9d39232dab48e35811a7cc02473c2f4e42b62ab6,,no direct ATT field mapped
95189,Crest of Lordaeron,16611,detail.questie.fields.sourceItemId,0,268579,sourceItemId,QuestieDB,9d39232dab48e35811a7cc02473c2f4e42b62ab6,,no direct ATT field mapped
95189,Crest of Lordaeron,16611,index.questieCommit,"""cac1eff815923f896d082764d023cf812454a023""","""9d39232dab48e35811a7cc02473c2f4e42b62ab6""",commit,QuestieDB,9d39232dab48e35811a7cc02473c2f4e42b62ab6,,conflicts with existing value; no direct ATT field mapped
95195,Bloodied Insignia,16611,detail.questie.commit,"""cac1eff815923f896d082764d023cf812454a023""","""9d39232dab48e35811a7cc02473c2f4e42b62ab6""",commit,QuestieDB,9d39232dab48e35811a7cc02473c2f4e42b62ab6,,no direct ATT field mapped
95195,Bloodied Insignia,16611,detail.questie.fields.objectives,[],"{""3"":[{""1"":268535,""3"":0}]}",objectives,QuestieDB,9d39232dab48e35811a7cc02473c2f4e42b62ab6,,no direct ATT field mapped
95195,Bloodied Insignia,16611,detail.questie.fields.sourceItemId,0,268540,sourceItemId,QuestieDB,9d39232dab48e35811a7cc02473c2f4e42b62ab6,,no direct ATT field mapped
95195,Bloodied Insignia,16611,index.questieCommit,"""cac1eff815923f896d082764d023cf812454a023""","""9d39232dab48e35811a7cc02473c2f4e42b62ab6""",commit,QuestieDB,9d39232dab48e35811a7cc02473c2f4e42b62ab6,,conflicts with existing value; no direct ATT field mapped
95204,Crest of Lordaeron,16611,detail.questie.commit,"""cac1eff815923f896d082764d023cf812454a023""","""9d39232dab48e35811a7cc02473c2f4e42b62ab6""",commit,QuestieDB,9d39232dab48e35811a7cc02473c2f4e42b62ab6,,no direct ATT field mapped
95204,Crest of Lordaeron,16611,detail.questie.fields.sourceItemId,0,275521,sourceItemId,QuestieDB,9d39232dab48e35811a7cc02473c2f4e42b62ab6,,no direct ATT field mapped
95204,Crest of Lordaeron,16611,index.questieCommit,"""cac1eff815923f896d082764d023cf812454a023""","""9d39232dab48e35811a7cc02473c2f4e42b62ab6""",commit,QuestieDB,9d39232dab48e35811a7cc02473c2f4e42b62ab6,,conflicts with existing value; no direct ATT field mapped
95212,Never Saddle on Quality,1,detail.questie.commit,"""cac1eff815923f896d082764d023cf812454a023""","""9d39232dab48e35811a7cc02473c2f4e42b62ab6""",commit,QuestieDB,9d39232dab48e35811a7cc02473c2f4e42b62ab6,,no direct ATT field mapped
95212,Never Saddle on Quality,1,detail.questie.fields.objectives,[],"{""3"":[{""1"":267414,""3"":0}]}",objectives,QuestieDB,9d39232dab48e35811a7cc02473c2f4e42b62ab6,,no direct ATT field mapped
95212,Never Saddle on Quality,1,index.questieCommit,"""cac1eff815923f896d082764d023cf812454a023""","""9d39232dab48e35811a7cc02473c2f4e42b62ab6""",commit,QuestieDB,9d39232dab48e35811a7cc02473c2f4e42b62ab6,,conflicts with existing value; no direct ATT field mapped
95213,Stolen Blasting Powder,1,detail.questie.commit,"""cac1eff815923f896d082764d023cf812454a023""","""9d39232dab48e35811a7cc02473c2f4e42b62ab6""",commit,QuestieDB,9d39232dab48e35811a7cc02473c2f4e42b62ab6,,no direct ATT field mapped
95213,Stolen Blasting Powder,1,detail.questie.fields.objectives,[],"{""3"":[{""1"":268548,""3"":0}]}",objectives,QuestieDB,9d39232dab48e35811a7cc02473c2f4e42b62ab6,,no direct ATT field mapped
95213,Stolen Blasting Powder,1,index.questieCommit,"""cac1eff815923f896d082764d023cf812454a023""","""9d39232dab48e35811a7cc02473c2f4e42b62ab6""",commit,QuestieDB,9d39232dab48e35811a7cc02473c2f4e42b62ab6,,conflicts with existing value; no direct ATT field mapped
95214,Stolen Blasting Powder,1,detail.questie.commit,"""cac1eff815923f896d082764d023cf812454a023""","""9d39232dab48e35811a7cc02473c2f4e42b62ab6""",commit,QuestieDB,9d39232dab48e35811a7cc02473c2f4e42b62ab6,,no direct ATT field mapped
95214,Stolen Blasting Powder,1,detail.questie.fields.objectives,[],"{""3"":[{""1"":267415,""3"":0}]}",objectives,QuestieDB,9d39232dab48e35811a7cc02473c2f4e42b62ab6,,no direct ATT field mapped
95214,Stolen Blasting Powder,1,index.questieCommit,"""cac1eff815923f896d082764d023cf812454a023""","""9d39232dab48e35811a7cc02473c2f4e42b62ab6""",commit,QuestieDB,9d39232dab48e35811a7cc02473c2f4e42b62ab6,,conflicts with existing value; no direct ATT field mapped
95216,The New Plague,16611,detail.questie.commit,"""cac1eff815923f896d082764d023cf812454a023""","""9d39232dab48e35811a7cc02473c2f4e42b62ab6""",commit,QuestieDB,9d39232dab48e35811a7cc02473c2f4e42b62ab6,,no direct ATT field mapped
95216,The New Plague,16611,detail.questie.fields.objectives,[],"{""3"":[{""1"":275443,""3"":0}]}",objectives,QuestieDB,9d39232dab48e35811a7cc02473c2f4e42b62ab6,,no direct ATT field mapped
95216,The New Plague,16611,index.questieCommit,"""cac1eff815923f896d082764d023cf812454a023""","""9d39232dab48e35811a7cc02473c2f4e42b62ab6""",commit,QuestieDB,9d39232dab48e35811a7cc02473c2f4e42b62ab6,,conflicts with existing value; no direct ATT field mapped
95217,The Quarry's Smith,1,detail.questie.commit,"""cac1eff815923f896d082764d023cf812454a023""","""9d39232dab48e35811a7cc02473c2f4e42b62ab6""",commit,QuestieDB,9d39232dab48e35811a7cc02473c2f4e42b62ab6,,no direct ATT field mapped
95217,The Quarry's Smith,1,detail.questie.fields.objectives,[],"{""3"":[{""1"":2840,""3"":0},{""1"":267416,""3"":0}]}",objectives,QuestieDB,9d39232dab48e35811a7cc02473c2f4e42b62ab6,,no direct ATT field mapped
95217,The Quarry's Smith,1,index.questieCommit,"""cac1eff815923f896d082764d023cf812454a023""","""9d39232dab48e35811a7cc02473c2f4e42b62ab6""",commit,QuestieDB,9d39232dab48e35811a7cc02473c2f4e42b62ab6,,conflicts with existing value; no direct ATT field mapped
95250,Abominable Creatures,16611,detail.questie.commit,"""cac1eff815923f896d082764d023cf812454a023""","""9d39232dab48e35811a7cc02473c2f4e42b62ab6""",commit,QuestieDB,9d39232dab48e35811a7cc02473c2f4e42b62ab6,,no direct ATT field mapped
95250,Abominable Creatures,16611,detail.questie.fields.objectives,[],"{""3"":[{""1"":268518,""3"":0}]}",objectives,QuestieDB,9d39232dab48e35811a7cc02473c2f4e42b62ab6,,no direct ATT field mapped
95250,Abominable Creatures,16611,index.questieCommit,"""cac1eff815923f896d082764d023cf812454a023""","""9d39232dab48e35811a7cc02473c2f4e42b62ab6""",commit,QuestieDB,9d39232dab48e35811a7cc02473c2f4e42b62ab6,,conflicts with existing value; no direct ATT field mapped
95314,That Shadowvale Green Elixir,85,detail.questie.commit,"""cac1eff815923f896d082764d023cf812454a023""","""9d39232dab48e35811a7cc02473c2f4e42b62ab6""",commit,QuestieDB,9d39232dab48e35811a7cc02473c2f4e42b62ab6,,no direct ATT field mapped
95314,That Shadowvale Green Elixir,85,detail.questie.fields.objectives,[],"{""3"":[{""1"":268801,""3"":0}]}",objectives,QuestieDB,9d39232dab48e35811a7cc02473c2f4e42b62ab6,,no direct ATT field mapped
95314,That Shadowvale Green Elixir,85,index.questieCommit,"""cac1eff815923f896d082764d023cf812454a023""","""9d39232dab48e35811a7cc02473c2f4e42b62ab6""",commit,QuestieDB,9d39232dab48e35811a7cc02473c2f4e42b62ab6,,conflicts with existing value; no direct ATT field mapped
95328,Whispering Horror Residue,85,detail.questie.commit,"""cac1eff815923f896d082764d023cf812454a023""","""9d39232dab48e35811a7cc02473c2f4e42b62ab6""",commit,QuestieDB,9d39232dab48e35811a7cc02473c2f4e42b62ab6,,no direct ATT field mapped
95328,Whispering Horror Residue,85,detail.questie.fields.objectives,[],"{""3"":[{""1"":268812,""3"":0}]}",objectives,QuestieDB,9d39232dab48e35811a7cc02473c2f4e42b62ab6,,no direct ATT field mapped
95328,Whispering Horror Residue,85,index.questieCommit,"""cac1eff815923f896d082764d023cf812454a023""","""9d39232dab48e35811a7cc02473c2f4e42b62ab6""",commit,QuestieDB,9d39232dab48e35811a7cc02473c2f4e42b62ab6,,conflicts with existing value; no direct ATT field mapped
95349,The Earthen Ring,16593,detail.questie.commit,"""cac1eff815923f896d082764d023cf812454a023""","""9d39232dab48e35811a7cc02473c2f4e42b62ab6""",commit,QuestieDB,9d39232dab48e35811a7cc02473c2f4e42b62ab6,,no direct ATT field mapped
95349,The Earthen Ring,16593,detail.questie.fields.nextQuestInChain,0,95350,nextQuestInChain,QuestieDB,9d39232dab48e35811a7cc02473c2f4e42b62ab6,sourceQuest on successor,
95349,The Earthen Ring,16593,detail.requirements.nextQuestInChain,null,95350,nextQuestInChain,QuestieDB,9d39232dab48e35811a7cc02473c2f4e42b62ab6,sourceQuest on successor,
95349,The Earthen Ring,16593,index.questieCommit,"""cac1eff815923f896d082764d023cf812454a023""","""9d39232dab48e35811a7cc02473c2f4e42b62ab6""",commit,QuestieDB,9d39232dab48e35811a7cc02473c2f4e42b62ab6,,conflicts with existing value; no direct ATT field mapped
95350,Welcome to Azeroth,1637,detail.prerequisiteQuestIds,[],[95349],preQuestSingle,QuestieDB,9d39232dab48e35811a7cc02473c2f4e42b62ab6,sourceQuest or sourceQuests + sourceQuestNumRequired=1,conflicts with existing value
95350,Welcome to Azeroth,1637,detail.questie.commit,"""cac1eff815923f896d082764d023cf812454a023""","""9d39232dab48e35811a7cc02473c2f4e42b62ab6""",commit,QuestieDB,9d39232dab48e35811a7cc02473c2f4e42b62ab6,,no direct ATT field mapped
95350,Welcome to Azeroth,1637,detail.questie.fields.nextQuestInChain,0,93739,nextQuestInChain,QuestieDB,9d39232dab48e35811a7cc02473c2f4e42b62ab6,sourceQuest on successor,
95350,Welcome to Azeroth,1637,detail.questie.fields.preQuestSingle,null,[95349],preQuestSingle,QuestieDB,9d39232dab48e35811a7cc02473c2f4e42b62ab6,sourceQuest or sourceQuests + sourceQuestNumRequired=1,
95350,Welcome to Azeroth,1637,detail.questie.provenance.preQuestSingle,null,"""QuestieDB""",preQuestSingle,QuestieDB,9d39232dab48e35811a7cc02473c2f4e42b62ab6,sourceQuest or sourceQuests + sourceQuestNumRequired=1,
95350,Welcome to Azeroth,1637,detail.requirements.anyOf,null,[95349],anyOf,QuestieDB,9d39232dab48e35811a7cc02473c2f4e42b62ab6,,no direct ATT field mapped
95350,Welcome to Azeroth,1637,detail.requirements.nextQuestInChain,null,93739,nextQuestInChain,QuestieDB,9d39232dab48e35811a7cc02473c2f4e42b62ab6,sourceQuest on successor,
95350,Welcome to Azeroth,1637,detail.requirements.preQuestSingle,null,[95349],preQuestSingle,QuestieDB,9d39232dab48e35811a7cc02473c2f4e42b62ab6,sourceQuest or sourceQuests + sourceQuestNumRequired=1,
95350,Welcome to Azeroth,1637,index.questieCommit,"""cac1eff815923f896d082764d023cf812454a023""","""9d39232dab48e35811a7cc02473c2f4e42b62ab6""",commit,QuestieDB,9d39232dab48e35811a7cc02473c2f4e42b62ab6,,conflicts with existing value; no direct ATT field mapped
95494,Bruised Pride and Lion Hides,17,detail.questie.commit,"""cac1eff815923f896d082764d023cf812454a023""","""9d39232dab48e35811a7cc02473c2f4e42b62ab6""",commit,QuestieDB,9d39232dab48e35811a7cc02473c2f4e42b62ab6,,no direct ATT field mapped
95494,Bruised Pride and Lion Hides,17,detail.questie.fields.objectives,[],"{""3"":[{""1"":269715,""3"":0}]}",objectives,QuestieDB,9d39232dab48e35811a7cc02473c2f4e42b62ab6,,no direct ATT field mapped
95494,Bruised Pride and Lion Hides,17,index.questieCommit,"""cac1eff815923f896d082764d023cf812454a023""","""9d39232dab48e35811a7cc02473c2f4e42b62ab6""",commit,QuestieDB,9d39232dab48e35811a7cc02473c2f4e42b62ab6,,conflicts with existing value; no direct ATT field mapped
95495,The Hermit Tanner,17,detail.questie.commit,"""cac1eff815923f896d082764d023cf812454a023""","""9d39232dab48e35811a7cc02473c2f4e42b62ab6""",commit,QuestieDB,9d39232dab48e35811a7cc02473c2f4e42b62ab6,,no direct ATT field mapped
95495,The Hermit Tanner,17,detail.questie.fields.sourceItemId,0,269718,sourceItemId,QuestieDB,9d39232dab48e35811a7cc02473c2f4e42b62ab6,,no direct ATT field mapped
95495,The Hermit Tanner,17,index.questieCommit,"""cac1eff815923f896d082764d023cf812454a023""","""9d39232dab48e35811a7cc02473c2f4e42b62ab6""",commit,QuestieDB,9d39232dab48e35811a7cc02473c2f4e42b62ab6,,conflicts with existing value; no direct ATT field mapped
95507,Vrang's Game,17,detail.questie.commit,"""cac1eff815923f896d082764d023cf812454a023""","""9d39232dab48e35811a7cc02473c2f4e42b62ab6""",commit,QuestieDB,9d39232dab48e35811a7cc02473c2f4e42b62ab6,,no direct ATT field mapped
95507,Vrang's Game,17,detail.questie.fields.objectives,[],"{""3"":[{""1"":269719,""3"":0}]}",objectives,QuestieDB,9d39232dab48e35811a7cc02473c2f4e42b62ab6,,no direct ATT field mapped
95507,Vrang's Game,17,index.questieCommit,"""cac1eff815923f896d082764d023cf812454a023""","""9d39232dab48e35811a7cc02473c2f4e42b62ab6""",commit,QuestieDB,9d39232dab48e35811a7cc02473c2f4e42b62ab6,,conflicts with existing value; no direct ATT field mapped
95508,Unwelcome Guests,17,detail.questie.commit,"""cac1eff815923f896d082764d023cf812454a023""","""9d39232dab48e35811a7cc02473c2f4e42b62ab6""",commit,QuestieDB,9d39232dab48e35811a7cc02473c2f4e42b62ab6,,no direct ATT field mapped
95508,Unwelcome Guests,17,index.questieCommit,"""cac1eff815923f896d082764d023cf812454a023""","""9d39232dab48e35811a7cc02473c2f4e42b62ab6""",commit,QuestieDB,9d39232dab48e35811a7cc02473c2f4e42b62ab6,,conflicts with existing value; no direct ATT field mapped
95621,Trouble in the Valley,17,detail.questie.commit,"""cac1eff815923f896d082764d023cf812454a023""","""9d39232dab48e35811a7cc02473c2f4e42b62ab6""",commit,QuestieDB,9d39232dab48e35811a7cc02473c2f4e42b62ab6,,no direct ATT field mapped
95621,Trouble in the Valley,17,detail.questie.fields.objectives,[],"{""3"":[{""1"":270151,""3"":0}]}",objectives,QuestieDB,9d39232dab48e35811a7cc02473c2f4e42b62ab6,,no direct ATT field mapped
95621,Trouble in the Valley,17,index.questieCommit,"""cac1eff815923f896d082764d023cf812454a023""","""9d39232dab48e35811a7cc02473c2f4e42b62ab6""",commit,QuestieDB,9d39232dab48e35811a7cc02473c2f4e42b62ab6,,conflicts with existing value; no direct ATT field mapped
95774,Her Name Is Olgra,17,detail.questie.commit,"""cac1eff815923f896d082764d023cf812454a023""","""9d39232dab48e35811a7cc02473c2f4e42b62ab6""",commit,QuestieDB,9d39232dab48e35811a7cc02473c2f4e42b62ab6,,no direct ATT field mapped
95774,Her Name Is Olgra,17,detail.questie.fields.objectives,[],"{""3"":[{""1"":277277,""3"":0}]}",objectives,QuestieDB,9d39232dab48e35811a7cc02473c2f4e42b62ab6,,no direct ATT field mapped
95774,Her Name Is Olgra,17,index.questieCommit,"""cac1eff815923f896d082764d023cf812454a023""","""9d39232dab48e35811a7cc02473c2f4e42b62ab6""",commit,QuestieDB,9d39232dab48e35811a7cc02473c2f4e42b62ab6,,conflicts with existing value; no direct ATT field mapped
95803,A Token of Good Faith,-141,detail.questie.commit,"""cac1eff815923f896d082764d023cf812454a023""","""9d39232dab48e35811a7cc02473c2f4e42b62ab6""",commit,QuestieDB,9d39232dab48e35811a7cc02473c2f4e42b62ab6,,no direct ATT field mapped
95803,A Token of Good Faith,-141,detail.questie.fields.sourceItemId,0,270436,sourceItemId,QuestieDB,9d39232dab48e35811a7cc02473c2f4e42b62ab6,,no direct ATT field mapped
95803,A Token of Good Faith,-141,index.questieCommit,"""cac1eff815923f896d082764d023cf812454a023""","""9d39232dab48e35811a7cc02473c2f4e42b62ab6""",commit,QuestieDB,9d39232dab48e35811a7cc02473c2f4e42b62ab6,,conflicts with existing value; no direct ATT field mapped
95805,Grace of An'she and Mu'sha,215,detail.questie.commit,"""cac1eff815923f896d082764d023cf812454a023""","""9d39232dab48e35811a7cc02473c2f4e42b62ab6""",commit,QuestieDB,9d39232dab48e35811a7cc02473c2f4e42b62ab6,,no direct ATT field mapped
95805,Grace of An'she and Mu'sha,215,detail.questie.fields.finishedBy,[],"{""2"":[660739]}",finishedBy,QuestieDB,9d39232dab48e35811a7cc02473c2f4e42b62ab6,,no direct ATT field mapped
95805,Grace of An'she and Mu'sha,215,detail.questie.fields.sourceItemId,0,277199,sourceItemId,QuestieDB,9d39232dab48e35811a7cc02473c2f4e42b62ab6,,no direct ATT field mapped
95805,Grace of An'she and Mu'sha,215,detail.questie.finishers,null,"[{""id"":660739,""name"":""Ritual Fire"",""spawns"":{""215"":[[56.57,88.69]]},""type"":""object""}]",finishers,QuestieDB,9d39232dab48e35811a7cc02473c2f4e42b62ab6,,no direct ATT field mapped
95805,Grace of An'she and Mu'sha,215,index.questieCommit,"""cac1eff815923f896d082764d023cf812454a023""","""9d39232dab48e35811a7cc02473c2f4e42b62ab6""",commit,QuestieDB,9d39232dab48e35811a7cc02473c2f4e42b62ab6,,conflicts with existing value; no direct ATT field mapped
95883,The Tortured Soul,130,detail.questie.commit,"""cac1eff815923f896d082764d023cf812454a023""","""9d39232dab48e35811a7cc02473c2f4e42b62ab6""",commit,QuestieDB,9d39232dab48e35811a7cc02473c2f4e42b62ab6,,no direct ATT field mapped
95883,The Tortured Soul,130,detail.questie.fields.objectives,[],"{""3"":[{""1"":271350,""3"":0}]}",objectives,QuestieDB,9d39232dab48e35811a7cc02473c2f4e42b62ab6,,no direct ATT field mapped
95883,The Tortured Soul,130,index.questieCommit,"""cac1eff815923f896d082764d023cf812454a023""","""9d39232dab48e35811a7cc02473c2f4e42b62ab6""",commit,QuestieDB,9d39232dab48e35811a7cc02473c2f4e42b62ab6,,conflicts with existing value; no direct ATT field mapped
95884,The Offering Stone,130,detail.questie.commit,"""cac1eff815923f896d082764d023cf812454a023""","""9d39232dab48e35811a7cc02473c2f4e42b62ab6""",commit,QuestieDB,9d39232dab48e35811a7cc02473c2f4e42b62ab6,,no direct ATT field mapped
95884,The Offering Stone,130,detail.questie.fields.objectives,[],"{""3"":[{""1"":271343,""3"":0}]}",objectives,QuestieDB,9d39232dab48e35811a7cc02473c2f4e42b62ab6,,no direct ATT field mapped
95884,The Offering Stone,130,index.questieCommit,"""cac1eff815923f896d082764d023cf812454a023""","""9d39232dab48e35811a7cc02473c2f4e42b62ab6""",commit,QuestieDB,9d39232dab48e35811a7cc02473c2f4e42b62ab6,,conflicts with existing value; no direct ATT field mapped
95885,The Offering of Blood,130,detail.questie.commit,"""cac1eff815923f896d082764d023cf812454a023""","""9d39232dab48e35811a7cc02473c2f4e42b62ab6""",commit,QuestieDB,9d39232dab48e35811a7cc02473c2f4e42b62ab6,,no direct ATT field mapped
95885,The Offering of Blood,130,detail.questie.fields.sourceItemId,0,210713,sourceItemId,QuestieDB,9d39232dab48e35811a7cc02473c2f4e42b62ab6,,no direct ATT field mapped
95885,The Offering of Blood,130,index.questieCommit,"""cac1eff815923f896d082764d023cf812454a023""","""9d39232dab48e35811a7cc02473c2f4e42b62ab6""",commit,QuestieDB,9d39232dab48e35811a7cc02473c2f4e42b62ab6,,conflicts with existing value; no direct ATT field mapped
95981,Watching the Roads,130,detail.questie.commit,"""cac1eff815923f896d082764d023cf812454a023""","""9d39232dab48e35811a7cc02473c2f4e42b62ab6""",commit,QuestieDB,9d39232dab48e35811a7cc02473c2f4e42b62ab6,,no direct ATT field mapped
95981,Watching the Roads,130,detail.questie.fields.objectives,[],"[[{""1"":1888,""3"":0},{""1"":1889,""3"":0}]]",objectives,QuestieDB,9d39232dab48e35811a7cc02473c2f4e42b62ab6,,no direct ATT field mapped
95981,Watching the Roads,130,index.questieCommit,"""cac1eff815923f896d082764d023cf812454a023""","""9d39232dab48e35811a7cc02473c2f4e42b62ab6""",commit,QuestieDB,9d39232dab48e35811a7cc02473c2f4e42b62ab6,,conflicts with existing value; no direct ATT field mapped
95998,The Great Outdoors,-666,detail.questie.commit,"""cac1eff815923f896d082764d023cf812454a023""","""9d39232dab48e35811a7cc02473c2f4e42b62ab6""",commit,QuestieDB,9d39232dab48e35811a7cc02473c2f4e42b62ab6,,no direct ATT field mapped
95998,The Great Outdoors,-666,index.questieCommit,"""cac1eff815923f896d082764d023cf812454a023""","""9d39232dab48e35811a7cc02473c2f4e42b62ab6""",commit,QuestieDB,9d39232dab48e35811a7cc02473c2f4e42b62ab6,,conflicts with existing value; no direct ATT field mapped
95999,WANTED: Incinerator Gar'im,44,detail.questie.commit,"""cac1eff815923f896d082764d023cf812454a023""","""9d39232dab48e35811a7cc02473c2f4e42b62ab6""",commit,QuestieDB,9d39232dab48e35811a7cc02473c2f4e42b62ab6,,no direct ATT field mapped
95999,WANTED: Incinerator Gar'im,44,detail.questie.fields.objectives,[],"{""3"":[{""1"":271872,""3"":0}]}",objectives,QuestieDB,9d39232dab48e35811a7cc02473c2f4e42b62ab6,,no direct ATT field mapped
95999,WANTED: Incinerator Gar'im,44,index.questieCommit,"""cac1eff815923f896d082764d023cf812454a023""","""9d39232dab48e35811a7cc02473c2f4e42b62ab6""",commit,QuestieDB,9d39232dab48e35811a7cc02473c2f4e42b62ab6,,conflicts with existing value; no direct ATT field mapped
96031,Camping 101: Leatherworking,-666,detail.questie.commit,"""cac1eff815923f896d082764d023cf812454a023""","""9d39232dab48e35811a7cc02473c2f4e42b62ab6""",commit,QuestieDB,9d39232dab48e35811a7cc02473c2f4e42b62ab6,,no direct ATT field mapped
96031,Camping 101: Leatherworking,-666,index.questieCommit,"""cac1eff815923f896d082764d023cf812454a023""","""9d39232dab48e35811a7cc02473c2f4e42b62ab6""",commit,QuestieDB,9d39232dab48e35811a7cc02473c2f4e42b62ab6,,conflicts with existing value; no direct ATT field mapped
96044,Camping 101: Blacksmithing,-666,detail.questie.commit,"""cac1eff815923f896d082764d023cf812454a023""","""9d39232dab48e35811a7cc02473c2f4e42b62ab6""",commit,QuestieDB,9d39232dab48e35811a7cc02473c2f4e42b62ab6,,no direct ATT field mapped
96044,Camping 101: Blacksmithing,-666,index.questieCommit,"""cac1eff815923f896d082764d023cf812454a023""","""9d39232dab48e35811a7cc02473c2f4e42b62ab6""",commit,QuestieDB,9d39232dab48e35811a7cc02473c2f4e42b62ab6,,conflicts with existing value; no direct ATT field mapped
96045,Camping 101: Alchemy,-666,detail.questie.commit,"""cac1eff815923f896d082764d023cf812454a023""","""9d39232dab48e35811a7cc02473c2f4e42b62ab6""",commit,QuestieDB,9d39232dab48e35811a7cc02473c2f4e42b62ab6,,no direct ATT field mapped
96045,Camping 101: Alchemy,-666,index.questieCommit,"""cac1eff815923f896d082764d023cf812454a023""","""9d39232dab48e35811a7cc02473c2f4e42b62ab6""",commit,QuestieDB,9d39232dab48e35811a7cc02473c2f4e42b62ab6,,conflicts with existing value; no direct ATT field mapped
96046,Camping 101: Mining,-666,detail.questie.commit,"""cac1eff815923f896d082764d023cf812454a023""","""9d39232dab48e35811a7cc02473c2f4e42b62ab6""",commit,QuestieDB,9d39232dab48e35811a7cc02473c2f4e42b62ab6,,no direct ATT field mapped
96046,Camping 101: Mining,-666,index.questieCommit,"""cac1eff815923f896d082764d023cf812454a023""","""9d39232dab48e35811a7cc02473c2f4e42b62ab6""",commit,QuestieDB,9d39232dab48e35811a7cc02473c2f4e42b62ab6,,conflicts with existing value; no direct ATT field mapped
96047,Camping 101: First Aid,-666,detail.questie.commit,"""cac1eff815923f896d082764d023cf812454a023""","""9d39232dab48e35811a7cc02473c2f4e42b62ab6""",commit,QuestieDB,9d39232dab48e35811a7cc02473c2f4e42b62ab6,,no direct ATT field mapped
96047,Camping 101: First Aid,-666,index.questieCommit,"""cac1eff815923f896d082764d023cf812454a023""","""9d39232dab48e35811a7cc02473c2f4e42b62ab6""",commit,QuestieDB,9d39232dab48e35811a7cc02473c2f4e42b62ab6,,conflicts with existing value; no direct ATT field mapped
96050,Camping 101: Fishing,-666,detail.questie.commit,"""cac1eff815923f896d082764d023cf812454a023""","""9d39232dab48e35811a7cc02473c2f4e42b62ab6""",commit,QuestieDB,9d39232dab48e35811a7cc02473c2f4e42b62ab6,,no direct ATT field mapped
96050,Camping 101: Fishing,-666,index.questieCommit,"""cac1eff815923f896d082764d023cf812454a023""","""9d39232dab48e35811a7cc02473c2f4e42b62ab6""",commit,QuestieDB,9d39232dab48e35811a7cc02473c2f4e42b62ab6,,conflicts with existing value; no direct ATT field mapped
96055,Camping 101: Herbalism,-666,detail.questie.commit,"""cac1eff815923f896d082764d023cf812454a023""","""9d39232dab48e35811a7cc02473c2f4e42b62ab6""",commit,QuestieDB,9d39232dab48e35811a7cc02473c2f4e42b62ab6,,no direct ATT field mapped
96055,Camping 101: Herbalism,-666,index.questieCommit,"""cac1eff815923f896d082764d023cf812454a023""","""9d39232dab48e35811a7cc02473c2f4e42b62ab6""",commit,QuestieDB,9d39232dab48e35811a7cc02473c2f4e42b62ab6,,conflicts with existing value; no direct ATT field mapped
96056,Camping 101: Skinning,-666,detail.questie.commit,"""cac1eff815923f896d082764d023cf812454a023""","""9d39232dab48e35811a7cc02473c2f4e42b62ab6""",commit,QuestieDB,9d39232dab48e35811a7cc02473c2f4e42b62ab6,,no direct ATT field mapped
96056,Camping 101: Skinning,-666,index.questieCommit,"""cac1eff815923f896d082764d023cf812454a023""","""9d39232dab48e35811a7cc02473c2f4e42b62ab6""",commit,QuestieDB,9d39232dab48e35811a7cc02473c2f4e42b62ab6,,conflicts with existing value; no direct ATT field mapped
96057,Camping 101: Tailoring,-666,detail.questie.commit,"""cac1eff815923f896d082764d023cf812454a023""","""9d39232dab48e35811a7cc02473c2f4e42b62ab6""",commit,QuestieDB,9d39232dab48e35811a7cc02473c2f4e42b62ab6,,no direct ATT field mapped
96057,Camping 101: Tailoring,-666,index.questieCommit,"""cac1eff815923f896d082764d023cf812454a023""","""9d39232dab48e35811a7cc02473c2f4e42b62ab6""",commit,QuestieDB,9d39232dab48e35811a7cc02473c2f4e42b62ab6,,conflicts with existing value; no direct ATT field mapped
96058,Camping 101: Engineering,-666,detail.questie.commit,"""cac1eff815923f896d082764d023cf812454a023""","""9d39232dab48e35811a7cc02473c2f4e42b62ab6""",commit,QuestieDB,9d39232dab48e35811a7cc02473c2f4e42b62ab6,,no direct ATT field mapped
96058,Camping 101: Engineering,-666,index.questieCommit,"""cac1eff815923f896d082764d023cf812454a023""","""9d39232dab48e35811a7cc02473c2f4e42b62ab6""",commit,QuestieDB,9d39232dab48e35811a7cc02473c2f4e42b62ab6,,conflicts with existing value; no direct ATT field mapped
96059,Camping 101: Enchanting,-666,detail.questie.commit,"""cac1eff815923f896d082764d023cf812454a023""","""9d39232dab48e35811a7cc02473c2f4e42b62ab6""",commit,QuestieDB,9d39232dab48e35811a7cc02473c2f4e42b62ab6,,no direct ATT field mapped
96059,Camping 101: Enchanting,-666,index.questieCommit,"""cac1eff815923f896d082764d023cf812454a023""","""9d39232dab48e35811a7cc02473c2f4e42b62ab6""",commit,QuestieDB,9d39232dab48e35811a7cc02473c2f4e42b62ab6,,conflicts with existing value; no direct ATT field mapped
96101,The Great Outdoors,-666,detail.questie.commit,"""cac1eff815923f896d082764d023cf812454a023""","""9d39232dab48e35811a7cc02473c2f4e42b62ab6""",commit,QuestieDB,9d39232dab48e35811a7cc02473c2f4e42b62ab6,,no direct ATT field mapped
96101,The Great Outdoors,-666,index.questieCommit,"""cac1eff815923f896d082764d023cf812454a023""","""9d39232dab48e35811a7cc02473c2f4e42b62ab6""",commit,QuestieDB,9d39232dab48e35811a7cc02473c2f4e42b62ab6,,conflicts with existing value; no direct ATT field mapped
96102,Camping 101: Tailoring,-666,detail.questie.commit,"""cac1eff815923f896d082764d023cf812454a023""","""9d39232dab48e35811a7cc02473c2f4e42b62ab6""",commit,QuestieDB,9d39232dab48e35811a7cc02473c2f4e42b62ab6,,no direct ATT field mapped
96102,Camping 101: Tailoring,-666,index.questieCommit,"""cac1eff815923f896d082764d023cf812454a023""","""9d39232dab48e35811a7cc02473c2f4e42b62ab6""",commit,QuestieDB,9d39232dab48e35811a7cc02473c2f4e42b62ab6,,conflicts with existing value; no direct ATT field mapped
96130,Chakuyak,215,detail.questie.commit,"""cac1eff815923f896d082764d023cf812454a023""","""9d39232dab48e35811a7cc02473c2f4e42b62ab6""",commit,QuestieDB,9d39232dab48e35811a7cc02473c2f4e42b62ab6,,no direct ATT field mapped
96130,Chakuyak,215,detail.questie.fields.objectives,[],"{""3"":[{""1"":270302,""3"":0}]}",objectives,QuestieDB,9d39232dab48e35811a7cc02473c2f4e42b62ab6,,no direct ATT field mapped
96130,Chakuyak,215,index.questieCommit,"""cac1eff815923f896d082764d023cf812454a023""","""9d39232dab48e35811a7cc02473c2f4e42b62ab6""",commit,QuestieDB,9d39232dab48e35811a7cc02473c2f4e42b62ab6,,conflicts with existing value; no direct ATT field mapped
96137,Ira's Dagger,10,detail.questie.commit,"""cac1eff815923f896d082764d023cf812454a023""","""9d39232dab48e35811a7cc02473c2f4e42b62ab6""",commit,QuestieDB,9d39232dab48e35811a7cc02473c2f4e42b62ab6,,no direct ATT field mapped
96137,Ira's Dagger,10,detail.questie.fields.objectives,[],"[[{""1"":923,""3"":0},{""1"":628,""3"":0}]]",objectives,QuestieDB,9d39232dab48e35811a7cc02473c2f4e42b62ab6,,no direct ATT field mapped
96137,Ira's Dagger,10,detail.questie.fields.sourceItemId,0,281143,sourceItemId,QuestieDB,9d39232dab48e35811a7cc02473c2f4e42b62ab6,,no direct ATT field mapped
96137,Ira's Dagger,10,index.questieCommit,"""cac1eff815923f896d082764d023cf812454a023""","""9d39232dab48e35811a7cc02473c2f4e42b62ab6""",commit,QuestieDB,9d39232dab48e35811a7cc02473c2f4e42b62ab6,,conflicts with existing value; no direct ATT field mapped
96138,Merrick's Bow,10,detail.questie.commit,"""cac1eff815923f896d082764d023cf812454a023""","""9d39232dab48e35811a7cc02473c2f4e42b62ab6""",commit,QuestieDB,9d39232dab48e35811a7cc02473c2f4e42b62ab6,,no direct ATT field mapped
96138,Merrick's Bow,10,detail.questie.fields.objectives,[],"[[{""1"":212,""3"":0},{""1"":892,""3"":0}]]",objectives,QuestieDB,9d39232dab48e35811a7cc02473c2f4e42b62ab6,,no direct ATT field mapped
96138,Merrick's Bow,10,detail.questie.fields.sourceItemId,0,281142,sourceItemId,QuestieDB,9d39232dab48e35811a7cc02473c2f4e42b62ab6,,no direct ATT field mapped
96138,Merrick's Bow,10,index.questieCommit,"""cac1eff815923f896d082764d023cf812454a023""","""9d39232dab48e35811a7cc02473c2f4e42b62ab6""",commit,QuestieDB,9d39232dab48e35811a7cc02473c2f4e42b62ab6,,conflicts with existing value; no direct ATT field mapped
96139,The Valor Family,10,detail.questie.commit,"""cac1eff815923f896d082764d023cf812454a023""","""9d39232dab48e35811a7cc02473c2f4e42b62ab6""",commit,QuestieDB,9d39232dab48e35811a7cc02473c2f4e42b62ab6,,no direct ATT field mapped
96139,The Valor Family,10,detail.questie.fields.objectives,[],"{""3"":[{""1"":281046,""3"":0}]}",objectives,QuestieDB,9d39232dab48e35811a7cc02473c2f4e42b62ab6,,no direct ATT field mapped
96139,The Valor Family,10,index.questieCommit,"""cac1eff815923f896d082764d023cf812454a023""","""9d39232dab48e35811a7cc02473c2f4e42b62ab6""",commit,QuestieDB,9d39232dab48e35811a7cc02473c2f4e42b62ab6,,conflicts with existing value; no direct ATT field mapped
96204,The Windshaper's Wrath,-141,detail.questie.commit,"""cac1eff815923f896d082764d023cf812454a023""","""9d39232dab48e35811a7cc02473c2f4e42b62ab6""",commit,QuestieDB,9d39232dab48e35811a7cc02473c2f4e42b62ab6,,no direct ATT field mapped
96204,The Windshaper's Wrath,-141,index.questieCommit,"""cac1eff815923f896d082764d023cf812454a023""","""9d39232dab48e35811a7cc02473c2f4e42b62ab6""",commit,QuestieDB,9d39232dab48e35811a7cc02473c2f4e42b62ab6,,conflicts with existing value; no direct ATT field mapped
96243,Call of Earth,-82,detail.questie.commit,"""cac1eff815923f896d082764d023cf812454a023""","""9d39232dab48e35811a7cc02473c2f4e42b62ab6""",commit,QuestieDB,9d39232dab48e35811a7cc02473c2f4e42b62ab6,,no direct ATT field mapped
96243,Call of Earth,-82,index.questieCommit,"""cac1eff815923f896d082764d023cf812454a023""","""9d39232dab48e35811a7cc02473c2f4e42b62ab6""",commit,QuestieDB,9d39232dab48e35811a7cc02473c2f4e42b62ab6,,conflicts with existing value; no direct ATT field mapped
96390,Nip 'Em in the Bud,1,detail.questie.commit,"""cac1eff815923f896d082764d023cf812454a023""","""9d39232dab48e35811a7cc02473c2f4e42b62ab6""",commit,QuestieDB,9d39232dab48e35811a7cc02473c2f4e42b62ab6,,no direct ATT field mapped
96390,Nip 'Em in the Bud,1,detail.questie.fields.objectives,[],"[[{""1"":6123,""3"":0}]]",objectives,QuestieDB,9d39232dab48e35811a7cc02473c2f4e42b62ab6,,no direct ATT field mapped
96390,Nip 'Em in the Bud,1,index.questieCommit,"""cac1eff815923f896d082764d023cf812454a023""","""9d39232dab48e35811a7cc02473c2f4e42b62ab6""",commit,QuestieDB,9d39232dab48e35811a7cc02473c2f4e42b62ab6,,conflicts with existing value; no direct ATT field mapped
96391,Underground Map,1,detail.questie.commit,"""cac1eff815923f896d082764d023cf812454a023""","""9d39232dab48e35811a7cc02473c2f4e42b62ab6""",commit,QuestieDB,9d39232dab48e35811a7cc02473c2f4e42b62ab6,,no direct ATT field mapped
96391,Underground Map,1,detail.questie.fields.sourceItemId,0,274268,sourceItemId,QuestieDB,9d39232dab48e35811a7cc02473c2f4e42b62ab6,,no direct ATT field mapped
96391,Underground Map,1,index.questieCommit,"""cac1eff815923f896d082764d023cf812454a023""","""9d39232dab48e35811a7cc02473c2f4e42b62ab6""",commit,QuestieDB,9d39232dab48e35811a7cc02473c2f4e42b62ab6,,conflicts with existing value; no direct ATT field mapped
96392,Farsen's Watch,1,detail.questie.commit,"""cac1eff815923f896d082764d023cf812454a023""","""9d39232dab48e35811a7cc02473c2f4e42b62ab6""",commit,QuestieDB,9d39232dab48e35811a7cc02473c2f4e42b62ab6,,no direct ATT field mapped
96392,Farsen's Watch,1,index.questieCommit,"""cac1eff815923f896d082764d023cf812454a023""","""9d39232dab48e35811a7cc02473c2f4e42b62ab6""",commit,QuestieDB,9d39232dab48e35811a7cc02473c2f4e42b62ab6,,conflicts with existing value; no direct ATT field mapped
96393,Old Ironforge Incursion,16919,detail.questie.commit,"""cac1eff815923f896d082764d023cf812454a023""","""9d39232dab48e35811a7cc02473c2f4e42b62ab6""",commit,QuestieDB,9d39232dab48e35811a7cc02473c2f4e42b62ab6,,no direct ATT field mapped
96393,Old Ironforge Incursion,16919,detail.questie.fields.objectives,[],"{""3"":[{""1"":274286,""3"":0}]}",objectives,QuestieDB,9d39232dab48e35811a7cc02473c2f4e42b62ab6,,no direct ATT field mapped
96393,Old Ironforge Incursion,16919,index.questieCommit,"""cac1eff815923f896d082764d023cf812454a023""","""9d39232dab48e35811a7cc02473c2f4e42b62ab6""",commit,QuestieDB,9d39232dab48e35811a7cc02473c2f4e42b62ab6,,conflicts with existing value; no direct ATT field mapped
96394,The Restless Dead,16919,detail.questie.commit,"""cac1eff815923f896d082764d023cf812454a023""","""9d39232dab48e35811a7cc02473c2f4e42b62ab6""",commit,QuestieDB,9d39232dab48e35811a7cc02473c2f4e42b62ab6,,no direct ATT field mapped
96394,The Restless Dead,16919,detail.questie.fields.objectives,[],"[[{""1"":263389,""3"":0},{""1"":263390,""3"":0}]]",objectives,QuestieDB,9d39232dab48e35811a7cc02473c2f4e42b62ab6,,no direct ATT field mapped
96394,The Restless Dead,16919,index.questieCommit,"""cac1eff815923f896d082764d023cf812454a023""","""9d39232dab48e35811a7cc02473c2f4e42b62ab6""",commit,QuestieDB,9d39232dab48e35811a7cc02473c2f4e42b62ab6,,conflicts with existing value; no direct ATT field mapped
96395,An Ancient Grudge,16919,detail.faction,null,"""Alliance""",requiredRaces,QuestieDB,9d39232dab48e35811a7cc02473c2f4e42b62ab6,races,QuestieDB source has a verification comment
96395,An Ancient Grudge,16919,detail.questLevel,null,15,questLevel,QuestieDB,9d39232dab48e35811a7cc02473c2f4e42b62ab6,,QuestieDB source has a verification comment; no direct ATT field mapped
96395,An Ancient Grudge,16919,detail.questie.commit,null,"""9d39232dab48e35811a7cc02473c2f4e42b62ab6""",commit,QuestieDB,9d39232dab48e35811a7cc02473c2f4e42b62ab6,,QuestieDB source has a verification comment; no direct ATT field mapped
96395,An Ancient Grudge,16919,detail.questie.fields.availableStartingWith,null,0,availableStartingWith,QuestieDB,9d39232dab48e35811a7cc02473c2f4e42b62ab6,,QuestieDB source has a verification comment; no direct ATT field mapped
96395,An Ancient Grudge,16919,detail.questie.fields.availableUntilCompleted,null,0,availableUntilCompleted,QuestieDB,9d39232dab48e35811a7cc02473c2f4e42b62ab6,,QuestieDB source has a verification comment; no direct ATT field mapped
96395,An Ancient Grudge,16919,detail.questie.fields.breadcrumbForQuestId,null,0,breadcrumbForQuestId,QuestieDB,9d39232dab48e35811a7cc02473c2f4e42b62ab6,,QuestieDB source has a verification comment; no direct ATT field mapped
96395,An Ancient Grudge,16919,detail.questie.fields.disabledByQuest,null,0,disabledByQuest,QuestieDB,9d39232dab48e35811a7cc02473c2f4e42b62ab6,,QuestieDB source has a verification comment; no direct ATT field mapped
96395,An Ancient Grudge,16919,detail.questie.fields.finishedBy,null,[],finishedBy,QuestieDB,9d39232dab48e35811a7cc02473c2f4e42b62ab6,,QuestieDB source has a verification comment; no direct ATT field mapped
96395,An Ancient Grudge,16919,detail.questie.fields.name,null,"""An Ancient Grudge""",name,QuestieDB,9d39232dab48e35811a7cc02473c2f4e42b62ab6,,QuestieDB source has a verification comment; no direct ATT field mapped
96395,An Ancient Grudge,16919,detail.questie.fields.nextQuestInChain,null,0,nextQuestInChain,QuestieDB,9d39232dab48e35811a7cc02473c2f4e42b62ab6,sourceQuest on successor,QuestieDB source has a verification comment
96395,An Ancient Grudge,16919,detail.questie.fields.objectives,null,[],objectives,QuestieDB,9d39232dab48e35811a7cc02473c2f4e42b62ab6,,QuestieDB source has a verification comment; no direct ATT field mapped
96395,An Ancient Grudge,16919,detail.questie.fields.objectivesText,null,"[""Put the spirit of Faldrim Anvilmar to rest and then return to the Ghostly Attendant in the Hall of Thanes.""]",objectivesText,QuestieDB,9d39232dab48e35811a7cc02473c2f4e42b62ab6,,QuestieDB source has a verification comment; no direct ATT field mapped
96395,An Ancient Grudge,16919,detail.questie.fields.parentQuest,null,0,parentQuest,QuestieDB,9d39232dab48e35811a7cc02473c2f4e42b62ab6,,QuestieDB source has a verification comment; no direct ATT field mapped
96395,An Ancient Grudge,16919,detail.questie.fields.questFlags,null,0,questFlags,QuestieDB,9d39232dab48e35811a7cc02473c2f4e42b62ab6,,QuestieDB source has a verification comment; no direct ATT field mapped
96395,An Ancient Grudge,16919,detail.questie.fields.questLevel,null,15,questLevel,QuestieDB,9d39232dab48e35811a7cc02473c2f4e42b62ab6,,QuestieDB source has a verification comment; no direct ATT field mapped
96395,An Ancient Grudge,16919,detail.questie.fields.requiredClasses,null,0,requiredClasses,QuestieDB,9d39232dab48e35811a7cc02473c2f4e42b62ab6,classes,QuestieDB source has a verification comment
96395,An Ancient Grudge,16919,detail.questie.fields.requiredLevel,null,0,requiredLevel,QuestieDB,9d39232dab48e35811a7cc02473c2f4e42b62ab6,lvl,QuestieDB source has a verification comment
96395,An Ancient Grudge,16919,detail.questie.fields.requiredMaxLevel,null,0,requiredMaxLevel,QuestieDB,9d39232dab48e35811a7cc02473c2f4e42b62ab6,,QuestieDB source has a verification comment; no direct ATT field mapped
96395,An Ancient Grudge,16919,detail.questie.fields.requiredRaces,null,4294967373,requiredRaces,QuestieDB,9d39232dab48e35811a7cc02473c2f4e42b62ab6,races,QuestieDB source has a verification comment
96395,An Ancient Grudge,16919,detail.questie.fields.requiredSpecialization,null,0,requiredSpecialization,QuestieDB,9d39232dab48e35811a7cc02473c2f4e42b62ab6,,QuestieDB source has a verification comment; no direct ATT field mapped
96395,An Ancient Grudge,16919,detail.questie.fields.requiredSpell,null,0,requiredSpell,QuestieDB,9d39232dab48e35811a7cc02473c2f4e42b62ab6,,QuestieDB source has a verification comment; no direct ATT field mapped
96395,An Ancient Grudge,16919,detail.questie.fields.sourceItemId,null,0,sourceItemId,QuestieDB,9d39232dab48e35811a7cc02473c2f4e42b62ab6,,QuestieDB source has a verification comment; no direct ATT field mapped
96395,An Ancient Grudge,16919,detail.questie.fields.specialFlags,null,0,specialFlags,QuestieDB,9d39232dab48e35811a7cc02473c2f4e42b62ab6,,QuestieDB source has a verification comment; no direct ATT field mapped
96395,An Ancient Grudge,16919,detail.questie.fields.startedBy,null,[],startedBy,QuestieDB,9d39232dab48e35811a7cc02473c2f4e42b62ab6,qg/provider; coord,QuestieDB source has a verification comment
96395,An Ancient Grudge,16919,detail.questie.fields.zoneOrSort,null,0,zoneOrSort,QuestieDB,9d39232dab48e35811a7cc02473c2f4e42b62ab6,,QuestieDB source has a verification comment; no direct ATT field mapped
96395,An Ancient Grudge,16919,detail.questie.provenance.availableStartingWith,null,"""QuestieDB""",availableStartingWith,QuestieDB,9d39232dab48e35811a7cc02473c2f4e42b62ab6,,QuestieDB source has a verification comment; no direct ATT field mapped
96395,An Ancient Grudge,16919,detail.questie.provenance.availableUntilCompleted,null,"""QuestieDB""",availableUntilCompleted,QuestieDB,9d39232dab48e35811a7cc02473c2f4e42b62ab6,,QuestieDB source has a verification comment; no direct ATT field mapped
96395,An Ancient Grudge,16919,detail.questie.provenance.breadcrumbForQuestId,null,"""QuestieDB""",breadcrumbForQuestId,QuestieDB,9d39232dab48e35811a7cc02473c2f4e42b62ab6,,QuestieDB source has a verification comment; no direct ATT field mapped
96395,An Ancient Grudge,16919,detail.questie.provenance.disabledByQuest,null,"""QuestieDB""",disabledByQuest,QuestieDB,9d39232dab48e35811a7cc02473c2f4e42b62ab6,,QuestieDB source has a verification comment; no direct ATT field mapped
96395,An Ancient Grudge,16919,detail.questie.provenance.finishedBy,null,"""QuestieDB""",finishedBy,QuestieDB,9d39232dab48e35811a7cc02473c2f4e42b62ab6,,QuestieDB source has a verification comment; no direct ATT field mapped
96395,An Ancient Grudge,16919,detail.questie.provenance.name,null,"""QuestieDB""",name,QuestieDB,9d39232dab48e35811a7cc02473c2f4e42b62ab6,,QuestieDB source has a verification comment; no direct ATT field mapped
96395,An Ancient Grudge,16919,detail.questie.provenance.nextQuestInChain,null,"""QuestieDB""",nextQuestInChain,QuestieDB,9d39232dab48e35811a7cc02473c2f4e42b62ab6,sourceQuest on successor,QuestieDB source has a verification comment
96395,An Ancient Grudge,16919,detail.questie.provenance.objectives,null,"""QuestieDB""",objectives,QuestieDB,9d39232dab48e35811a7cc02473c2f4e42b62ab6,,QuestieDB source has a verification comment; no direct ATT field mapped
96395,An Ancient Grudge,16919,detail.questie.provenance.objectivesText,null,"""QuestieDB""",objectivesText,QuestieDB,9d39232dab48e35811a7cc02473c2f4e42b62ab6,,QuestieDB source has a verification comment; no direct ATT field mapped
96395,An Ancient Grudge,16919,detail.questie.provenance.parentQuest,null,"""QuestieDB""",parentQuest,QuestieDB,9d39232dab48e35811a7cc02473c2f4e42b62ab6,,QuestieDB source has a verification comment; no direct ATT field mapped
96395,An Ancient Grudge,16919,detail.questie.provenance.questFlags,null,"""QuestieDB""",questFlags,QuestieDB,9d39232dab48e35811a7cc02473c2f4e42b62ab6,,QuestieDB source has a verification comment; no direct ATT field mapped
96395,An Ancient Grudge,16919,detail.questie.provenance.questLevel,null,"""QuestieDB""",questLevel,QuestieDB,9d39232dab48e35811a7cc02473c2f4e42b62ab6,,QuestieDB source has a verification comment; no direct ATT field mapped
96395,An Ancient Grudge,16919,detail.questie.provenance.requiredClasses,null,"""QuestieDB""",requiredClasses,QuestieDB,9d39232dab48e35811a7cc02473c2f4e42b62ab6,classes,QuestieDB source has a verification comment
96395,An Ancient Grudge,16919,detail.questie.provenance.requiredLevel,null,"""QuestieDB""",requiredLevel,QuestieDB,9d39232dab48e35811a7cc02473c2f4e42b62ab6,lvl,QuestieDB source has a verification comment
96395,An Ancient Grudge,16919,detail.questie.provenance.requiredMaxLevel,null,"""QuestieDB""",requiredMaxLevel,QuestieDB,9d39232dab48e35811a7cc02473c2f4e42b62ab6,,QuestieDB source has a verification comment; no direct ATT field mapped
96395,An Ancient Grudge,16919,detail.questie.provenance.requiredRaces,null,"""QuestieDB""",requiredRaces,QuestieDB,9d39232dab48e35811a7cc02473c2f4e42b62ab6,races,QuestieDB source has a verification comment
96395,An Ancient Grudge,16919,detail.questie.provenance.requiredSpecialization,null,"""QuestieDB""",requiredSpecialization,QuestieDB,9d39232dab48e35811a7cc02473c2f4e42b62ab6,,QuestieDB source has a verification comment; no direct ATT field mapped
96395,An Ancient Grudge,16919,detail.questie.provenance.requiredSpell,null,"""QuestieDB""",requiredSpell,QuestieDB,9d39232dab48e35811a7cc02473c2f4e42b62ab6,,QuestieDB source has a verification comment; no direct ATT field mapped
96395,An Ancient Grudge,16919,detail.questie.provenance.sourceItemId,null,"""QuestieDB""",sourceItemId,QuestieDB,9d39232dab48e35811a7cc02473c2f4e42b62ab6,,QuestieDB source has a verification comment; no direct ATT field mapped
96395,An Ancient Grudge,16919,detail.questie.provenance.specialFlags,null,"""QuestieDB""",specialFlags,QuestieDB,9d39232dab48e35811a7cc02473c2f4e42b62ab6,,QuestieDB source has a verification comment; no direct ATT field mapped
96395,An Ancient Grudge,16919,detail.questie.provenance.startedBy,null,"""QuestieDB""",startedBy,QuestieDB,9d39232dab48e35811a7cc02473c2f4e42b62ab6,qg/provider; coord,QuestieDB source has a verification comment
96395,An Ancient Grudge,16919,detail.questie.provenance.zoneOrSort,null,"""QuestieDB""",zoneOrSort,QuestieDB,9d39232dab48e35811a7cc02473c2f4e42b62ab6,,QuestieDB source has a verification comment; no direct ATT field mapped
96395,An Ancient Grudge,16919,detail.races,[],"[1,3,4,7,95]",requiredRaces,QuestieDB,9d39232dab48e35811a7cc02473c2f4e42b62ab6,races,QuestieDB source has a verification comment; conflicts with existing value
96395,An Ancient Grudge,16919,index.faction,null,"""Alliance""",requiredRaces,QuestieDB,9d39232dab48e35811a7cc02473c2f4e42b62ab6,races,QuestieDB source has a verification comment
96395,An Ancient Grudge,16919,index.questLevel,null,15,questLevel,QuestieDB,9d39232dab48e35811a7cc02473c2f4e42b62ab6,,QuestieDB source has a verification comment; no direct ATT field mapped
96395,An Ancient Grudge,16919,index.questieCommit,null,"""9d39232dab48e35811a7cc02473c2f4e42b62ab6""",commit,QuestieDB,9d39232dab48e35811a7cc02473c2f4e42b62ab6,,QuestieDB source has a verification comment; no direct ATT field mapped
96395,An Ancient Grudge,16919,index.races,[],"[1,3,4,7,95]",requiredRaces,QuestieDB,9d39232dab48e35811a7cc02473c2f4e42b62ab6,races,QuestieDB source has a verification comment; conflicts with existing value
96403,Important Heirlooms,16919,detail.questie.commit,"""cac1eff815923f896d082764d023cf812454a023""","""9d39232dab48e35811a7cc02473c2f4e42b62ab6""",commit,QuestieDB,9d39232dab48e35811a7cc02473c2f4e42b62ab6,,no direct ATT field mapped
96403,Important Heirlooms,16919,detail.questie.fields.objectives,[],"{""3"":[{""1"":274289,""3"":0}]}",objectives,QuestieDB,9d39232dab48e35811a7cc02473c2f4e42b62ab6,,no direct ATT field mapped
96403,Important Heirlooms,16919,index.questieCommit,"""cac1eff815923f896d082764d023cf812454a023""","""9d39232dab48e35811a7cc02473c2f4e42b62ab6""",commit,QuestieDB,9d39232dab48e35811a7cc02473c2f4e42b62ab6,,conflicts with existing value; no direct ATT field mapped
96408,A Visitor to Dun Morogh,1,detail.questie.commit,"""cac1eff815923f896d082764d023cf812454a023""","""9d39232dab48e35811a7cc02473c2f4e42b62ab6""",commit,QuestieDB,9d39232dab48e35811a7cc02473c2f4e42b62ab6,,no direct ATT field mapped
96408,A Visitor to Dun Morogh,1,index.questieCommit,"""cac1eff815923f896d082764d023cf812454a023""","""9d39232dab48e35811a7cc02473c2f4e42b62ab6""",commit,QuestieDB,9d39232dab48e35811a7cc02473c2f4e42b62ab6,,conflicts with existing value; no direct ATT field mapped
96604,The Great Outdoors,-666,detail.questie.commit,"""cac1eff815923f896d082764d023cf812454a023""","""9d39232dab48e35811a7cc02473c2f4e42b62ab6""",commit,QuestieDB,9d39232dab48e35811a7cc02473c2f4e42b62ab6,,no direct ATT field mapped
96604,The Great Outdoors,-666,index.questieCommit,"""cac1eff815923f896d082764d023cf812454a023""","""9d39232dab48e35811a7cc02473c2f4e42b62ab6""",commit,QuestieDB,9d39232dab48e35811a7cc02473c2f4e42b62ab6,,conflicts with existing value; no direct ATT field mapped
96605,The Great Outdoors,-666,detail.questie.commit,"""cac1eff815923f896d082764d023cf812454a023""","""9d39232dab48e35811a7cc02473c2f4e42b62ab6""",commit,QuestieDB,9d39232dab48e35811a7cc02473c2f4e42b62ab6,,no direct ATT field mapped
96605,The Great Outdoors,-666,index.questieCommit,"""cac1eff815923f896d082764d023cf812454a023""","""9d39232dab48e35811a7cc02473c2f4e42b62ab6""",commit,QuestieDB,9d39232dab48e35811a7cc02473c2f4e42b62ab6,,conflicts with existing value; no direct ATT field mapped
96606,The Great Outdoors,-666,detail.questie.commit,"""cac1eff815923f896d082764d023cf812454a023""","""9d39232dab48e35811a7cc02473c2f4e42b62ab6""",commit,QuestieDB,9d39232dab48e35811a7cc02473c2f4e42b62ab6,,no direct ATT field mapped
96606,The Great Outdoors,-666,index.questieCommit,"""cac1eff815923f896d082764d023cf812454a023""","""9d39232dab48e35811a7cc02473c2f4e42b62ab6""",commit,QuestieDB,9d39232dab48e35811a7cc02473c2f4e42b62ab6,,conflicts with existing value; no direct ATT field mapped
96607,The Great Outdoors,-666,detail.questie.commit,"""cac1eff815923f896d082764d023cf812454a023""","""9d39232dab48e35811a7cc02473c2f4e42b62ab6""",commit,QuestieDB,9d39232dab48e35811a7cc02473c2f4e42b62ab6,,no direct ATT field mapped
96607,The Great Outdoors,-666,index.questieCommit,"""cac1eff815923f896d082764d023cf812454a023""","""9d39232dab48e35811a7cc02473c2f4e42b62ab6""",commit,QuestieDB,9d39232dab48e35811a7cc02473c2f4e42b62ab6,,conflicts with existing value; no direct ATT field mapped
96608,The Great Outdoors,-666,detail.questie.commit,"""cac1eff815923f896d082764d023cf812454a023""","""9d39232dab48e35811a7cc02473c2f4e42b62ab6""",commit,QuestieDB,9d39232dab48e35811a7cc02473c2f4e42b62ab6,,no direct ATT field mapped
96608,The Great Outdoors,-666,index.questieCommit,"""cac1eff815923f896d082764d023cf812454a023""","""9d39232dab48e35811a7cc02473c2f4e42b62ab6""",commit,QuestieDB,9d39232dab48e35811a7cc02473c2f4e42b62ab6,,conflicts with existing value; no direct ATT field mapped
96626,Camping 101: Cooking,-666,detail.questie.commit,"""cac1eff815923f896d082764d023cf812454a023""","""9d39232dab48e35811a7cc02473c2f4e42b62ab6""",commit,QuestieDB,9d39232dab48e35811a7cc02473c2f4e42b62ab6,,no direct ATT field mapped
96626,Camping 101: Cooking,-666,index.questieCommit,"""cac1eff815923f896d082764d023cf812454a023""","""9d39232dab48e35811a7cc02473c2f4e42b62ab6""",commit,QuestieDB,9d39232dab48e35811a7cc02473c2f4e42b62ab6,,conflicts with existing value; no direct ATT field mapped
96627,The Adventurer,-666,detail.questie.commit,"""cac1eff815923f896d082764d023cf812454a023""","""9d39232dab48e35811a7cc02473c2f4e42b62ab6""",commit,QuestieDB,9d39232dab48e35811a7cc02473c2f4e42b62ab6,,no direct ATT field mapped
96627,The Adventurer,-666,index.questieCommit,"""cac1eff815923f896d082764d023cf812454a023""","""9d39232dab48e35811a7cc02473c2f4e42b62ab6""",commit,QuestieDB,9d39232dab48e35811a7cc02473c2f4e42b62ab6,,conflicts with existing value; no direct ATT field mapped
96628,The Adventurer,-666,detail.questie.commit,"""cac1eff815923f896d082764d023cf812454a023""","""9d39232dab48e35811a7cc02473c2f4e42b62ab6""",commit,QuestieDB,9d39232dab48e35811a7cc02473c2f4e42b62ab6,,no direct ATT field mapped
96628,The Adventurer,-666,detail.questie.fields.sourceItemId,0,275019,sourceItemId,QuestieDB,9d39232dab48e35811a7cc02473c2f4e42b62ab6,,no direct ATT field mapped
96628,The Adventurer,-666,index.questieCommit,"""cac1eff815923f896d082764d023cf812454a023""","""9d39232dab48e35811a7cc02473c2f4e42b62ab6""",commit,QuestieDB,9d39232dab48e35811a7cc02473c2f4e42b62ab6,,conflicts with existing value; no direct ATT field mapped
96629,Camping 101: Cooking,-666,detail.questie.commit,"""cac1eff815923f896d082764d023cf812454a023""","""9d39232dab48e35811a7cc02473c2f4e42b62ab6""",commit,QuestieDB,9d39232dab48e35811a7cc02473c2f4e42b62ab6,,no direct ATT field mapped
96629,Camping 101: Cooking,-666,index.questieCommit,"""cac1eff815923f896d082764d023cf812454a023""","""9d39232dab48e35811a7cc02473c2f4e42b62ab6""",commit,QuestieDB,9d39232dab48e35811a7cc02473c2f4e42b62ab6,,conflicts with existing value; no direct ATT field mapped
96630,The Adventurer,-666,detail.questie.commit,"""cac1eff815923f896d082764d023cf812454a023""","""9d39232dab48e35811a7cc02473c2f4e42b62ab6""",commit,QuestieDB,9d39232dab48e35811a7cc02473c2f4e42b62ab6,,no direct ATT field mapped
96630,The Adventurer,-666,detail.questie.fields.sourceItemId,0,275022,sourceItemId,QuestieDB,9d39232dab48e35811a7cc02473c2f4e42b62ab6,,no direct ATT field mapped
96630,The Adventurer,-666,index.questieCommit,"""cac1eff815923f896d082764d023cf812454a023""","""9d39232dab48e35811a7cc02473c2f4e42b62ab6""",commit,QuestieDB,9d39232dab48e35811a7cc02473c2f4e42b62ab6,,conflicts with existing value; no direct ATT field mapped
96634,Camping 101: Cooking,-666,detail.questie.commit,"""cac1eff815923f896d082764d023cf812454a023""","""9d39232dab48e35811a7cc02473c2f4e42b62ab6""",commit,QuestieDB,9d39232dab48e35811a7cc02473c2f4e42b62ab6,,no direct ATT field mapped
96634,Camping 101: Cooking,-666,index.questieCommit,"""cac1eff815923f896d082764d023cf812454a023""","""9d39232dab48e35811a7cc02473c2f4e42b62ab6""",commit,QuestieDB,9d39232dab48e35811a7cc02473c2f4e42b62ab6,,conflicts with existing value; no direct ATT field mapped
96638,The Adventurer,-666,detail.questie.commit,"""cac1eff815923f896d082764d023cf812454a023""","""9d39232dab48e35811a7cc02473c2f4e42b62ab6""",commit,QuestieDB,9d39232dab48e35811a7cc02473c2f4e42b62ab6,,no direct ATT field mapped
96638,The Adventurer,-666,index.questieCommit,"""cac1eff815923f896d082764d023cf812454a023""","""9d39232dab48e35811a7cc02473c2f4e42b62ab6""",commit,QuestieDB,9d39232dab48e35811a7cc02473c2f4e42b62ab6,,conflicts with existing value; no direct ATT field mapped
96646,Camping 101: Cooking,-666,detail.questie.commit,"""cac1eff815923f896d082764d023cf812454a023""","""9d39232dab48e35811a7cc02473c2f4e42b62ab6""",commit,QuestieDB,9d39232dab48e35811a7cc02473c2f4e42b62ab6,,no direct ATT field mapped
96646,Camping 101: Cooking,-666,index.questieCommit,"""cac1eff815923f896d082764d023cf812454a023""","""9d39232dab48e35811a7cc02473c2f4e42b62ab6""",commit,QuestieDB,9d39232dab48e35811a7cc02473c2f4e42b62ab6,,conflicts with existing value; no direct ATT field mapped
96652,The Adventurer,-666,detail.questie.commit,"""cac1eff815923f896d082764d023cf812454a023""","""9d39232dab48e35811a7cc02473c2f4e42b62ab6""",commit,QuestieDB,9d39232dab48e35811a7cc02473c2f4e42b62ab6,,no direct ATT field mapped
96652,The Adventurer,-666,detail.questie.fields.sourceItemId,0,275022,sourceItemId,QuestieDB,9d39232dab48e35811a7cc02473c2f4e42b62ab6,,no direct ATT field mapped
96652,The Adventurer,-666,index.questieCommit,"""cac1eff815923f896d082764d023cf812454a023""","""9d39232dab48e35811a7cc02473c2f4e42b62ab6""",commit,QuestieDB,9d39232dab48e35811a7cc02473c2f4e42b62ab6,,conflicts with existing value; no direct ATT field mapped
96655,Camping 101: Cooking,-666,detail.questie.commit,"""cac1eff815923f896d082764d023cf812454a023""","""9d39232dab48e35811a7cc02473c2f4e42b62ab6""",commit,QuestieDB,9d39232dab48e35811a7cc02473c2f4e42b62ab6,,no direct ATT field mapped
96655,Camping 101: Cooking,-666,detail.questie.fields.startedBy,[[265809]],"[[265809,3191]]",startedBy,QuestieDB,9d39232dab48e35811a7cc02473c2f4e42b62ab6,qg/provider; coord,
96655,Camping 101: Cooking,-666,detail.questie.starters,"[{""id"":265809,""name"":""Brakk"",""spawns"":{""14"":[[52.03,47.41],[52.06,47.24],[52.09,47.33]]},""type"":""npc""}]","[{""id"":3191,""type"":""npc""},{""id"":265809,""name"":""Brakk"",""spawns"":{""14"":[[52.03,47.41],[52.06,47.24],[52.09,47.33]]},""type"":""npc""}]",starters,QuestieDB,9d39232dab48e35811a7cc02473c2f4e42b62ab6,qg/provider; coord,
96655,Camping 101: Cooking,-666,index.questieCommit,"""cac1eff815923f896d082764d023cf812454a023""","""9d39232dab48e35811a7cc02473c2f4e42b62ab6""",commit,QuestieDB,9d39232dab48e35811a7cc02473c2f4e42b62ab6,,conflicts with existing value; no direct ATT field mapped
96656,The Adventurer,-666,detail.questie.commit,"""cac1eff815923f896d082764d023cf812454a023""","""9d39232dab48e35811a7cc02473c2f4e42b62ab6""",commit,QuestieDB,9d39232dab48e35811a7cc02473c2f4e42b62ab6,,no direct ATT field mapped
96656,The Adventurer,-666,index.questieCommit,"""cac1eff815923f896d082764d023cf812454a023""","""9d39232dab48e35811a7cc02473c2f4e42b62ab6""",commit,QuestieDB,9d39232dab48e35811a7cc02473c2f4e42b62ab6,,conflicts with existing value; no direct ATT field mapped
96658,Camping 101: Cooking,-666,detail.questie.commit,"""cac1eff815923f896d082764d023cf812454a023""","""9d39232dab48e35811a7cc02473c2f4e42b62ab6""",commit,QuestieDB,9d39232dab48e35811a7cc02473c2f4e42b62ab6,,no direct ATT field mapped
96658,Camping 101: Cooking,-666,index.questieCommit,"""cac1eff815923f896d082764d023cf812454a023""","""9d39232dab48e35811a7cc02473c2f4e42b62ab6""",commit,QuestieDB,9d39232dab48e35811a7cc02473c2f4e42b62ab6,,conflicts with existing value; no direct ATT field mapped
96659,The Adventurer,-666,detail.questie.commit,"""cac1eff815923f896d082764d023cf812454a023""","""9d39232dab48e35811a7cc02473c2f4e42b62ab6""",commit,QuestieDB,9d39232dab48e35811a7cc02473c2f4e42b62ab6,,no direct ATT field mapped
96659,The Adventurer,-666,detail.questie.fields.sourceItemId,0,275019,sourceItemId,QuestieDB,9d39232dab48e35811a7cc02473c2f4e42b62ab6,,no direct ATT field mapped
96659,The Adventurer,-666,index.questieCommit,"""cac1eff815923f896d082764d023cf812454a023""","""9d39232dab48e35811a7cc02473c2f4e42b62ab6""",commit,QuestieDB,9d39232dab48e35811a7cc02473c2f4e42b62ab6,,conflicts with existing value; no direct ATT field mapped
96661,Camping 101: Cooking,-666,detail.questie.commit,"""cac1eff815923f896d082764d023cf812454a023""","""9d39232dab48e35811a7cc02473c2f4e42b62ab6""",commit,QuestieDB,9d39232dab48e35811a7cc02473c2f4e42b62ab6,,no direct ATT field mapped
96661,Camping 101: Cooking,-666,index.questieCommit,"""cac1eff815923f896d082764d023cf812454a023""","""9d39232dab48e35811a7cc02473c2f4e42b62ab6""",commit,QuestieDB,9d39232dab48e35811a7cc02473c2f4e42b62ab6,,conflicts with existing value; no direct ATT field mapped
96821,Legging It,14,detail.questie.commit,"""cac1eff815923f896d082764d023cf812454a023""","""9d39232dab48e35811a7cc02473c2f4e42b62ab6""",commit,QuestieDB,9d39232dab48e35811a7cc02473c2f4e42b62ab6,,no direct ATT field mapped
96821,Legging It,14,detail.questie.fields.objectives,[],"[[{""1"":266850,""3"":0},{""1"":266849,""3"":0}]]",objectives,QuestieDB,9d39232dab48e35811a7cc02473c2f4e42b62ab6,,no direct ATT field mapped
96821,Legging It,14,index.questieCommit,"""cac1eff815923f896d082764d023cf812454a023""","""9d39232dab48e35811a7cc02473c2f4e42b62ab6""",commit,QuestieDB,9d39232dab48e35811a7cc02473c2f4e42b62ab6,,conflicts with existing value; no direct ATT field mapped
96822,For Honor,14,detail.questie.commit,"""cac1eff815923f896d082764d023cf812454a023""","""9d39232dab48e35811a7cc02473c2f4e42b62ab6""",commit,QuestieDB,9d39232dab48e35811a7cc02473c2f4e42b62ab6,,no direct ATT field mapped
96822,For Honor,14,detail.questie.fields.objectives,[],"{""3"":[{""1"":275713,""3"":0},{""1"":275716,""3"":0},{""1"":275717,""3"":0}]}",objectives,QuestieDB,9d39232dab48e35811a7cc02473c2f4e42b62ab6,,no direct ATT field mapped
96822,For Honor,14,index.questieCommit,"""cac1eff815923f896d082764d023cf812454a023""","""9d39232dab48e35811a7cc02473c2f4e42b62ab6""",commit,QuestieDB,9d39232dab48e35811a7cc02473c2f4e42b62ab6,,conflicts with existing value; no direct ATT field mapped
96825,This Fruit Could Bite Back,14,detail.questie.commit,"""cac1eff815923f896d082764d023cf812454a023""","""9d39232dab48e35811a7cc02473c2f4e42b62ab6""",commit,QuestieDB,9d39232dab48e35811a7cc02473c2f4e42b62ab6,,no direct ATT field mapped
96825,This Fruit Could Bite Back,14,detail.questie.fields.objectives,[],"{""3"":[{""1"":275718,""3"":0}]}",objectives,QuestieDB,9d39232dab48e35811a7cc02473c2f4e42b62ab6,,no direct ATT field mapped
96825,This Fruit Could Bite Back,14,index.questieCommit,"""cac1eff815923f896d082764d023cf812454a023""","""9d39232dab48e35811a7cc02473c2f4e42b62ab6""",commit,QuestieDB,9d39232dab48e35811a7cc02473c2f4e42b62ab6,,conflicts with existing value; no direct ATT field mapped
96873,A Pain in the Neck,14,detail.questie.commit,"""cac1eff815923f896d082764d023cf812454a023""","""9d39232dab48e35811a7cc02473c2f4e42b62ab6""",commit,QuestieDB,9d39232dab48e35811a7cc02473c2f4e42b62ab6,,no direct ATT field mapped
96873,A Pain in the Neck,14,detail.questie.fields.objectives,[],"{""3"":[{""1"":247884,""3"":0}]}",objectives,QuestieDB,9d39232dab48e35811a7cc02473c2f4e42b62ab6,,no direct ATT field mapped
96873,A Pain in the Neck,14,index.questieCommit,"""cac1eff815923f896d082764d023cf812454a023""","""9d39232dab48e35811a7cc02473c2f4e42b62ab6""",commit,QuestieDB,9d39232dab48e35811a7cc02473c2f4e42b62ab6,,conflicts with existing value; no direct ATT field mapped
96874,This Is Spinal Axe,14,detail.questie.commit,"""cac1eff815923f896d082764d023cf812454a023""","""9d39232dab48e35811a7cc02473c2f4e42b62ab6""",commit,QuestieDB,9d39232dab48e35811a7cc02473c2f4e42b62ab6,,no direct ATT field mapped
96874,This Is Spinal Axe,14,detail.questie.fields.objectives,[],"{""3"":[{""1"":275719,""3"":0},{""1"":3470,""3"":0}]}",objectives,QuestieDB,9d39232dab48e35811a7cc02473c2f4e42b62ab6,,no direct ATT field mapped
96874,This Is Spinal Axe,14,index.questieCommit,"""cac1eff815923f896d082764d023cf812454a023""","""9d39232dab48e35811a7cc02473c2f4e42b62ab6""",commit,QuestieDB,9d39232dab48e35811a7cc02473c2f4e42b62ab6,,conflicts with existing value; no direct ATT field mapped
96875,Beasts of Thunder Ridge,14,detail.questie.commit,"""cac1eff815923f896d082764d023cf812454a023""","""9d39232dab48e35811a7cc02473c2f4e42b62ab6""",commit,QuestieDB,9d39232dab48e35811a7cc02473c2f4e42b62ab6,,no direct ATT field mapped
96875,Beasts of Thunder Ridge,14,detail.questie.fields.objectives,[],"{""3"":[{""1"":275720,""3"":0}]}",objectives,QuestieDB,9d39232dab48e35811a7cc02473c2f4e42b62ab6,,no direct ATT field mapped
96875,Beasts of Thunder Ridge,14,index.questieCommit,"""cac1eff815923f896d082764d023cf812454a023""","""9d39232dab48e35811a7cc02473c2f4e42b62ab6""",commit,QuestieDB,9d39232dab48e35811a7cc02473c2f4e42b62ab6,,conflicts with existing value; no direct ATT field mapped
96876,Ukor's Lost Pack,14,detail.questie.commit,"""cac1eff815923f896d082764d023cf812454a023""","""9d39232dab48e35811a7cc02473c2f4e42b62ab6""",commit,QuestieDB,9d39232dab48e35811a7cc02473c2f4e42b62ab6,,no direct ATT field mapped
96876,Ukor's Lost Pack,14,detail.questie.fields.sourceItemId,0,275722,sourceItemId,QuestieDB,9d39232dab48e35811a7cc02473c2f4e42b62ab6,,no direct ATT field mapped
96876,Ukor's Lost Pack,14,index.questieCommit,"""cac1eff815923f896d082764d023cf812454a023""","""9d39232dab48e35811a7cc02473c2f4e42b62ab6""",commit,QuestieDB,9d39232dab48e35811a7cc02473c2f4e42b62ab6,,conflicts with existing value; no direct ATT field mapped
96877,Halikor's Hoof,14,detail.questie.commit,"""cac1eff815923f896d082764d023cf812454a023""","""9d39232dab48e35811a7cc02473c2f4e42b62ab6""",commit,QuestieDB,9d39232dab48e35811a7cc02473c2f4e42b62ab6,,no direct ATT field mapped
96877,Halikor's Hoof,14,detail.questie.fields.sourceItemId,0,275723,sourceItemId,QuestieDB,9d39232dab48e35811a7cc02473c2f4e42b62ab6,,no direct ATT field mapped
96877,Halikor's Hoof,14,index.questieCommit,"""cac1eff815923f896d082764d023cf812454a023""","""9d39232dab48e35811a7cc02473c2f4e42b62ab6""",commit,QuestieDB,9d39232dab48e35811a7cc02473c2f4e42b62ab6,,conflicts with existing value; no direct ATT field mapped
96895,The Argent Emissary,85,detail.questie.commit,"""cac1eff815923f896d082764d023cf812454a023""","""9d39232dab48e35811a7cc02473c2f4e42b62ab6""",commit,QuestieDB,9d39232dab48e35811a7cc02473c2f4e42b62ab6,,no direct ATT field mapped
96895,The Argent Emissary,85,index.questieCommit,"""cac1eff815923f896d082764d023cf812454a023""","""9d39232dab48e35811a7cc02473c2f4e42b62ab6""",commit,QuestieDB,9d39232dab48e35811a7cc02473c2f4e42b62ab6,,conflicts with existing value; no direct ATT field mapped
96896,A Righteous Cause,85,detail.questie.commit,"""cac1eff815923f896d082764d023cf812454a023""","""9d39232dab48e35811a7cc02473c2f4e42b62ab6""",commit,QuestieDB,9d39232dab48e35811a7cc02473c2f4e42b62ab6,,no direct ATT field mapped
96896,A Righteous Cause,85,index.questieCommit,"""cac1eff815923f896d082764d023cf812454a023""","""9d39232dab48e35811a7cc02473c2f4e42b62ab6""",commit,QuestieDB,9d39232dab48e35811a7cc02473c2f4e42b62ab6,,conflicts with existing value; no direct ATT field mapped
96897,The Cult of the Damned,85,detail.questie.commit,"""cac1eff815923f896d082764d023cf812454a023""","""9d39232dab48e35811a7cc02473c2f4e42b62ab6""",commit,QuestieDB,9d39232dab48e35811a7cc02473c2f4e42b62ab6,,no direct ATT field mapped
96897,The Cult of the Damned,85,detail.questie.fields.objectives,[],"[[{""1"":267006,""3"":0},{""1"":275437,""3"":0},{""1"":1547,""3"":0}]]",objectives,QuestieDB,9d39232dab48e35811a7cc02473c2f4e42b62ab6,,no direct ATT field mapped
96897,The Cult of the Damned,85,index.questieCommit,"""cac1eff815923f896d082764d023cf812454a023""","""9d39232dab48e35811a7cc02473c2f4e42b62ab6""",commit,QuestieDB,9d39232dab48e35811a7cc02473c2f4e42b62ab6,,conflicts with existing value; no direct ATT field mapped
96898,Remnants of War,85,detail.questie.commit,"""cac1eff815923f896d082764d023cf812454a023""","""9d39232dab48e35811a7cc02473c2f4e42b62ab6""",commit,QuestieDB,9d39232dab48e35811a7cc02473c2f4e42b62ab6,,no direct ATT field mapped
96898,Remnants of War,85,detail.questie.fields.objectives,[],"{""3"":[{""1"":275851,""3"":0}]}",objectives,QuestieDB,9d39232dab48e35811a7cc02473c2f4e42b62ab6,,no direct ATT field mapped
96898,Remnants of War,85,index.questieCommit,"""cac1eff815923f896d082764d023cf812454a023""","""9d39232dab48e35811a7cc02473c2f4e42b62ab6""",commit,QuestieDB,9d39232dab48e35811a7cc02473c2f4e42b62ab6,,conflicts with existing value; no direct ATT field mapped
96899,Bandarion Keep,85,detail.questie.commit,"""cac1eff815923f896d082764d023cf812454a023""","""9d39232dab48e35811a7cc02473c2f4e42b62ab6""",commit,QuestieDB,9d39232dab48e35811a7cc02473c2f4e42b62ab6,,no direct ATT field mapped
96899,Bandarion Keep,85,index.questieCommit,"""cac1eff815923f896d082764d023cf812454a023""","""9d39232dab48e35811a7cc02473c2f4e42b62ab6""",commit,QuestieDB,9d39232dab48e35811a7cc02473c2f4e42b62ab6,,conflicts with existing value; no direct ATT field mapped
97003,Chol'aruk the Ravener,17,detail.questie.commit,"""cac1eff815923f896d082764d023cf812454a023""","""9d39232dab48e35811a7cc02473c2f4e42b62ab6""",commit,QuestieDB,9d39232dab48e35811a7cc02473c2f4e42b62ab6,,no direct ATT field mapped
97003,Chol'aruk the Ravener,17,detail.questie.fields.objectives,[],"{""3"":[{""1"":276070,""3"":0}]}",objectives,QuestieDB,9d39232dab48e35811a7cc02473c2f4e42b62ab6,,no direct ATT field mapped
97003,Chol'aruk the Ravener,17,index.questieCommit,"""cac1eff815923f896d082764d023cf812454a023""","""9d39232dab48e35811a7cc02473c2f4e42b62ab6""",commit,QuestieDB,9d39232dab48e35811a7cc02473c2f4e42b62ab6,,conflicts with existing value; no direct ATT field mapped
97005,Chol'aruk the Ravener,17,detail.questie.commit,"""cac1eff815923f896d082764d023cf812454a023""","""9d39232dab48e35811a7cc02473c2f4e42b62ab6""",commit,QuestieDB,9d39232dab48e35811a7cc02473c2f4e42b62ab6,,no direct ATT field mapped
97005,Chol'aruk the Ravener,17,detail.questie.fields.objectives,[],"{""3"":[{""1"":276070,""3"":0}]}",objectives,QuestieDB,9d39232dab48e35811a7cc02473c2f4e42b62ab6,,no direct ATT field mapped
97005,Chol'aruk the Ravener,17,index.questieCommit,"""cac1eff815923f896d082764d023cf812454a023""","""9d39232dab48e35811a7cc02473c2f4e42b62ab6""",commit,QuestieDB,9d39232dab48e35811a7cc02473c2f4e42b62ab6,,conflicts with existing value; no direct ATT field mapped
97220,Philmor's Favor,1519,detail.questie.commit,"""cac1eff815923f896d082764d023cf812454a023""","""9d39232dab48e35811a7cc02473c2f4e42b62ab6""",commit,QuestieDB,9d39232dab48e35811a7cc02473c2f4e42b62ab6,,no direct ATT field mapped
97220,Philmor's Favor,1519,detail.questie.fields.sourceItemId,0,277119,sourceItemId,QuestieDB,9d39232dab48e35811a7cc02473c2f4e42b62ab6,,no direct ATT field mapped
97220,Philmor's Favor,1519,index.questieCommit,"""cac1eff815923f896d082764d023cf812454a023""","""9d39232dab48e35811a7cc02473c2f4e42b62ab6""",commit,QuestieDB,9d39232dab48e35811a7cc02473c2f4e42b62ab6,,conflicts with existing value; no direct ATT field mapped
97222,Gatehouse Goods,1519,detail.questie.commit,"""cac1eff815923f896d082764d023cf812454a023""","""9d39232dab48e35811a7cc02473c2f4e42b62ab6""",commit,QuestieDB,9d39232dab48e35811a7cc02473c2f4e42b62ab6,,no direct ATT field mapped
97222,Gatehouse Goods,1519,detail.questie.fields.sourceItemId,0,277198,sourceItemId,QuestieDB,9d39232dab48e35811a7cc02473c2f4e42b62ab6,,no direct ATT field mapped
97222,Gatehouse Goods,1519,index.questieCommit,"""cac1eff815923f896d082764d023cf812454a023""","""9d39232dab48e35811a7cc02473c2f4e42b62ab6""",commit,QuestieDB,9d39232dab48e35811a7cc02473c2f4e42b62ab6,,conflicts with existing value; no direct ATT field mapped
97223,Bloodtalon Matriarch,14,detail.questie.commit,"""cac1eff815923f896d082764d023cf812454a023""","""9d39232dab48e35811a7cc02473c2f4e42b62ab6""",commit,QuestieDB,9d39232dab48e35811a7cc02473c2f4e42b62ab6,,no direct ATT field mapped
97223,Bloodtalon Matriarch,14,detail.questie.fields.objectives,[],"{""3"":[{""1"":277128,""3"":0}]}",objectives,QuestieDB,9d39232dab48e35811a7cc02473c2f4e42b62ab6,,no direct ATT field mapped
97223,Bloodtalon Matriarch,14,index.questieCommit,"""cac1eff815923f896d082764d023cf812454a023""","""9d39232dab48e35811a7cc02473c2f4e42b62ab6""",commit,QuestieDB,9d39232dab48e35811a7cc02473c2f4e42b62ab6,,conflicts with existing value; no direct ATT field mapped
97225,Forgotten Loa Idols,14,detail.questie.commit,"""cac1eff815923f896d082764d023cf812454a023""","""9d39232dab48e35811a7cc02473c2f4e42b62ab6""",commit,QuestieDB,9d39232dab48e35811a7cc02473c2f4e42b62ab6,,no direct ATT field mapped
97225,Forgotten Loa Idols,14,detail.questie.fields.objectives,[],"{""3"":[{""1"":277135,""3"":0}]}",objectives,QuestieDB,9d39232dab48e35811a7cc02473c2f4e42b62ab6,,no direct ATT field mapped
97225,Forgotten Loa Idols,14,index.questieCommit,"""cac1eff815923f896d082764d023cf812454a023""","""9d39232dab48e35811a7cc02473c2f4e42b62ab6""",commit,QuestieDB,9d39232dab48e35811a7cc02473c2f4e42b62ab6,,conflicts with existing value; no direct ATT field mapped
97234,Reading Room,1519,detail.questie.commit,"""cac1eff815923f896d082764d023cf812454a023""","""9d39232dab48e35811a7cc02473c2f4e42b62ab6""",commit,QuestieDB,9d39232dab48e35811a7cc02473c2f4e42b62ab6,,no direct ATT field mapped
97234,Reading Room,1519,detail.questie.fields.sourceItemId,0,277158,sourceItemId,QuestieDB,9d39232dab48e35811a7cc02473c2f4e42b62ab6,,no direct ATT field mapped
97234,Reading Room,1519,index.questieCommit,"""cac1eff815923f896d082764d023cf812454a023""","""9d39232dab48e35811a7cc02473c2f4e42b62ab6""",commit,QuestieDB,9d39232dab48e35811a7cc02473c2f4e42b62ab6,,conflicts with existing value; no direct ATT field mapped
97236,Fang of Githyiss,141,detail.questie.commit,"""cac1eff815923f896d082764d023cf812454a023""","""9d39232dab48e35811a7cc02473c2f4e42b62ab6""",commit,QuestieDB,9d39232dab48e35811a7cc02473c2f4e42b62ab6,,no direct ATT field mapped
97236,Fang of Githyiss,141,index.questieCommit,"""cac1eff815923f896d082764d023cf812454a023""","""9d39232dab48e35811a7cc02473c2f4e42b62ab6""",commit,QuestieDB,9d39232dab48e35811a7cc02473c2f4e42b62ab6,,conflicts with existing value; no direct ATT field mapped
97237,Shelf Picked,1519,detail.questie.commit,"""cac1eff815923f896d082764d023cf812454a023""","""9d39232dab48e35811a7cc02473c2f4e42b62ab6""",commit,QuestieDB,9d39232dab48e35811a7cc02473c2f4e42b62ab6,,no direct ATT field mapped
97237,Shelf Picked,1519,detail.questie.fields.objectives,[],"{""3"":[{""1"":277195,""3"":0},{""1"":277197,""3"":0},{""1"":277196,""3"":0},{""1"":277194,""3"":0}]}",objectives,QuestieDB,9d39232dab48e35811a7cc02473c2f4e42b62ab6,,no direct ATT field mapped
97237,Shelf Picked,1519,index.questieCommit,"""cac1eff815923f896d082764d023cf812454a023""","""9d39232dab48e35811a7cc02473c2f4e42b62ab6""",commit,QuestieDB,9d39232dab48e35811a7cc02473c2f4e42b62ab6,,conflicts with existing value; no direct ATT field mapped
97242,Yelmak's Medley,1637,detail.questie.commit,"""cac1eff815923f896d082764d023cf812454a023""","""9d39232dab48e35811a7cc02473c2f4e42b62ab6""",commit,QuestieDB,9d39232dab48e35811a7cc02473c2f4e42b62ab6,,no direct ATT field mapped
97242,Yelmak's Medley,1637,detail.questie.fields.objectives,[],"{""3"":[{""1"":277278,""3"":0},{""1"":277279,""3"":0}]}",objectives,QuestieDB,9d39232dab48e35811a7cc02473c2f4e42b62ab6,,no direct ATT field mapped
97242,Yelmak's Medley,1637,index.questieCommit,"""cac1eff815923f896d082764d023cf812454a023""","""9d39232dab48e35811a7cc02473c2f4e42b62ab6""",commit,QuestieDB,9d39232dab48e35811a7cc02473c2f4e42b62ab6,,conflicts with existing value; no direct ATT field mapped
97243,Call of Fire,-82,detail.questie.commit,"""cac1eff815923f896d082764d023cf812454a023""","""9d39232dab48e35811a7cc02473c2f4e42b62ab6""",commit,QuestieDB,9d39232dab48e35811a7cc02473c2f4e42b62ab6,,no direct ATT field mapped
97243,Call of Fire,-82,index.questieCommit,"""cac1eff815923f896d082764d023cf812454a023""","""9d39232dab48e35811a7cc02473c2f4e42b62ab6""",commit,QuestieDB,9d39232dab48e35811a7cc02473c2f4e42b62ab6,,conflicts with existing value; no direct ATT field mapped
97244,Call of Fire,-82,detail.questie.commit,"""cac1eff815923f896d082764d023cf812454a023""","""9d39232dab48e35811a7cc02473c2f4e42b62ab6""",commit,QuestieDB,9d39232dab48e35811a7cc02473c2f4e42b62ab6,,no direct ATT field mapped
97244,Call of Fire,-82,detail.questie.fields.objectives,[],"{""3"":[{""1"":277267,""3"":0}]}",objectives,QuestieDB,9d39232dab48e35811a7cc02473c2f4e42b62ab6,,no direct ATT field mapped
97244,Call of Fire,-82,index.questieCommit,"""cac1eff815923f896d082764d023cf812454a023""","""9d39232dab48e35811a7cc02473c2f4e42b62ab6""",commit,QuestieDB,9d39232dab48e35811a7cc02473c2f4e42b62ab6,,conflicts with existing value; no direct ATT field mapped
97245,Call of Fire,-82,detail.questie.commit,"""cac1eff815923f896d082764d023cf812454a023""","""9d39232dab48e35811a7cc02473c2f4e42b62ab6""",commit,QuestieDB,9d39232dab48e35811a7cc02473c2f4e42b62ab6,,no direct ATT field mapped
97245,Call of Fire,-82,detail.questie.fields.objectives,[],"{""3"":[{""1"":277269,""3"":0}]}",objectives,QuestieDB,9d39232dab48e35811a7cc02473c2f4e42b62ab6,,no direct ATT field mapped
97245,Call of Fire,-82,index.questieCommit,"""cac1eff815923f896d082764d023cf812454a023""","""9d39232dab48e35811a7cc02473c2f4e42b62ab6""",commit,QuestieDB,9d39232dab48e35811a7cc02473c2f4e42b62ab6,,conflicts with existing value; no direct ATT field mapped
97246,Meal Appeal,1637,detail.questie.commit,"""cac1eff815923f896d082764d023cf812454a023""","""9d39232dab48e35811a7cc02473c2f4e42b62ab6""",commit,QuestieDB,9d39232dab48e35811a7cc02473c2f4e42b62ab6,,no direct ATT field mapped
97246,Meal Appeal,1637,index.questieCommit,"""cac1eff815923f896d082764d023cf812454a023""","""9d39232dab48e35811a7cc02473c2f4e42b62ab6""",commit,QuestieDB,9d39232dab48e35811a7cc02473c2f4e42b62ab6,,conflicts with existing value; no direct ATT field mapped
97249,Favorite Food,1637,detail.questie.commit,"""cac1eff815923f896d082764d023cf812454a023""","""9d39232dab48e35811a7cc02473c2f4e42b62ab6""",commit,QuestieDB,9d39232dab48e35811a7cc02473c2f4e42b62ab6,,no direct ATT field mapped
97249,Favorite Food,1637,detail.questie.fields.sourceItemId,0,277284,sourceItemId,QuestieDB,9d39232dab48e35811a7cc02473c2f4e42b62ab6,,no direct ATT field mapped
97249,Favorite Food,1637,index.questieCommit,"""cac1eff815923f896d082764d023cf812454a023""","""9d39232dab48e35811a7cc02473c2f4e42b62ab6""",commit,QuestieDB,9d39232dab48e35811a7cc02473c2f4e42b62ab6,,conflicts with existing value; no direct ATT field mapped
97250,"Wrongly Blamed, Justly Corrected",17,detail.questie.commit,"""cac1eff815923f896d082764d023cf812454a023""","""9d39232dab48e35811a7cc02473c2f4e42b62ab6""",commit,QuestieDB,9d39232dab48e35811a7cc02473c2f4e42b62ab6,,no direct ATT field mapped
97250,"Wrongly Blamed, Justly Corrected",17,detail.questie.fields.objectives,[],"[[{""1"":268622,""3"":0},{""1"":268623,""3"":0}]]",objectives,QuestieDB,9d39232dab48e35811a7cc02473c2f4e42b62ab6,,no direct ATT field mapped
97250,"Wrongly Blamed, Justly Corrected",17,index.questieCommit,"""cac1eff815923f896d082764d023cf812454a023""","""9d39232dab48e35811a7cc02473c2f4e42b62ab6""",commit,QuestieDB,9d39232dab48e35811a7cc02473c2f4e42b62ab6,,conflicts with existing value; no direct ATT field mapped
97253,Parts and Pieces,17,detail.questie.commit,"""cac1eff815923f896d082764d023cf812454a023""","""9d39232dab48e35811a7cc02473c2f4e42b62ab6""",commit,QuestieDB,9d39232dab48e35811a7cc02473c2f4e42b62ab6,,no direct ATT field mapped
97253,Parts and Pieces,17,detail.questie.fields.objectives,[],"{""3"":[{""1"":277331,""3"":0}]}",objectives,QuestieDB,9d39232dab48e35811a7cc02473c2f4e42b62ab6,,no direct ATT field mapped
97253,Parts and Pieces,17,index.questieCommit,"""cac1eff815923f896d082764d023cf812454a023""","""9d39232dab48e35811a7cc02473c2f4e42b62ab6""",commit,QuestieDB,9d39232dab48e35811a7cc02473c2f4e42b62ab6,,conflicts with existing value; no direct ATT field mapped
97257,Call of Fire,-82,detail.questie.commit,"""cac1eff815923f896d082764d023cf812454a023""","""9d39232dab48e35811a7cc02473c2f4e42b62ab6""",commit,QuestieDB,9d39232dab48e35811a7cc02473c2f4e42b62ab6,,no direct ATT field mapped
97257,Call of Fire,-82,index.questieCommit,"""cac1eff815923f896d082764d023cf812454a023""","""9d39232dab48e35811a7cc02473c2f4e42b62ab6""",commit,QuestieDB,9d39232dab48e35811a7cc02473c2f4e42b62ab6,,conflicts with existing value; no direct ATT field mapped
97263,Your Package Has Arrived,1537,detail.questie.commit,"""cac1eff815923f896d082764d023cf812454a023""","""9d39232dab48e35811a7cc02473c2f4e42b62ab6""",commit,QuestieDB,9d39232dab48e35811a7cc02473c2f4e42b62ab6,,no direct ATT field mapped
97263,Your Package Has Arrived,1537,detail.questie.fields.sourceItemId,0,277505,sourceItemId,QuestieDB,9d39232dab48e35811a7cc02473c2f4e42b62ab6,,no direct ATT field mapped
97263,Your Package Has Arrived,1537,index.questieCommit,"""cac1eff815923f896d082764d023cf812454a023""","""9d39232dab48e35811a7cc02473c2f4e42b62ab6""",commit,QuestieDB,9d39232dab48e35811a7cc02473c2f4e42b62ab6,,conflicts with existing value; no direct ATT field mapped
97275,Whuut's the Rush,1637,detail.questie.commit,"""cac1eff815923f896d082764d023cf812454a023""","""9d39232dab48e35811a7cc02473c2f4e42b62ab6""",commit,QuestieDB,9d39232dab48e35811a7cc02473c2f4e42b62ab6,,no direct ATT field mapped
97275,Whuut's the Rush,1637,detail.questie.fields.sourceItemId,0,277566,sourceItemId,QuestieDB,9d39232dab48e35811a7cc02473c2f4e42b62ab6,,no direct ATT field mapped
97275,Whuut's the Rush,1637,index.questieCommit,"""cac1eff815923f896d082764d023cf812454a023""","""9d39232dab48e35811a7cc02473c2f4e42b62ab6""",commit,QuestieDB,9d39232dab48e35811a7cc02473c2f4e42b62ab6,,conflicts with existing value; no direct ATT field mapped
97277,Grund and Gozwin,77,detail.questie.commit,"""cac1eff815923f896d082764d023cf812454a023""","""9d39232dab48e35811a7cc02473c2f4e42b62ab6""",commit,QuestieDB,9d39232dab48e35811a7cc02473c2f4e42b62ab6,,no direct ATT field mapped
97277,Grund and Gozwin,77,detail.questie.fields.objectives,[],"{""1"":[{""1"":269075,""3"":0}],""3"":[{""1"":277976,""3"":0}]}",objectives,QuestieDB,9d39232dab48e35811a7cc02473c2f4e42b62ab6,,no direct ATT field mapped
97277,Grund and Gozwin,77,index.questieCommit,"""cac1eff815923f896d082764d023cf812454a023""","""9d39232dab48e35811a7cc02473c2f4e42b62ab6""",commit,QuestieDB,9d39232dab48e35811a7cc02473c2f4e42b62ab6,,conflicts with existing value; no direct ATT field mapped
97279,Wayward Weapons,14,detail.questie.commit,"""cac1eff815923f896d082764d023cf812454a023""","""9d39232dab48e35811a7cc02473c2f4e42b62ab6""",commit,QuestieDB,9d39232dab48e35811a7cc02473c2f4e42b62ab6,,no direct ATT field mapped
97279,Wayward Weapons,14,detail.questie.fields.objectives,[],"{""3"":[{""1"":277653,""3"":0}]}",objectives,QuestieDB,9d39232dab48e35811a7cc02473c2f4e42b62ab6,,no direct ATT field mapped
97279,Wayward Weapons,14,index.questieCommit,"""cac1eff815923f896d082764d023cf812454a023""","""9d39232dab48e35811a7cc02473c2f4e42b62ab6""",commit,QuestieDB,9d39232dab48e35811a7cc02473c2f4e42b62ab6,,conflicts with existing value; no direct ATT field mapped
97281,A Simmering Storm,14,detail.questie.commit,"""cac1eff815923f896d082764d023cf812454a023""","""9d39232dab48e35811a7cc02473c2f4e42b62ab6""",commit,QuestieDB,9d39232dab48e35811a7cc02473c2f4e42b62ab6,,no direct ATT field mapped
97281,A Simmering Storm,14,index.questieCommit,"""cac1eff815923f896d082764d023cf812454a023""","""9d39232dab48e35811a7cc02473c2f4e42b62ab6""",commit,QuestieDB,9d39232dab48e35811a7cc02473c2f4e42b62ab6,,conflicts with existing value; no direct ATT field mapped
97282,Stormy Potential,14,detail.questie.commit,"""cac1eff815923f896d082764d023cf812454a023""","""9d39232dab48e35811a7cc02473c2f4e42b62ab6""",commit,QuestieDB,9d39232dab48e35811a7cc02473c2f4e42b62ab6,,no direct ATT field mapped
97282,Stormy Potential,14,detail.questie.fields.objectives,[],"{""3"":[{""1"":277665,""3"":0}]}",objectives,QuestieDB,9d39232dab48e35811a7cc02473c2f4e42b62ab6,,no direct ATT field mapped
97282,Stormy Potential,14,index.questieCommit,"""cac1eff815923f896d082764d023cf812454a023""","""9d39232dab48e35811a7cc02473c2f4e42b62ab6""",commit,QuestieDB,9d39232dab48e35811a7cc02473c2f4e42b62ab6,,conflicts with existing value; no direct ATT field mapped
97286,Research Access,-161,detail.questie.commit,"""cac1eff815923f896d082764d023cf812454a023""","""9d39232dab48e35811a7cc02473c2f4e42b62ab6""",commit,QuestieDB,9d39232dab48e35811a7cc02473c2f4e42b62ab6,,no direct ATT field mapped
97286,Research Access,-161,detail.questie.finishers,"[{""id"":211022,""name"":""Owen Thadd"",""spawns"":{""1497"":[[73.4,33],[73.6,33],[74,32.4]]},""type"":""npc""},{""id"":211033,""name"":""Garion Wendell"",""type"":""npc""}]","[{""id"":211022,""name"":""Owen Thadd"",""spawns"":{""1497"":[[73.59,32.92],[73.66,33.22],[73.67,32.9],[73.67,32.96],[73.68,33.03],[73.68,33.09],[73.79,33.18]]},""type"":""npc""},{""id"":211033,""name"":""Garion Wendell"",""spawns"":{""1519"":[[48.93,86.45],[49,86.44],[49.02,86.52],[49.02,86.59],[49.13,86.42],[49.25,86.25]]},""type"":""npc""}]",finishers,QuestieDB,9d39232dab48e35811a7cc02473c2f4e42b62ab6,,no direct ATT field mapped
97286,Research Access,-161,detail.questie.starters,"[{""id"":211033,""name"":""Garion Wendell"",""type"":""npc""}]","[{""id"":211033,""name"":""Garion Wendell"",""spawns"":{""1519"":[[48.93,86.45],[49,86.44],[49.02,86.52],[49.02,86.59],[49.13,86.42],[49.25,86.25]]},""type"":""npc""}]",starters,QuestieDB,9d39232dab48e35811a7cc02473c2f4e42b62ab6,qg/provider; coord,
97286,Research Access,-161,index.questieCommit,"""cac1eff815923f896d082764d023cf812454a023""","""9d39232dab48e35811a7cc02473c2f4e42b62ab6""",commit,QuestieDB,9d39232dab48e35811a7cc02473c2f4e42b62ab6,,conflicts with existing value; no direct ATT field mapped
97288,Unending Torment,16611,detail.questie.commit,"""cac1eff815923f896d082764d023cf812454a023""","""9d39232dab48e35811a7cc02473c2f4e42b62ab6""",commit,QuestieDB,9d39232dab48e35811a7cc02473c2f4e42b62ab6,,no direct ATT field mapped
97288,Unending Torment,16611,detail.questie.fields.sourceItemId,0,280438,sourceItemId,QuestieDB,9d39232dab48e35811a7cc02473c2f4e42b62ab6,,no direct ATT field mapped
97288,Unending Torment,16611,index.questieCommit,"""cac1eff815923f896d082764d023cf812454a023""","""9d39232dab48e35811a7cc02473c2f4e42b62ab6""",commit,QuestieDB,9d39232dab48e35811a7cc02473c2f4e42b62ab6,,conflicts with existing value; no direct ATT field mapped
97289,Unending Torment,16611,detail.questie.commit,"""cac1eff815923f896d082764d023cf812454a023""","""9d39232dab48e35811a7cc02473c2f4e42b62ab6""",commit,QuestieDB,9d39232dab48e35811a7cc02473c2f4e42b62ab6,,no direct ATT field mapped
97289,Unending Torment,16611,detail.questie.fields.sourceItemId,0,268518,sourceItemId,QuestieDB,9d39232dab48e35811a7cc02473c2f4e42b62ab6,,no direct ATT field mapped
97289,Unending Torment,16611,index.questieCommit,"""cac1eff815923f896d082764d023cf812454a023""","""9d39232dab48e35811a7cc02473c2f4e42b62ab6""",commit,QuestieDB,9d39232dab48e35811a7cc02473c2f4e42b62ab6,,conflicts with existing value; no direct ATT field mapped
97290,Unending Torment,1497,detail.questie.commit,"""cac1eff815923f896d082764d023cf812454a023""","""9d39232dab48e35811a7cc02473c2f4e42b62ab6""",commit,QuestieDB,9d39232dab48e35811a7cc02473c2f4e42b62ab6,,no direct ATT field mapped
97290,Unending Torment,1497,index.questieCommit,"""cac1eff815923f896d082764d023cf812454a023""","""9d39232dab48e35811a7cc02473c2f4e42b62ab6""",commit,QuestieDB,9d39232dab48e35811a7cc02473c2f4e42b62ab6,,conflicts with existing value; no direct ATT field mapped
97291,Unending Torment,16611,detail.questie.commit,"""cac1eff815923f896d082764d023cf812454a023""","""9d39232dab48e35811a7cc02473c2f4e42b62ab6""",commit,QuestieDB,9d39232dab48e35811a7cc02473c2f4e42b62ab6,,no direct ATT field mapped
97291,Unending Torment,16611,detail.questie.fields.objectives,[],"{""3"":[{""1"":281246,""3"":0},{""1"":281300,""3"":0},{""1"":8923,""3"":0}]}",objectives,QuestieDB,9d39232dab48e35811a7cc02473c2f4e42b62ab6,,no direct ATT field mapped
97291,Unending Torment,16611,index.questieCommit,"""cac1eff815923f896d082764d023cf812454a023""","""9d39232dab48e35811a7cc02473c2f4e42b62ab6""",commit,QuestieDB,9d39232dab48e35811a7cc02473c2f4e42b62ab6,,conflicts with existing value; no direct ATT field mapped
97292,Unending Torment,16611,detail.questie.commit,"""cac1eff815923f896d082764d023cf812454a023""","""9d39232dab48e35811a7cc02473c2f4e42b62ab6""",commit,QuestieDB,9d39232dab48e35811a7cc02473c2f4e42b62ab6,,no direct ATT field mapped
97292,Unending Torment,16611,detail.questie.fields.sourceItemId,0,281327,sourceItemId,QuestieDB,9d39232dab48e35811a7cc02473c2f4e42b62ab6,,no direct ATT field mapped
97292,Unending Torment,16611,index.questieCommit,"""cac1eff815923f896d082764d023cf812454a023""","""9d39232dab48e35811a7cc02473c2f4e42b62ab6""",commit,QuestieDB,9d39232dab48e35811a7cc02473c2f4e42b62ab6,,conflicts with existing value; no direct ATT field mapped
97326,Rocks to Rests,1637,detail.questie.commit,"""cac1eff815923f896d082764d023cf812454a023""","""9d39232dab48e35811a7cc02473c2f4e42b62ab6""",commit,QuestieDB,9d39232dab48e35811a7cc02473c2f4e42b62ab6,,no direct ATT field mapped
97326,Rocks to Rests,1637,detail.questie.fields.objectives,[],"{""3"":[{""1"":277952,""3"":0}]}",objectives,QuestieDB,9d39232dab48e35811a7cc02473c2f4e42b62ab6,,no direct ATT field mapped
97326,Rocks to Rests,1637,index.questieCommit,"""cac1eff815923f896d082764d023cf812454a023""","""9d39232dab48e35811a7cc02473c2f4e42b62ab6""",commit,QuestieDB,9d39232dab48e35811a7cc02473c2f4e42b62ab6,,conflicts with existing value; no direct ATT field mapped
97485,Traditions of the Bluff,1638,detail.questie.commit,"""cac1eff815923f896d082764d023cf812454a023""","""9d39232dab48e35811a7cc02473c2f4e42b62ab6""",commit,QuestieDB,9d39232dab48e35811a7cc02473c2f4e42b62ab6,,no direct ATT field mapped
97485,Traditions of the Bluff,1638,index.questieCommit,"""cac1eff815923f896d082764d023cf812454a023""","""9d39232dab48e35811a7cc02473c2f4e42b62ab6""",commit,QuestieDB,9d39232dab48e35811a7cc02473c2f4e42b62ab6,,conflicts with existing value; no direct ATT field mapped
97538,Pigments for Paints,406,detail.questie.commit,"""cac1eff815923f896d082764d023cf812454a023""","""9d39232dab48e35811a7cc02473c2f4e42b62ab6""",commit,QuestieDB,9d39232dab48e35811a7cc02473c2f4e42b62ab6,,no direct ATT field mapped
97538,Pigments for Paints,406,detail.questie.fields.objectives,[],"{""3"":[{""1"":278201,""3"":0}]}",objectives,QuestieDB,9d39232dab48e35811a7cc02473c2f4e42b62ab6,,no direct ATT field mapped
97538,Pigments for Paints,406,index.questieCommit,"""cac1eff815923f896d082764d023cf812454a023""","""9d39232dab48e35811a7cc02473c2f4e42b62ab6""",commit,QuestieDB,9d39232dab48e35811a7cc02473c2f4e42b62ab6,,conflicts with existing value; no direct ATT field mapped
97558,Hides for the Forsaken,85,detail.questie.commit,"""cac1eff815923f896d082764d023cf812454a023""","""9d39232dab48e35811a7cc02473c2f4e42b62ab6""",commit,QuestieDB,9d39232dab48e35811a7cc02473c2f4e42b62ab6,,no direct ATT field mapped
97558,Hides for the Forsaken,85,detail.questie.fields.objectives,[],"{""3"":[{""1"":278242,""3"":0},{""1"":278244,""3"":0},{""1"":278243,""3"":0}]}",objectives,QuestieDB,9d39232dab48e35811a7cc02473c2f4e42b62ab6,,no direct ATT field mapped
97558,Hides for the Forsaken,85,index.questieCommit,"""cac1eff815923f896d082764d023cf812454a023""","""9d39232dab48e35811a7cc02473c2f4e42b62ab6""",commit,QuestieDB,9d39232dab48e35811a7cc02473c2f4e42b62ab6,,conflicts with existing value; no direct ATT field mapped
97583,WRIGGLE.,-284,detail.questie.commit,"""cac1eff815923f896d082764d023cf812454a023""","""9d39232dab48e35811a7cc02473c2f4e42b62ab6""",commit,QuestieDB,9d39232dab48e35811a7cc02473c2f4e42b62ab6,,no direct ATT field mapped
97583,WRIGGLE.,-284,detail.questie.fields.objectives,[],"{""3"":[{""1"":278265,""3"":0}]}",objectives,QuestieDB,9d39232dab48e35811a7cc02473c2f4e42b62ab6,,no direct ATT field mapped
97583,WRIGGLE.,-284,index.questieCommit,"""cac1eff815923f896d082764d023cf812454a023""","""9d39232dab48e35811a7cc02473c2f4e42b62ab6""",commit,QuestieDB,9d39232dab48e35811a7cc02473c2f4e42b62ab6,,conflicts with existing value; no direct ATT field mapped
97891,Prompt Potion Runner,1497,detail.questie.commit,"""cac1eff815923f896d082764d023cf812454a023""","""9d39232dab48e35811a7cc02473c2f4e42b62ab6""",commit,QuestieDB,9d39232dab48e35811a7cc02473c2f4e42b62ab6,,no direct ATT field mapped
97891,Prompt Potion Runner,1497,detail.questie.fields.sourceItemId,0,279020,sourceItemId,QuestieDB,9d39232dab48e35811a7cc02473c2f4e42b62ab6,,no direct ATT field mapped
97891,Prompt Potion Runner,1497,index.questieCommit,"""cac1eff815923f896d082764d023cf812454a023""","""9d39232dab48e35811a7cc02473c2f4e42b62ab6""",commit,QuestieDB,9d39232dab48e35811a7cc02473c2f4e42b62ab6,,conflicts with existing value; no direct ATT field mapped
97894,Business in Auberdine,148,detail.questie.commit,"""cac1eff815923f896d082764d023cf812454a023""","""9d39232dab48e35811a7cc02473c2f4e42b62ab6""",commit,QuestieDB,9d39232dab48e35811a7cc02473c2f4e42b62ab6,,no direct ATT field mapped
97894,Business in Auberdine,148,detail.questie.fields.breadcrumbForQuestId,0,982,breadcrumbForQuestId,QuestieDB,9d39232dab48e35811a7cc02473c2f4e42b62ab6,,no direct ATT field mapped
97894,Business in Auberdine,148,detail.questie.fields.nextQuestInChain,0,982,nextQuestInChain,QuestieDB,9d39232dab48e35811a7cc02473c2f4e42b62ab6,sourceQuest on successor,
97894,Business in Auberdine,148,detail.requirements.breadcrumbForQuestId,null,982,breadcrumbForQuestId,QuestieDB,9d39232dab48e35811a7cc02473c2f4e42b62ab6,,no direct ATT field mapped
97894,Business in Auberdine,148,detail.requirements.nextQuestInChain,null,982,nextQuestInChain,QuestieDB,9d39232dab48e35811a7cc02473c2f4e42b62ab6,sourceQuest on successor,
97894,Business in Auberdine,148,index.questieCommit,"""cac1eff815923f896d082764d023cf812454a023""","""9d39232dab48e35811a7cc02473c2f4e42b62ab6""",commit,QuestieDB,9d39232dab48e35811a7cc02473c2f4e42b62ab6,,conflicts with existing value; no direct ATT field mapped
97899,Camping 101: Alchemy,-666,detail.questie.commit,"""cac1eff815923f896d082764d023cf812454a023""","""9d39232dab48e35811a7cc02473c2f4e42b62ab6""",commit,QuestieDB,9d39232dab48e35811a7cc02473c2f4e42b62ab6,,no direct ATT field mapped
97899,Camping 101: Alchemy,-666,index.questieCommit,"""cac1eff815923f896d082764d023cf812454a023""","""9d39232dab48e35811a7cc02473c2f4e42b62ab6""",commit,QuestieDB,9d39232dab48e35811a7cc02473c2f4e42b62ab6,,conflicts with existing value; no direct ATT field mapped
97900,Camping 101: Blacksmithing,-666,detail.questie.commit,"""cac1eff815923f896d082764d023cf812454a023""","""9d39232dab48e35811a7cc02473c2f4e42b62ab6""",commit,QuestieDB,9d39232dab48e35811a7cc02473c2f4e42b62ab6,,no direct ATT field mapped
97900,Camping 101: Blacksmithing,-666,index.questieCommit,"""cac1eff815923f896d082764d023cf812454a023""","""9d39232dab48e35811a7cc02473c2f4e42b62ab6""",commit,QuestieDB,9d39232dab48e35811a7cc02473c2f4e42b62ab6,,conflicts with existing value; no direct ATT field mapped
97901,Camping 101: Enchanting,-666,detail.questie.commit,"""cac1eff815923f896d082764d023cf812454a023""","""9d39232dab48e35811a7cc02473c2f4e42b62ab6""",commit,QuestieDB,9d39232dab48e35811a7cc02473c2f4e42b62ab6,,no direct ATT field mapped
97901,Camping 101: Enchanting,-666,index.questieCommit,"""cac1eff815923f896d082764d023cf812454a023""","""9d39232dab48e35811a7cc02473c2f4e42b62ab6""",commit,QuestieDB,9d39232dab48e35811a7cc02473c2f4e42b62ab6,,conflicts with existing value; no direct ATT field mapped
97902,Camping 101: Engineering,-666,detail.questie.commit,"""cac1eff815923f896d082764d023cf812454a023""","""9d39232dab48e35811a7cc02473c2f4e42b62ab6""",commit,QuestieDB,9d39232dab48e35811a7cc02473c2f4e42b62ab6,,no direct ATT field mapped
97902,Camping 101: Engineering,-666,index.questieCommit,"""cac1eff815923f896d082764d023cf812454a023""","""9d39232dab48e35811a7cc02473c2f4e42b62ab6""",commit,QuestieDB,9d39232dab48e35811a7cc02473c2f4e42b62ab6,,conflicts with existing value; no direct ATT field mapped
97903,Camping 101: First Aid,-666,detail.questie.commit,"""cac1eff815923f896d082764d023cf812454a023""","""9d39232dab48e35811a7cc02473c2f4e42b62ab6""",commit,QuestieDB,9d39232dab48e35811a7cc02473c2f4e42b62ab6,,no direct ATT field mapped
97903,Camping 101: First Aid,-666,index.questieCommit,"""cac1eff815923f896d082764d023cf812454a023""","""9d39232dab48e35811a7cc02473c2f4e42b62ab6""",commit,QuestieDB,9d39232dab48e35811a7cc02473c2f4e42b62ab6,,conflicts with existing value; no direct ATT field mapped
97904,Camping 101: Fishing,-666,detail.questie.commit,"""cac1eff815923f896d082764d023cf812454a023""","""9d39232dab48e35811a7cc02473c2f4e42b62ab6""",commit,QuestieDB,9d39232dab48e35811a7cc02473c2f4e42b62ab6,,no direct ATT field mapped
97904,Camping 101: Fishing,-666,index.questieCommit,"""cac1eff815923f896d082764d023cf812454a023""","""9d39232dab48e35811a7cc02473c2f4e42b62ab6""",commit,QuestieDB,9d39232dab48e35811a7cc02473c2f4e42b62ab6,,conflicts with existing value; no direct ATT field mapped
97905,Camping 101: Herbalism,-666,detail.questie.commit,"""cac1eff815923f896d082764d023cf812454a023""","""9d39232dab48e35811a7cc02473c2f4e42b62ab6""",commit,QuestieDB,9d39232dab48e35811a7cc02473c2f4e42b62ab6,,no direct ATT field mapped
97905,Camping 101: Herbalism,-666,index.questieCommit,"""cac1eff815923f896d082764d023cf812454a023""","""9d39232dab48e35811a7cc02473c2f4e42b62ab6""",commit,QuestieDB,9d39232dab48e35811a7cc02473c2f4e42b62ab6,,conflicts with existing value; no direct ATT field mapped
97906,Camping 101: Leatherworking,-666,detail.questie.commit,"""cac1eff815923f896d082764d023cf812454a023""","""9d39232dab48e35811a7cc02473c2f4e42b62ab6""",commit,QuestieDB,9d39232dab48e35811a7cc02473c2f4e42b62ab6,,no direct ATT field mapped
97906,Camping 101: Leatherworking,-666,index.questieCommit,"""cac1eff815923f896d082764d023cf812454a023""","""9d39232dab48e35811a7cc02473c2f4e42b62ab6""",commit,QuestieDB,9d39232dab48e35811a7cc02473c2f4e42b62ab6,,conflicts with existing value; no direct ATT field mapped
97907,Camping 101: Mining,-666,detail.questie.commit,"""cac1eff815923f896d082764d023cf812454a023""","""9d39232dab48e35811a7cc02473c2f4e42b62ab6""",commit,QuestieDB,9d39232dab48e35811a7cc02473c2f4e42b62ab6,,no direct ATT field mapped
97907,Camping 101: Mining,-666,index.questieCommit,"""cac1eff815923f896d082764d023cf812454a023""","""9d39232dab48e35811a7cc02473c2f4e42b62ab6""",commit,QuestieDB,9d39232dab48e35811a7cc02473c2f4e42b62ab6,,conflicts with existing value; no direct ATT field mapped
97908,Camping 101: Skinning,-666,detail.questie.commit,"""cac1eff815923f896d082764d023cf812454a023""","""9d39232dab48e35811a7cc02473c2f4e42b62ab6""",commit,QuestieDB,9d39232dab48e35811a7cc02473c2f4e42b62ab6,,no direct ATT field mapped
97908,Camping 101: Skinning,-666,index.questieCommit,"""cac1eff815923f896d082764d023cf812454a023""","""9d39232dab48e35811a7cc02473c2f4e42b62ab6""",commit,QuestieDB,9d39232dab48e35811a7cc02473c2f4e42b62ab6,,conflicts with existing value; no direct ATT field mapped
97914,Expanding Horizons,1519,detail.questie.commit,"""cac1eff815923f896d082764d023cf812454a023""","""9d39232dab48e35811a7cc02473c2f4e42b62ab6""",commit,QuestieDB,9d39232dab48e35811a7cc02473c2f4e42b62ab6,,no direct ATT field mapped
97914,Expanding Horizons,1519,detail.questie.fields.sourceItemId,0,279045,sourceItemId,QuestieDB,9d39232dab48e35811a7cc02473c2f4e42b62ab6,,no direct ATT field mapped
97914,Expanding Horizons,1519,index.questieCommit,"""cac1eff815923f896d082764d023cf812454a023""","""9d39232dab48e35811a7cc02473c2f4e42b62ab6""",commit,QuestieDB,9d39232dab48e35811a7cc02473c2f4e42b62ab6,,conflicts with existing value; no direct ATT field mapped
97915,Camping 101: Alchemy,-666,detail.questie.commit,"""cac1eff815923f896d082764d023cf812454a023""","""9d39232dab48e35811a7cc02473c2f4e42b62ab6""",commit,QuestieDB,9d39232dab48e35811a7cc02473c2f4e42b62ab6,,no direct ATT field mapped
97915,Camping 101: Alchemy,-666,index.questieCommit,"""cac1eff815923f896d082764d023cf812454a023""","""9d39232dab48e35811a7cc02473c2f4e42b62ab6""",commit,QuestieDB,9d39232dab48e35811a7cc02473c2f4e42b62ab6,,conflicts with existing value; no direct ATT field mapped
97916,Camping 101: Blacksmithing,-666,detail.questie.commit,"""cac1eff815923f896d082764d023cf812454a023""","""9d39232dab48e35811a7cc02473c2f4e42b62ab6""",commit,QuestieDB,9d39232dab48e35811a7cc02473c2f4e42b62ab6,,no direct ATT field mapped
97916,Camping 101: Blacksmithing,-666,index.questieCommit,"""cac1eff815923f896d082764d023cf812454a023""","""9d39232dab48e35811a7cc02473c2f4e42b62ab6""",commit,QuestieDB,9d39232dab48e35811a7cc02473c2f4e42b62ab6,,conflicts with existing value; no direct ATT field mapped
97917,Camping 101: Enchanting,-666,detail.questie.commit,"""cac1eff815923f896d082764d023cf812454a023""","""9d39232dab48e35811a7cc02473c2f4e42b62ab6""",commit,QuestieDB,9d39232dab48e35811a7cc02473c2f4e42b62ab6,,no direct ATT field mapped
97917,Camping 101: Enchanting,-666,index.questieCommit,"""cac1eff815923f896d082764d023cf812454a023""","""9d39232dab48e35811a7cc02473c2f4e42b62ab6""",commit,QuestieDB,9d39232dab48e35811a7cc02473c2f4e42b62ab6,,conflicts with existing value; no direct ATT field mapped
97918,Camping 101: Engineering,-666,detail.questie.commit,"""cac1eff815923f896d082764d023cf812454a023""","""9d39232dab48e35811a7cc02473c2f4e42b62ab6""",commit,QuestieDB,9d39232dab48e35811a7cc02473c2f4e42b62ab6,,no direct ATT field mapped
97918,Camping 101: Engineering,-666,index.questieCommit,"""cac1eff815923f896d082764d023cf812454a023""","""9d39232dab48e35811a7cc02473c2f4e42b62ab6""",commit,QuestieDB,9d39232dab48e35811a7cc02473c2f4e42b62ab6,,conflicts with existing value; no direct ATT field mapped
97919,Camping 101: First Aid,-666,detail.questie.commit,"""cac1eff815923f896d082764d023cf812454a023""","""9d39232dab48e35811a7cc02473c2f4e42b62ab6""",commit,QuestieDB,9d39232dab48e35811a7cc02473c2f4e42b62ab6,,no direct ATT field mapped
97919,Camping 101: First Aid,-666,index.questieCommit,"""cac1eff815923f896d082764d023cf812454a023""","""9d39232dab48e35811a7cc02473c2f4e42b62ab6""",commit,QuestieDB,9d39232dab48e35811a7cc02473c2f4e42b62ab6,,conflicts with existing value; no direct ATT field mapped
97920,Camping 101: Fishing,-666,detail.questie.commit,"""cac1eff815923f896d082764d023cf812454a023""","""9d39232dab48e35811a7cc02473c2f4e42b62ab6""",commit,QuestieDB,9d39232dab48e35811a7cc02473c2f4e42b62ab6,,no direct ATT field mapped
97920,Camping 101: Fishing,-666,index.questieCommit,"""cac1eff815923f896d082764d023cf812454a023""","""9d39232dab48e35811a7cc02473c2f4e42b62ab6""",commit,QuestieDB,9d39232dab48e35811a7cc02473c2f4e42b62ab6,,conflicts with existing value; no direct ATT field mapped
97921,Camping 101: Herbalism,-666,detail.questie.commit,"""cac1eff815923f896d082764d023cf812454a023""","""9d39232dab48e35811a7cc02473c2f4e42b62ab6""",commit,QuestieDB,9d39232dab48e35811a7cc02473c2f4e42b62ab6,,no direct ATT field mapped
97921,Camping 101: Herbalism,-666,index.questieCommit,"""cac1eff815923f896d082764d023cf812454a023""","""9d39232dab48e35811a7cc02473c2f4e42b62ab6""",commit,QuestieDB,9d39232dab48e35811a7cc02473c2f4e42b62ab6,,conflicts with existing value; no direct ATT field mapped
97922,Camping 101: Leatherworking,-666,detail.questie.commit,"""cac1eff815923f896d082764d023cf812454a023""","""9d39232dab48e35811a7cc02473c2f4e42b62ab6""",commit,QuestieDB,9d39232dab48e35811a7cc02473c2f4e42b62ab6,,no direct ATT field mapped
97922,Camping 101: Leatherworking,-666,index.questieCommit,"""cac1eff815923f896d082764d023cf812454a023""","""9d39232dab48e35811a7cc02473c2f4e42b62ab6""",commit,QuestieDB,9d39232dab48e35811a7cc02473c2f4e42b62ab6,,conflicts with existing value; no direct ATT field mapped
97923,Camping 101: Mining,-666,detail.questie.commit,"""cac1eff815923f896d082764d023cf812454a023""","""9d39232dab48e35811a7cc02473c2f4e42b62ab6""",commit,QuestieDB,9d39232dab48e35811a7cc02473c2f4e42b62ab6,,no direct ATT field mapped
97923,Camping 101: Mining,-666,index.questieCommit,"""cac1eff815923f896d082764d023cf812454a023""","""9d39232dab48e35811a7cc02473c2f4e42b62ab6""",commit,QuestieDB,9d39232dab48e35811a7cc02473c2f4e42b62ab6,,conflicts with existing value; no direct ATT field mapped
97924,Camping 101: Skinning,-666,detail.questie.commit,"""cac1eff815923f896d082764d023cf812454a023""","""9d39232dab48e35811a7cc02473c2f4e42b62ab6""",commit,QuestieDB,9d39232dab48e35811a7cc02473c2f4e42b62ab6,,no direct ATT field mapped
97924,Camping 101: Skinning,-666,index.questieCommit,"""cac1eff815923f896d082764d023cf812454a023""","""9d39232dab48e35811a7cc02473c2f4e42b62ab6""",commit,QuestieDB,9d39232dab48e35811a7cc02473c2f4e42b62ab6,,conflicts with existing value; no direct ATT field mapped
97925,Camping 101: Tailoring,-666,detail.questie.commit,"""cac1eff815923f896d082764d023cf812454a023""","""9d39232dab48e35811a7cc02473c2f4e42b62ab6""",commit,QuestieDB,9d39232dab48e35811a7cc02473c2f4e42b62ab6,,no direct ATT field mapped
97925,Camping 101: Tailoring,-666,index.questieCommit,"""cac1eff815923f896d082764d023cf812454a023""","""9d39232dab48e35811a7cc02473c2f4e42b62ab6""",commit,QuestieDB,9d39232dab48e35811a7cc02473c2f4e42b62ab6,,conflicts with existing value; no direct ATT field mapped
97926,Making Do,148,detail.questie.commit,"""cac1eff815923f896d082764d023cf812454a023""","""9d39232dab48e35811a7cc02473c2f4e42b62ab6""",commit,QuestieDB,9d39232dab48e35811a7cc02473c2f4e42b62ab6,,no direct ATT field mapped
97926,Making Do,148,detail.questie.fields.sourceItemId,0,279048,sourceItemId,QuestieDB,9d39232dab48e35811a7cc02473c2f4e42b62ab6,,no direct ATT field mapped
97926,Making Do,148,index.questieCommit,"""cac1eff815923f896d082764d023cf812454a023""","""9d39232dab48e35811a7cc02473c2f4e42b62ab6""",commit,QuestieDB,9d39232dab48e35811a7cc02473c2f4e42b62ab6,,conflicts with existing value; no direct ATT field mapped
97927,Camping 101: Alchemy,-666,detail.questie.commit,"""cac1eff815923f896d082764d023cf812454a023""","""9d39232dab48e35811a7cc02473c2f4e42b62ab6""",commit,QuestieDB,9d39232dab48e35811a7cc02473c2f4e42b62ab6,,no direct ATT field mapped
97927,Camping 101: Alchemy,-666,index.questieCommit,"""cac1eff815923f896d082764d023cf812454a023""","""9d39232dab48e35811a7cc02473c2f4e42b62ab6""",commit,QuestieDB,9d39232dab48e35811a7cc02473c2f4e42b62ab6,,conflicts with existing value; no direct ATT field mapped
97928,Camping 101: Blacksmithing,-666,detail.questie.commit,"""cac1eff815923f896d082764d023cf812454a023""","""9d39232dab48e35811a7cc02473c2f4e42b62ab6""",commit,QuestieDB,9d39232dab48e35811a7cc02473c2f4e42b62ab6,,no direct ATT field mapped
97928,Camping 101: Blacksmithing,-666,index.questieCommit,"""cac1eff815923f896d082764d023cf812454a023""","""9d39232dab48e35811a7cc02473c2f4e42b62ab6""",commit,QuestieDB,9d39232dab48e35811a7cc02473c2f4e42b62ab6,,conflicts with existing value; no direct ATT field mapped
97929,Camping 101: Enchanting,-666,detail.questie.commit,"""cac1eff815923f896d082764d023cf812454a023""","""9d39232dab48e35811a7cc02473c2f4e42b62ab6""",commit,QuestieDB,9d39232dab48e35811a7cc02473c2f4e42b62ab6,,no direct ATT field mapped
97929,Camping 101: Enchanting,-666,index.questieCommit,"""cac1eff815923f896d082764d023cf812454a023""","""9d39232dab48e35811a7cc02473c2f4e42b62ab6""",commit,QuestieDB,9d39232dab48e35811a7cc02473c2f4e42b62ab6,,conflicts with existing value; no direct ATT field mapped
97930,Camping 101: Engineering,-666,detail.questie.commit,"""cac1eff815923f896d082764d023cf812454a023""","""9d39232dab48e35811a7cc02473c2f4e42b62ab6""",commit,QuestieDB,9d39232dab48e35811a7cc02473c2f4e42b62ab6,,no direct ATT field mapped
97930,Camping 101: Engineering,-666,index.questieCommit,"""cac1eff815923f896d082764d023cf812454a023""","""9d39232dab48e35811a7cc02473c2f4e42b62ab6""",commit,QuestieDB,9d39232dab48e35811a7cc02473c2f4e42b62ab6,,conflicts with existing value; no direct ATT field mapped
97931,Camping 101: First Aid,-666,detail.questie.commit,"""cac1eff815923f896d082764d023cf812454a023""","""9d39232dab48e35811a7cc02473c2f4e42b62ab6""",commit,QuestieDB,9d39232dab48e35811a7cc02473c2f4e42b62ab6,,no direct ATT field mapped
97931,Camping 101: First Aid,-666,index.questieCommit,"""cac1eff815923f896d082764d023cf812454a023""","""9d39232dab48e35811a7cc02473c2f4e42b62ab6""",commit,QuestieDB,9d39232dab48e35811a7cc02473c2f4e42b62ab6,,conflicts with existing value; no direct ATT field mapped
97932,Camping 101: Fishing,-666,detail.questie.commit,"""cac1eff815923f896d082764d023cf812454a023""","""9d39232dab48e35811a7cc02473c2f4e42b62ab6""",commit,QuestieDB,9d39232dab48e35811a7cc02473c2f4e42b62ab6,,no direct ATT field mapped
97932,Camping 101: Fishing,-666,index.questieCommit,"""cac1eff815923f896d082764d023cf812454a023""","""9d39232dab48e35811a7cc02473c2f4e42b62ab6""",commit,QuestieDB,9d39232dab48e35811a7cc02473c2f4e42b62ab6,,conflicts with existing value; no direct ATT field mapped
97933,Camping 101: Herbalism,-666,detail.questie.commit,"""cac1eff815923f896d082764d023cf812454a023""","""9d39232dab48e35811a7cc02473c2f4e42b62ab6""",commit,QuestieDB,9d39232dab48e35811a7cc02473c2f4e42b62ab6,,no direct ATT field mapped
97933,Camping 101: Herbalism,-666,index.questieCommit,"""cac1eff815923f896d082764d023cf812454a023""","""9d39232dab48e35811a7cc02473c2f4e42b62ab6""",commit,QuestieDB,9d39232dab48e35811a7cc02473c2f4e42b62ab6,,conflicts with existing value; no direct ATT field mapped
97934,Camping 101: Leatherworking,-666,detail.questie.commit,"""cac1eff815923f896d082764d023cf812454a023""","""9d39232dab48e35811a7cc02473c2f4e42b62ab6""",commit,QuestieDB,9d39232dab48e35811a7cc02473c2f4e42b62ab6,,no direct ATT field mapped
97934,Camping 101: Leatherworking,-666,index.questieCommit,"""cac1eff815923f896d082764d023cf812454a023""","""9d39232dab48e35811a7cc02473c2f4e42b62ab6""",commit,QuestieDB,9d39232dab48e35811a7cc02473c2f4e42b62ab6,,conflicts with existing value; no direct ATT field mapped
97935,Camping 101: Mining,-666,detail.questie.commit,"""cac1eff815923f896d082764d023cf812454a023""","""9d39232dab48e35811a7cc02473c2f4e42b62ab6""",commit,QuestieDB,9d39232dab48e35811a7cc02473c2f4e42b62ab6,,no direct ATT field mapped
97935,Camping 101: Mining,-666,index.questieCommit,"""cac1eff815923f896d082764d023cf812454a023""","""9d39232dab48e35811a7cc02473c2f4e42b62ab6""",commit,QuestieDB,9d39232dab48e35811a7cc02473c2f4e42b62ab6,,conflicts with existing value; no direct ATT field mapped
97936,Camping 101: Skinning,-666,detail.questie.commit,"""cac1eff815923f896d082764d023cf812454a023""","""9d39232dab48e35811a7cc02473c2f4e42b62ab6""",commit,QuestieDB,9d39232dab48e35811a7cc02473c2f4e42b62ab6,,no direct ATT field mapped
97936,Camping 101: Skinning,-666,index.questieCommit,"""cac1eff815923f896d082764d023cf812454a023""","""9d39232dab48e35811a7cc02473c2f4e42b62ab6""",commit,QuestieDB,9d39232dab48e35811a7cc02473c2f4e42b62ab6,,conflicts with existing value; no direct ATT field mapped
97937,Camping 101: Tailoring,-666,detail.questie.commit,"""cac1eff815923f896d082764d023cf812454a023""","""9d39232dab48e35811a7cc02473c2f4e42b62ab6""",commit,QuestieDB,9d39232dab48e35811a7cc02473c2f4e42b62ab6,,no direct ATT field mapped
97937,Camping 101: Tailoring,-666,index.questieCommit,"""cac1eff815923f896d082764d023cf812454a023""","""9d39232dab48e35811a7cc02473c2f4e42b62ab6""",commit,QuestieDB,9d39232dab48e35811a7cc02473c2f4e42b62ab6,,conflicts with existing value; no direct ATT field mapped
97938,Camping 101: Alchemy,-666,detail.questie.commit,"""cac1eff815923f896d082764d023cf812454a023""","""9d39232dab48e35811a7cc02473c2f4e42b62ab6""",commit,QuestieDB,9d39232dab48e35811a7cc02473c2f4e42b62ab6,,no direct ATT field mapped
97938,Camping 101: Alchemy,-666,index.questieCommit,"""cac1eff815923f896d082764d023cf812454a023""","""9d39232dab48e35811a7cc02473c2f4e42b62ab6""",commit,QuestieDB,9d39232dab48e35811a7cc02473c2f4e42b62ab6,,conflicts with existing value; no direct ATT field mapped
97939,Camping 101: Blacksmithing,-666,detail.questie.commit,"""cac1eff815923f896d082764d023cf812454a023""","""9d39232dab48e35811a7cc02473c2f4e42b62ab6""",commit,QuestieDB,9d39232dab48e35811a7cc02473c2f4e42b62ab6,,no direct ATT field mapped
97939,Camping 101: Blacksmithing,-666,index.questieCommit,"""cac1eff815923f896d082764d023cf812454a023""","""9d39232dab48e35811a7cc02473c2f4e42b62ab6""",commit,QuestieDB,9d39232dab48e35811a7cc02473c2f4e42b62ab6,,conflicts with existing value; no direct ATT field mapped
97940,Camping 101: Enchanting,-666,detail.questie.commit,"""cac1eff815923f896d082764d023cf812454a023""","""9d39232dab48e35811a7cc02473c2f4e42b62ab6""",commit,QuestieDB,9d39232dab48e35811a7cc02473c2f4e42b62ab6,,no direct ATT field mapped
97940,Camping 101: Enchanting,-666,index.questieCommit,"""cac1eff815923f896d082764d023cf812454a023""","""9d39232dab48e35811a7cc02473c2f4e42b62ab6""",commit,QuestieDB,9d39232dab48e35811a7cc02473c2f4e42b62ab6,,conflicts with existing value; no direct ATT field mapped
97941,Camping 101: Engineering,-666,detail.questie.commit,"""cac1eff815923f896d082764d023cf812454a023""","""9d39232dab48e35811a7cc02473c2f4e42b62ab6""",commit,QuestieDB,9d39232dab48e35811a7cc02473c2f4e42b62ab6,,no direct ATT field mapped
97941,Camping 101: Engineering,-666,index.questieCommit,"""cac1eff815923f896d082764d023cf812454a023""","""9d39232dab48e35811a7cc02473c2f4e42b62ab6""",commit,QuestieDB,9d39232dab48e35811a7cc02473c2f4e42b62ab6,,conflicts with existing value; no direct ATT field mapped
97942,Camping 101: First Aid,-666,detail.questie.commit,"""cac1eff815923f896d082764d023cf812454a023""","""9d39232dab48e35811a7cc02473c2f4e42b62ab6""",commit,QuestieDB,9d39232dab48e35811a7cc02473c2f4e42b62ab6,,no direct ATT field mapped
97942,Camping 101: First Aid,-666,index.questieCommit,"""cac1eff815923f896d082764d023cf812454a023""","""9d39232dab48e35811a7cc02473c2f4e42b62ab6""",commit,QuestieDB,9d39232dab48e35811a7cc02473c2f4e42b62ab6,,conflicts with existing value; no direct ATT field mapped
97943,Camping 101: Fishing,-666,detail.questie.commit,"""cac1eff815923f896d082764d023cf812454a023""","""9d39232dab48e35811a7cc02473c2f4e42b62ab6""",commit,QuestieDB,9d39232dab48e35811a7cc02473c2f4e42b62ab6,,no direct ATT field mapped
97943,Camping 101: Fishing,-666,index.questieCommit,"""cac1eff815923f896d082764d023cf812454a023""","""9d39232dab48e35811a7cc02473c2f4e42b62ab6""",commit,QuestieDB,9d39232dab48e35811a7cc02473c2f4e42b62ab6,,conflicts with existing value; no direct ATT field mapped
97944,Camping 101: Herbalism,-666,detail.questie.commit,"""cac1eff815923f896d082764d023cf812454a023""","""9d39232dab48e35811a7cc02473c2f4e42b62ab6""",commit,QuestieDB,9d39232dab48e35811a7cc02473c2f4e42b62ab6,,no direct ATT field mapped
97944,Camping 101: Herbalism,-666,index.questieCommit,"""cac1eff815923f896d082764d023cf812454a023""","""9d39232dab48e35811a7cc02473c2f4e42b62ab6""",commit,QuestieDB,9d39232dab48e35811a7cc02473c2f4e42b62ab6,,conflicts with existing value; no direct ATT field mapped
97946,Camping 101: Leatherworking,-666,detail.questie.commit,"""cac1eff815923f896d082764d023cf812454a023""","""9d39232dab48e35811a7cc02473c2f4e42b62ab6""",commit,QuestieDB,9d39232dab48e35811a7cc02473c2f4e42b62ab6,,no direct ATT field mapped
97946,Camping 101: Leatherworking,-666,index.questieCommit,"""cac1eff815923f896d082764d023cf812454a023""","""9d39232dab48e35811a7cc02473c2f4e42b62ab6""",commit,QuestieDB,9d39232dab48e35811a7cc02473c2f4e42b62ab6,,conflicts with existing value; no direct ATT field mapped
97948,Camping 101: Mining,-666,detail.questie.commit,"""cac1eff815923f896d082764d023cf812454a023""","""9d39232dab48e35811a7cc02473c2f4e42b62ab6""",commit,QuestieDB,9d39232dab48e35811a7cc02473c2f4e42b62ab6,,no direct ATT field mapped
97948,Camping 101: Mining,-666,index.questieCommit,"""cac1eff815923f896d082764d023cf812454a023""","""9d39232dab48e35811a7cc02473c2f4e42b62ab6""",commit,QuestieDB,9d39232dab48e35811a7cc02473c2f4e42b62ab6,,conflicts with existing value; no direct ATT field mapped
97949,Camping 101: Skinning,-666,detail.questie.commit,"""cac1eff815923f896d082764d023cf812454a023""","""9d39232dab48e35811a7cc02473c2f4e42b62ab6""",commit,QuestieDB,9d39232dab48e35811a7cc02473c2f4e42b62ab6,,no direct ATT field mapped
97949,Camping 101: Skinning,-666,index.questieCommit,"""cac1eff815923f896d082764d023cf812454a023""","""9d39232dab48e35811a7cc02473c2f4e42b62ab6""",commit,QuestieDB,9d39232dab48e35811a7cc02473c2f4e42b62ab6,,conflicts with existing value; no direct ATT field mapped
97950,Camping 101: Tailoring,-666,detail.questie.commit,"""cac1eff815923f896d082764d023cf812454a023""","""9d39232dab48e35811a7cc02473c2f4e42b62ab6""",commit,QuestieDB,9d39232dab48e35811a7cc02473c2f4e42b62ab6,,no direct ATT field mapped
97950,Camping 101: Tailoring,-666,index.questieCommit,"""cac1eff815923f896d082764d023cf812454a023""","""9d39232dab48e35811a7cc02473c2f4e42b62ab6""",commit,QuestieDB,9d39232dab48e35811a7cc02473c2f4e42b62ab6,,conflicts with existing value; no direct ATT field mapped
97951,Camping 101: Alchemy,-666,detail.questie.commit,"""cac1eff815923f896d082764d023cf812454a023""","""9d39232dab48e35811a7cc02473c2f4e42b62ab6""",commit,QuestieDB,9d39232dab48e35811a7cc02473c2f4e42b62ab6,,no direct ATT field mapped
97951,Camping 101: Alchemy,-666,index.questieCommit,"""cac1eff815923f896d082764d023cf812454a023""","""9d39232dab48e35811a7cc02473c2f4e42b62ab6""",commit,QuestieDB,9d39232dab48e35811a7cc02473c2f4e42b62ab6,,conflicts with existing value; no direct ATT field mapped
97952,Camping 101: Blacksmithing,-666,detail.questie.commit,"""cac1eff815923f896d082764d023cf812454a023""","""9d39232dab48e35811a7cc02473c2f4e42b62ab6""",commit,QuestieDB,9d39232dab48e35811a7cc02473c2f4e42b62ab6,,no direct ATT field mapped
97952,Camping 101: Blacksmithing,-666,index.questieCommit,"""cac1eff815923f896d082764d023cf812454a023""","""9d39232dab48e35811a7cc02473c2f4e42b62ab6""",commit,QuestieDB,9d39232dab48e35811a7cc02473c2f4e42b62ab6,,conflicts with existing value; no direct ATT field mapped
97953,Camping 101: Enchanting,-666,detail.questie.commit,"""cac1eff815923f896d082764d023cf812454a023""","""9d39232dab48e35811a7cc02473c2f4e42b62ab6""",commit,QuestieDB,9d39232dab48e35811a7cc02473c2f4e42b62ab6,,no direct ATT field mapped
97953,Camping 101: Enchanting,-666,index.questieCommit,"""cac1eff815923f896d082764d023cf812454a023""","""9d39232dab48e35811a7cc02473c2f4e42b62ab6""",commit,QuestieDB,9d39232dab48e35811a7cc02473c2f4e42b62ab6,,conflicts with existing value; no direct ATT field mapped
97954,Camping 101: Engineering,-666,detail.questie.commit,"""cac1eff815923f896d082764d023cf812454a023""","""9d39232dab48e35811a7cc02473c2f4e42b62ab6""",commit,QuestieDB,9d39232dab48e35811a7cc02473c2f4e42b62ab6,,no direct ATT field mapped
97954,Camping 101: Engineering,-666,index.questieCommit,"""cac1eff815923f896d082764d023cf812454a023""","""9d39232dab48e35811a7cc02473c2f4e42b62ab6""",commit,QuestieDB,9d39232dab48e35811a7cc02473c2f4e42b62ab6,,conflicts with existing value; no direct ATT field mapped
97955,Camping 101: First Aid,-666,detail.questie.commit,"""cac1eff815923f896d082764d023cf812454a023""","""9d39232dab48e35811a7cc02473c2f4e42b62ab6""",commit,QuestieDB,9d39232dab48e35811a7cc02473c2f4e42b62ab6,,no direct ATT field mapped
97955,Camping 101: First Aid,-666,index.questieCommit,"""cac1eff815923f896d082764d023cf812454a023""","""9d39232dab48e35811a7cc02473c2f4e42b62ab6""",commit,QuestieDB,9d39232dab48e35811a7cc02473c2f4e42b62ab6,,conflicts with existing value; no direct ATT field mapped
97956,Camping 101: Fishing,-666,detail.questie.commit,"""cac1eff815923f896d082764d023cf812454a023""","""9d39232dab48e35811a7cc02473c2f4e42b62ab6""",commit,QuestieDB,9d39232dab48e35811a7cc02473c2f4e42b62ab6,,no direct ATT field mapped
97956,Camping 101: Fishing,-666,index.questieCommit,"""cac1eff815923f896d082764d023cf812454a023""","""9d39232dab48e35811a7cc02473c2f4e42b62ab6""",commit,QuestieDB,9d39232dab48e35811a7cc02473c2f4e42b62ab6,,conflicts with existing value; no direct ATT field mapped
97957,Camping 101: Herbalism,-666,detail.questie.commit,"""cac1eff815923f896d082764d023cf812454a023""","""9d39232dab48e35811a7cc02473c2f4e42b62ab6""",commit,QuestieDB,9d39232dab48e35811a7cc02473c2f4e42b62ab6,,no direct ATT field mapped
97957,Camping 101: Herbalism,-666,index.questieCommit,"""cac1eff815923f896d082764d023cf812454a023""","""9d39232dab48e35811a7cc02473c2f4e42b62ab6""",commit,QuestieDB,9d39232dab48e35811a7cc02473c2f4e42b62ab6,,conflicts with existing value; no direct ATT field mapped
97958,Camping 101: Leatherworking,-666,detail.questie.commit,"""cac1eff815923f896d082764d023cf812454a023""","""9d39232dab48e35811a7cc02473c2f4e42b62ab6""",commit,QuestieDB,9d39232dab48e35811a7cc02473c2f4e42b62ab6,,no direct ATT field mapped
97958,Camping 101: Leatherworking,-666,index.questieCommit,"""cac1eff815923f896d082764d023cf812454a023""","""9d39232dab48e35811a7cc02473c2f4e42b62ab6""",commit,QuestieDB,9d39232dab48e35811a7cc02473c2f4e42b62ab6,,conflicts with existing value; no direct ATT field mapped
97959,Camping 101: Mining,-666,detail.questie.commit,"""cac1eff815923f896d082764d023cf812454a023""","""9d39232dab48e35811a7cc02473c2f4e42b62ab6""",commit,QuestieDB,9d39232dab48e35811a7cc02473c2f4e42b62ab6,,no direct ATT field mapped
97959,Camping 101: Mining,-666,index.questieCommit,"""cac1eff815923f896d082764d023cf812454a023""","""9d39232dab48e35811a7cc02473c2f4e42b62ab6""",commit,QuestieDB,9d39232dab48e35811a7cc02473c2f4e42b62ab6,,conflicts with existing value; no direct ATT field mapped
97960,Camping 101: Skinning,-666,detail.questie.commit,"""cac1eff815923f896d082764d023cf812454a023""","""9d39232dab48e35811a7cc02473c2f4e42b62ab6""",commit,QuestieDB,9d39232dab48e35811a7cc02473c2f4e42b62ab6,,no direct ATT field mapped
97960,Camping 101: Skinning,-666,index.questieCommit,"""cac1eff815923f896d082764d023cf812454a023""","""9d39232dab48e35811a7cc02473c2f4e42b62ab6""",commit,QuestieDB,9d39232dab48e35811a7cc02473c2f4e42b62ab6,,conflicts with existing value; no direct ATT field mapped
97961,Camping 101: Tailoring,-666,detail.questie.commit,"""cac1eff815923f896d082764d023cf812454a023""","""9d39232dab48e35811a7cc02473c2f4e42b62ab6""",commit,QuestieDB,9d39232dab48e35811a7cc02473c2f4e42b62ab6,,no direct ATT field mapped
97961,Camping 101: Tailoring,-666,index.questieCommit,"""cac1eff815923f896d082764d023cf812454a023""","""9d39232dab48e35811a7cc02473c2f4e42b62ab6""",commit,QuestieDB,9d39232dab48e35811a7cc02473c2f4e42b62ab6,,conflicts with existing value; no direct ATT field mapped
97963,Camping 101: Alchemy,-666,detail.questie.commit,"""cac1eff815923f896d082764d023cf812454a023""","""9d39232dab48e35811a7cc02473c2f4e42b62ab6""",commit,QuestieDB,9d39232dab48e35811a7cc02473c2f4e42b62ab6,,no direct ATT field mapped
97963,Camping 101: Alchemy,-666,detail.questie.fields.objectives,[],"[[{""1"":257019,""3"":3}]]",objectives,QuestieDB,9d39232dab48e35811a7cc02473c2f4e42b62ab6,,no direct ATT field mapped
97963,Camping 101: Alchemy,-666,index.questieCommit,"""cac1eff815923f896d082764d023cf812454a023""","""9d39232dab48e35811a7cc02473c2f4e42b62ab6""",commit,QuestieDB,9d39232dab48e35811a7cc02473c2f4e42b62ab6,,conflicts with existing value; no direct ATT field mapped
97964,Camping 101: Blacksmithing,-666,detail.questie.commit,"""cac1eff815923f896d082764d023cf812454a023""","""9d39232dab48e35811a7cc02473c2f4e42b62ab6""",commit,QuestieDB,9d39232dab48e35811a7cc02473c2f4e42b62ab6,,no direct ATT field mapped
97964,Camping 101: Blacksmithing,-666,detail.questie.fields.objectives,[],"[[{""1"":251913,""3"":3}]]",objectives,QuestieDB,9d39232dab48e35811a7cc02473c2f4e42b62ab6,,no direct ATT field mapped
97964,Camping 101: Blacksmithing,-666,index.questieCommit,"""cac1eff815923f896d082764d023cf812454a023""","""9d39232dab48e35811a7cc02473c2f4e42b62ab6""",commit,QuestieDB,9d39232dab48e35811a7cc02473c2f4e42b62ab6,,conflicts with existing value; no direct ATT field mapped
97965,Camping 101: First Aid,-666,detail.questie.commit,"""cac1eff815923f896d082764d023cf812454a023""","""9d39232dab48e35811a7cc02473c2f4e42b62ab6""",commit,QuestieDB,9d39232dab48e35811a7cc02473c2f4e42b62ab6,,no direct ATT field mapped
97965,Camping 101: First Aid,-666,detail.questie.fields.objectives,[],"[[{""1"":257018,""3"":3}]]",objectives,QuestieDB,9d39232dab48e35811a7cc02473c2f4e42b62ab6,,no direct ATT field mapped
97965,Camping 101: First Aid,-666,index.questieCommit,"""cac1eff815923f896d082764d023cf812454a023""","""9d39232dab48e35811a7cc02473c2f4e42b62ab6""",commit,QuestieDB,9d39232dab48e35811a7cc02473c2f4e42b62ab6,,conflicts with existing value; no direct ATT field mapped
97967,Camping 101: Fishing,-666,detail.questie.commit,"""cac1eff815923f896d082764d023cf812454a023""","""9d39232dab48e35811a7cc02473c2f4e42b62ab6""",commit,QuestieDB,9d39232dab48e35811a7cc02473c2f4e42b62ab6,,no direct ATT field mapped
97967,Camping 101: Fishing,-666,detail.questie.fields.objectives,[],"[[{""1"":251992,""3"":3}]]",objectives,QuestieDB,9d39232dab48e35811a7cc02473c2f4e42b62ab6,,no direct ATT field mapped
97967,Camping 101: Fishing,-666,index.questieCommit,"""cac1eff815923f896d082764d023cf812454a023""","""9d39232dab48e35811a7cc02473c2f4e42b62ab6""",commit,QuestieDB,9d39232dab48e35811a7cc02473c2f4e42b62ab6,,conflicts with existing value; no direct ATT field mapped
97968,Camping 101: Herbalism,-666,detail.questie.commit,"""cac1eff815923f896d082764d023cf812454a023""","""9d39232dab48e35811a7cc02473c2f4e42b62ab6""",commit,QuestieDB,9d39232dab48e35811a7cc02473c2f4e42b62ab6,,no direct ATT field mapped
97968,Camping 101: Herbalism,-666,detail.questie.fields.objectives,[],"[[{""1"":254345,""3"":3}]]",objectives,QuestieDB,9d39232dab48e35811a7cc02473c2f4e42b62ab6,,no direct ATT field mapped
97968,Camping 101: Herbalism,-666,index.questieCommit,"""cac1eff815923f896d082764d023cf812454a023""","""9d39232dab48e35811a7cc02473c2f4e42b62ab6""",commit,QuestieDB,9d39232dab48e35811a7cc02473c2f4e42b62ab6,,conflicts with existing value; no direct ATT field mapped
97969,Camping 101: Leatherworking,-666,detail.questie.commit,"""cac1eff815923f896d082764d023cf812454a023""","""9d39232dab48e35811a7cc02473c2f4e42b62ab6""",commit,QuestieDB,9d39232dab48e35811a7cc02473c2f4e42b62ab6,,no direct ATT field mapped
97969,Camping 101: Leatherworking,-666,detail.questie.fields.objectives,[],"[[{""1"":251993,""3"":3}]]",objectives,QuestieDB,9d39232dab48e35811a7cc02473c2f4e42b62ab6,,no direct ATT field mapped
97969,Camping 101: Leatherworking,-666,index.questieCommit,"""cac1eff815923f896d082764d023cf812454a023""","""9d39232dab48e35811a7cc02473c2f4e42b62ab6""",commit,QuestieDB,9d39232dab48e35811a7cc02473c2f4e42b62ab6,,conflicts with existing value; no direct ATT field mapped
97970,Camping 101: Mining,-666,detail.questie.commit,"""cac1eff815923f896d082764d023cf812454a023""","""9d39232dab48e35811a7cc02473c2f4e42b62ab6""",commit,QuestieDB,9d39232dab48e35811a7cc02473c2f4e42b62ab6,,no direct ATT field mapped
97970,Camping 101: Mining,-666,detail.questie.fields.objectives,[],"[[{""1"":257022,""3"":3}]]",objectives,QuestieDB,9d39232dab48e35811a7cc02473c2f4e42b62ab6,,no direct ATT field mapped
97970,Camping 101: Mining,-666,index.questieCommit,"""cac1eff815923f896d082764d023cf812454a023""","""9d39232dab48e35811a7cc02473c2f4e42b62ab6""",commit,QuestieDB,9d39232dab48e35811a7cc02473c2f4e42b62ab6,,conflicts with existing value; no direct ATT field mapped
97971,Camping 101: Skinning,-666,detail.questie.commit,"""cac1eff815923f896d082764d023cf812454a023""","""9d39232dab48e35811a7cc02473c2f4e42b62ab6""",commit,QuestieDB,9d39232dab48e35811a7cc02473c2f4e42b62ab6,,no direct ATT field mapped
97971,Camping 101: Skinning,-666,detail.questie.fields.objectives,[],"[[{""1"":257024,""3"":3}]]",objectives,QuestieDB,9d39232dab48e35811a7cc02473c2f4e42b62ab6,,no direct ATT field mapped
97971,Camping 101: Skinning,-666,index.questieCommit,"""cac1eff815923f896d082764d023cf812454a023""","""9d39232dab48e35811a7cc02473c2f4e42b62ab6""",commit,QuestieDB,9d39232dab48e35811a7cc02473c2f4e42b62ab6,,conflicts with existing value; no direct ATT field mapped
97972,Camping 101: Tailoring,-666,detail.questie.commit,"""cac1eff815923f896d082764d023cf812454a023""","""9d39232dab48e35811a7cc02473c2f4e42b62ab6""",commit,QuestieDB,9d39232dab48e35811a7cc02473c2f4e42b62ab6,,no direct ATT field mapped
97972,Camping 101: Tailoring,-666,detail.questie.fields.objectives,[],"[[{""1"":251991,""3"":3}]]",objectives,QuestieDB,9d39232dab48e35811a7cc02473c2f4e42b62ab6,,no direct ATT field mapped
97972,Camping 101: Tailoring,-666,index.questieCommit,"""cac1eff815923f896d082764d023cf812454a023""","""9d39232dab48e35811a7cc02473c2f4e42b62ab6""",commit,QuestieDB,9d39232dab48e35811a7cc02473c2f4e42b62ab6,,conflicts with existing value; no direct ATT field mapped
97973,Camping 101: Tailoring,-666,detail.questie.commit,"""cac1eff815923f896d082764d023cf812454a023""","""9d39232dab48e35811a7cc02473c2f4e42b62ab6""",commit,QuestieDB,9d39232dab48e35811a7cc02473c2f4e42b62ab6,,no direct ATT field mapped
97973,Camping 101: Tailoring,-666,detail.questie.fields.objectives,[],"[[{""1"":251991,""3"":3}]]",objectives,QuestieDB,9d39232dab48e35811a7cc02473c2f4e42b62ab6,,no direct ATT field mapped
97973,Camping 101: Tailoring,-666,index.questieCommit,"""cac1eff815923f896d082764d023cf812454a023""","""9d39232dab48e35811a7cc02473c2f4e42b62ab6""",commit,QuestieDB,9d39232dab48e35811a7cc02473c2f4e42b62ab6,,conflicts with existing value; no direct ATT field mapped
97977,Nature's Call,141,detail.questie.commit,"""cac1eff815923f896d082764d023cf812454a023""","""9d39232dab48e35811a7cc02473c2f4e42b62ab6""",commit,QuestieDB,9d39232dab48e35811a7cc02473c2f4e42b62ab6,,no direct ATT field mapped
97977,Nature's Call,141,detail.questie.fields.objectives,[],"{""3"":[{""1"":279082,""3"":0}]}",objectives,QuestieDB,9d39232dab48e35811a7cc02473c2f4e42b62ab6,,no direct ATT field mapped
97977,Nature's Call,141,index.questieCommit,"""cac1eff815923f896d082764d023cf812454a023""","""9d39232dab48e35811a7cc02473c2f4e42b62ab6""",commit,QuestieDB,9d39232dab48e35811a7cc02473c2f4e42b62ab6,,conflicts with existing value; no direct ATT field mapped
97979,The Goddess Provides,-676,detail.questie.commit,"""cac1eff815923f896d082764d023cf812454a023""","""9d39232dab48e35811a7cc02473c2f4e42b62ab6""",commit,QuestieDB,9d39232dab48e35811a7cc02473c2f4e42b62ab6,,no direct ATT field mapped
97979,The Goddess Provides,-676,index.questieCommit,"""cac1eff815923f896d082764d023cf812454a023""","""9d39232dab48e35811a7cc02473c2f4e42b62ab6""",commit,QuestieDB,9d39232dab48e35811a7cc02473c2f4e42b62ab6,,conflicts with existing value; no direct ATT field mapped
98013,Swelling Forces,148,detail.questie.commit,"""cac1eff815923f896d082764d023cf812454a023""","""9d39232dab48e35811a7cc02473c2f4e42b62ab6""",commit,QuestieDB,9d39232dab48e35811a7cc02473c2f4e42b62ab6,,no direct ATT field mapped
98013,Swelling Forces,148,detail.questie.fields.objectives,[],"[[{""1"":2181,""3"":0},{""1"":2182,""3"":0},{""1"":2183,""3"":0}]]",objectives,QuestieDB,9d39232dab48e35811a7cc02473c2f4e42b62ab6,,no direct ATT field mapped
98013,Swelling Forces,148,index.questieCommit,"""cac1eff815923f896d082764d023cf812454a023""","""9d39232dab48e35811a7cc02473c2f4e42b62ab6""",commit,QuestieDB,9d39232dab48e35811a7cc02473c2f4e42b62ab6,,conflicts with existing value; no direct ATT field mapped
98021,Journey to Sentinel Hill,40,detail.questie.commit,"""cac1eff815923f896d082764d023cf812454a023""","""9d39232dab48e35811a7cc02473c2f4e42b62ab6""",commit,QuestieDB,9d39232dab48e35811a7cc02473c2f4e42b62ab6,,no direct ATT field mapped
98021,Journey to Sentinel Hill,40,index.questieCommit,"""cac1eff815923f896d082764d023cf812454a023""","""9d39232dab48e35811a7cc02473c2f4e42b62ab6""",commit,QuestieDB,9d39232dab48e35811a7cc02473c2f4e42b62ab6,,conflicts with existing value; no direct ATT field mapped
98024,Journey to the Crossroads,17,detail.prerequisiteQuestIds,[],[95350],preQuestSingle,QuestieDB,9d39232dab48e35811a7cc02473c2f4e42b62ab6,sourceQuest or sourceQuests + sourceQuestNumRequired=1,conflicts with existing value
98024,Journey to the Crossroads,17,detail.questie.commit,"""cac1eff815923f896d082764d023cf812454a023""","""9d39232dab48e35811a7cc02473c2f4e42b62ab6""",commit,QuestieDB,9d39232dab48e35811a7cc02473c2f4e42b62ab6,,no direct ATT field mapped
98024,Journey to the Crossroads,17,detail.questie.fields.preQuestSingle,null,[95350],preQuestSingle,QuestieDB,9d39232dab48e35811a7cc02473c2f4e42b62ab6,sourceQuest or sourceQuests + sourceQuestNumRequired=1,
98024,Journey to the Crossroads,17,detail.questie.provenance.preQuestSingle,null,"""QuestieDB""",preQuestSingle,QuestieDB,9d39232dab48e35811a7cc02473c2f4e42b62ab6,sourceQuest or sourceQuests + sourceQuestNumRequired=1,
98024,Journey to the Crossroads,17,detail.requirements.anyOf,null,[95350],anyOf,QuestieDB,9d39232dab48e35811a7cc02473c2f4e42b62ab6,,no direct ATT field mapped
98024,Journey to the Crossroads,17,detail.requirements.preQuestSingle,null,[95350],preQuestSingle,QuestieDB,9d39232dab48e35811a7cc02473c2f4e42b62ab6,sourceQuest or sourceQuests + sourceQuestNumRequired=1,
98024,Journey to the Crossroads,17,index.questieCommit,"""cac1eff815923f896d082764d023cf812454a023""","""9d39232dab48e35811a7cc02473c2f4e42b62ab6""",commit,QuestieDB,9d39232dab48e35811a7cc02473c2f4e42b62ab6,,conflicts with existing value; no direct ATT field mapped
98025,WANTED: Jai'vhanel,148,detail.questie.commit,"""cac1eff815923f896d082764d023cf812454a023""","""9d39232dab48e35811a7cc02473c2f4e42b62ab6""",commit,QuestieDB,9d39232dab48e35811a7cc02473c2f4e42b62ab6,,no direct ATT field mapped
98025,WANTED: Jai'vhanel,148,detail.questie.fields.objectives,[],"{""3"":[{""1"":281038,""3"":0}]}",objectives,QuestieDB,9d39232dab48e35811a7cc02473c2f4e42b62ab6,,no direct ATT field mapped
98025,WANTED: Jai'vhanel,148,index.questieCommit,"""cac1eff815923f896d082764d023cf812454a023""","""9d39232dab48e35811a7cc02473c2f4e42b62ab6""",commit,QuestieDB,9d39232dab48e35811a7cc02473c2f4e42b62ab6,,conflicts with existing value; no direct ATT field mapped
98028,Baron Marinous,148,detail.questie.commit,"""cac1eff815923f896d082764d023cf812454a023""","""9d39232dab48e35811a7cc02473c2f4e42b62ab6""",commit,QuestieDB,9d39232dab48e35811a7cc02473c2f4e42b62ab6,,no direct ATT field mapped
98028,Baron Marinous,148,detail.questie.fields.sourceItemId,0,279275,sourceItemId,QuestieDB,9d39232dab48e35811a7cc02473c2f4e42b62ab6,,no direct ATT field mapped
98028,Baron Marinous,148,index.questieCommit,"""cac1eff815923f896d082764d023cf812454a023""","""9d39232dab48e35811a7cc02473c2f4e42b62ab6""",commit,QuestieDB,9d39232dab48e35811a7cc02473c2f4e42b62ab6,,conflicts with existing value; no direct ATT field mapped
98042,It's All Fun and Games Until...,148,detail.questie.commit,"""cac1eff815923f896d082764d023cf812454a023""","""9d39232dab48e35811a7cc02473c2f4e42b62ab6""",commit,QuestieDB,9d39232dab48e35811a7cc02473c2f4e42b62ab6,,no direct ATT field mapped
98042,It's All Fun and Games Until...,148,detail.questie.fields.objectives,[],"{""3"":[{""1"":279279,""3"":0}]}",objectives,QuestieDB,9d39232dab48e35811a7cc02473c2f4e42b62ab6,,no direct ATT field mapped
98042,It's All Fun and Games Until...,148,index.questieCommit,"""cac1eff815923f896d082764d023cf812454a023""","""9d39232dab48e35811a7cc02473c2f4e42b62ab6""",commit,QuestieDB,9d39232dab48e35811a7cc02473c2f4e42b62ab6,,conflicts with existing value; no direct ATT field mapped
98046,Crown of the Earth,141,detail.questie.commit,"""cac1eff815923f896d082764d023cf812454a023""","""9d39232dab48e35811a7cc02473c2f4e42b62ab6""",commit,QuestieDB,9d39232dab48e35811a7cc02473c2f4e42b62ab6,,no direct ATT field mapped
98046,Crown of the Earth,141,detail.questie.fields.sourceItemId,0,279291,sourceItemId,QuestieDB,9d39232dab48e35811a7cc02473c2f4e42b62ab6,,no direct ATT field mapped
98046,Crown of the Earth,141,index.questieCommit,"""cac1eff815923f896d082764d023cf812454a023""","""9d39232dab48e35811a7cc02473c2f4e42b62ab6""",commit,QuestieDB,9d39232dab48e35811a7cc02473c2f4e42b62ab6,,conflicts with existing value; no direct ATT field mapped
98065,Crown of the Earth,141,detail.questie.commit,"""cac1eff815923f896d082764d023cf812454a023""","""9d39232dab48e35811a7cc02473c2f4e42b62ab6""",commit,QuestieDB,9d39232dab48e35811a7cc02473c2f4e42b62ab6,,no direct ATT field mapped
98065,Crown of the Earth,141,detail.questie.fields.sourceItemId,0,279331,sourceItemId,QuestieDB,9d39232dab48e35811a7cc02473c2f4e42b62ab6,,no direct ATT field mapped
98065,Crown of the Earth,141,index.questieCommit,"""cac1eff815923f896d082764d023cf812454a023""","""9d39232dab48e35811a7cc02473c2f4e42b62ab6""",commit,QuestieDB,9d39232dab48e35811a7cc02473c2f4e42b62ab6,,conflicts with existing value; no direct ATT field mapped
98067,Eyes of the Sentinels,1657,detail.questie.commit,"""cac1eff815923f896d082764d023cf812454a023""","""9d39232dab48e35811a7cc02473c2f4e42b62ab6""",commit,QuestieDB,9d39232dab48e35811a7cc02473c2f4e42b62ab6,,no direct ATT field mapped
98067,Eyes of the Sentinels,1657,detail.questie.fields.sourceItemId,0,279378,sourceItemId,QuestieDB,9d39232dab48e35811a7cc02473c2f4e42b62ab6,,no direct ATT field mapped
98067,Eyes of the Sentinels,1657,index.questieCommit,"""cac1eff815923f896d082764d023cf812454a023""","""9d39232dab48e35811a7cc02473c2f4e42b62ab6""",commit,QuestieDB,9d39232dab48e35811a7cc02473c2f4e42b62ab6,,conflicts with existing value; no direct ATT field mapped
98093,Field to Clear,17,detail.questie.commit,"""cac1eff815923f896d082764d023cf812454a023""","""9d39232dab48e35811a7cc02473c2f4e42b62ab6""",commit,QuestieDB,9d39232dab48e35811a7cc02473c2f4e42b62ab6,,no direct ATT field mapped
98093,Field to Clear,17,detail.questie.fields.finishedBy,[],[[14242]],finishedBy,QuestieDB,9d39232dab48e35811a7cc02473c2f4e42b62ab6,,no direct ATT field mapped
98093,Field to Clear,17,detail.questie.fields.objectives,[],"[[{""1"":4128,""3"":0},{""1"":3238,""3"":0}]]",objectives,QuestieDB,9d39232dab48e35811a7cc02473c2f4e42b62ab6,,no direct ATT field mapped
98093,Field to Clear,17,detail.questie.fields.startedBy,[],[[14242]],startedBy,QuestieDB,9d39232dab48e35811a7cc02473c2f4e42b62ab6,qg/provider; coord,
98093,Field to Clear,17,detail.questie.finishers,null,"[{""id"":14242,""name"":""Sulhasa"",""type"":""npc""}]",finishers,QuestieDB,9d39232dab48e35811a7cc02473c2f4e42b62ab6,,no direct ATT field mapped
98093,Field to Clear,17,detail.questie.starters,null,"[{""id"":14242,""name"":""Sulhasa"",""type"":""npc""}]",starters,QuestieDB,9d39232dab48e35811a7cc02473c2f4e42b62ab6,qg/provider; coord,
98093,Field to Clear,17,index.questieCommit,"""cac1eff815923f896d082764d023cf812454a023""","""9d39232dab48e35811a7cc02473c2f4e42b62ab6""",commit,QuestieDB,9d39232dab48e35811a7cc02473c2f4e42b62ab6,,conflicts with existing value; no direct ATT field mapped
98094,Scout Support,17,detail.questie.commit,"""cac1eff815923f896d082764d023cf812454a023""","""9d39232dab48e35811a7cc02473c2f4e42b62ab6""",commit,QuestieDB,9d39232dab48e35811a7cc02473c2f4e42b62ab6,,no direct ATT field mapped
98094,Scout Support,17,detail.questie.fields.sourceItemId,0,279394,sourceItemId,QuestieDB,9d39232dab48e35811a7cc02473c2f4e42b62ab6,,no direct ATT field mapped
98094,Scout Support,17,index.questieCommit,"""cac1eff815923f896d082764d023cf812454a023""","""9d39232dab48e35811a7cc02473c2f4e42b62ab6""",commit,QuestieDB,9d39232dab48e35811a7cc02473c2f4e42b62ab6,,conflicts with existing value; no direct ATT field mapped
98095,Valuable Vantages,17,detail.questie.commit,"""cac1eff815923f896d082764d023cf812454a023""","""9d39232dab48e35811a7cc02473c2f4e42b62ab6""",commit,QuestieDB,9d39232dab48e35811a7cc02473c2f4e42b62ab6,,no direct ATT field mapped
98095,Valuable Vantages,17,detail.questie.fields.sourceItemId,0,279395,sourceItemId,QuestieDB,9d39232dab48e35811a7cc02473c2f4e42b62ab6,,no direct ATT field mapped
98095,Valuable Vantages,17,index.questieCommit,"""cac1eff815923f896d082764d023cf812454a023""","""9d39232dab48e35811a7cc02473c2f4e42b62ab6""",commit,QuestieDB,9d39232dab48e35811a7cc02473c2f4e42b62ab6,,conflicts with existing value; no direct ATT field mapped
98189,Return the Statuette,11,detail.questie.commit,"""cac1eff815923f896d082764d023cf812454a023""","""9d39232dab48e35811a7cc02473c2f4e42b62ab6""",commit,QuestieDB,9d39232dab48e35811a7cc02473c2f4e42b62ab6,,no direct ATT field mapped
98189,Return the Statuette,11,detail.questie.fields.sourceItemId,0,279589,sourceItemId,QuestieDB,9d39232dab48e35811a7cc02473c2f4e42b62ab6,,no direct ATT field mapped
98189,Return the Statuette,11,index.questieCommit,"""cac1eff815923f896d082764d023cf812454a023""","""9d39232dab48e35811a7cc02473c2f4e42b62ab6""",commit,QuestieDB,9d39232dab48e35811a7cc02473c2f4e42b62ab6,,conflicts with existing value; no direct ATT field mapped
98190,A Friend of the Family,1519,detail.questie.commit,"""cac1eff815923f896d082764d023cf812454a023""","""9d39232dab48e35811a7cc02473c2f4e42b62ab6""",commit,QuestieDB,9d39232dab48e35811a7cc02473c2f4e42b62ab6,,no direct ATT field mapped
98190,A Friend of the Family,1519,detail.questie.fields.sourceItemId,0,279595,sourceItemId,QuestieDB,9d39232dab48e35811a7cc02473c2f4e42b62ab6,,no direct ATT field mapped
98190,A Friend of the Family,1519,index.questieCommit,"""cac1eff815923f896d082764d023cf812454a023""","""9d39232dab48e35811a7cc02473c2f4e42b62ab6""",commit,QuestieDB,9d39232dab48e35811a7cc02473c2f4e42b62ab6,,conflicts with existing value; no direct ATT field mapped
98191,A Friend of the Family,1519,detail.questie.commit,"""cac1eff815923f896d082764d023cf812454a023""","""9d39232dab48e35811a7cc02473c2f4e42b62ab6""",commit,QuestieDB,9d39232dab48e35811a7cc02473c2f4e42b62ab6,,no direct ATT field mapped
98191,A Friend of the Family,1519,detail.questie.fields.sourceItemId,0,279598,sourceItemId,QuestieDB,9d39232dab48e35811a7cc02473c2f4e42b62ab6,,no direct ATT field mapped
98191,A Friend of the Family,1519,index.questieCommit,"""cac1eff815923f896d082764d023cf812454a023""","""9d39232dab48e35811a7cc02473c2f4e42b62ab6""",commit,QuestieDB,9d39232dab48e35811a7cc02473c2f4e42b62ab6,,conflicts with existing value; no direct ATT field mapped
98197,Spoils of War,11,detail.questie.commit,"""cac1eff815923f896d082764d023cf812454a023""","""9d39232dab48e35811a7cc02473c2f4e42b62ab6""",commit,QuestieDB,9d39232dab48e35811a7cc02473c2f4e42b62ab6,,no direct ATT field mapped
98197,Spoils of War,11,detail.questie.fields.objectives,[],"{""3"":[{""1"":279821,""3"":0},{""1"":279822,""3"":0}]}",objectives,QuestieDB,9d39232dab48e35811a7cc02473c2f4e42b62ab6,,no direct ATT field mapped
98197,Spoils of War,11,index.questieCommit,"""cac1eff815923f896d082764d023cf812454a023""","""9d39232dab48e35811a7cc02473c2f4e42b62ab6""",commit,QuestieDB,9d39232dab48e35811a7cc02473c2f4e42b62ab6,,conflicts with existing value; no direct ATT field mapped
98219,The Shamed Lieutenant,1519,detail.questie.commit,"""cac1eff815923f896d082764d023cf812454a023""","""9d39232dab48e35811a7cc02473c2f4e42b62ab6""",commit,QuestieDB,9d39232dab48e35811a7cc02473c2f4e42b62ab6,,no direct ATT field mapped
98219,The Shamed Lieutenant,1519,index.questieCommit,"""cac1eff815923f896d082764d023cf812454a023""","""9d39232dab48e35811a7cc02473c2f4e42b62ab6""",commit,QuestieDB,9d39232dab48e35811a7cc02473c2f4e42b62ab6,,conflicts with existing value; no direct ATT field mapped
98240,Crimson Crate Delivery,11,detail.questie.commit,"""cac1eff815923f896d082764d023cf812454a023""","""9d39232dab48e35811a7cc02473c2f4e42b62ab6""",commit,QuestieDB,9d39232dab48e35811a7cc02473c2f4e42b62ab6,,no direct ATT field mapped
98240,Crimson Crate Delivery,11,detail.questie.fields.sourceItemId,0,280099,sourceItemId,QuestieDB,9d39232dab48e35811a7cc02473c2f4e42b62ab6,,no direct ATT field mapped
98240,Crimson Crate Delivery,11,index.questieCommit,"""cac1eff815923f896d082764d023cf812454a023""","""9d39232dab48e35811a7cc02473c2f4e42b62ab6""",commit,QuestieDB,9d39232dab48e35811a7cc02473c2f4e42b62ab6,,conflicts with existing value; no direct ATT field mapped
98245,Razormaw Needling,11,detail.questie.commit,"""cac1eff815923f896d082764d023cf812454a023""","""9d39232dab48e35811a7cc02473c2f4e42b62ab6""",commit,QuestieDB,9d39232dab48e35811a7cc02473c2f4e42b62ab6,,no direct ATT field mapped
98245,Razormaw Needling,11,detail.questie.fields.objectives,[],"{""3"":[{""1"":280103,""3"":0}]}",objectives,QuestieDB,9d39232dab48e35811a7cc02473c2f4e42b62ab6,,no direct ATT field mapped
98245,Razormaw Needling,11,index.questieCommit,"""cac1eff815923f896d082764d023cf812454a023""","""9d39232dab48e35811a7cc02473c2f4e42b62ab6""",commit,QuestieDB,9d39232dab48e35811a7cc02473c2f4e42b62ab6,,conflicts with existing value; no direct ATT field mapped
98246,Trying Times,11,detail.questie.commit,"""cac1eff815923f896d082764d023cf812454a023""","""9d39232dab48e35811a7cc02473c2f4e42b62ab6""",commit,QuestieDB,9d39232dab48e35811a7cc02473c2f4e42b62ab6,,no direct ATT field mapped
98246,Trying Times,11,detail.questie.fields.objectives,[],"{""3"":[{""1"":280132,""3"":0}]}",objectives,QuestieDB,9d39232dab48e35811a7cc02473c2f4e42b62ab6,,no direct ATT field mapped
98246,Trying Times,11,index.questieCommit,"""cac1eff815923f896d082764d023cf812454a023""","""9d39232dab48e35811a7cc02473c2f4e42b62ab6""",commit,QuestieDB,9d39232dab48e35811a7cc02473c2f4e42b62ab6,,conflicts with existing value; no direct ATT field mapped
98247,Shipping Label,44,detail.questie.commit,"""cac1eff815923f896d082764d023cf812454a023""","""9d39232dab48e35811a7cc02473c2f4e42b62ab6""",commit,QuestieDB,9d39232dab48e35811a7cc02473c2f4e42b62ab6,,no direct ATT field mapped
98247,Shipping Label,44,detail.questie.fields.objectives,[],"{""3"":[{""1"":280179,""3"":0}]}",objectives,QuestieDB,9d39232dab48e35811a7cc02473c2f4e42b62ab6,,no direct ATT field mapped
98247,Shipping Label,44,index.questieCommit,"""cac1eff815923f896d082764d023cf812454a023""","""9d39232dab48e35811a7cc02473c2f4e42b62ab6""",commit,QuestieDB,9d39232dab48e35811a7cc02473c2f4e42b62ab6,,conflicts with existing value; no direct ATT field mapped
98248,Shipping Label,44,detail.questie.commit,"""cac1eff815923f896d082764d023cf812454a023""","""9d39232dab48e35811a7cc02473c2f4e42b62ab6""",commit,QuestieDB,9d39232dab48e35811a7cc02473c2f4e42b62ab6,,no direct ATT field mapped
98248,Shipping Label,44,detail.questie.fields.objectives,[],"{""3"":[{""1"":280180,""3"":0}]}",objectives,QuestieDB,9d39232dab48e35811a7cc02473c2f4e42b62ab6,,no direct ATT field mapped
98248,Shipping Label,44,index.questieCommit,"""cac1eff815923f896d082764d023cf812454a023""","""9d39232dab48e35811a7cc02473c2f4e42b62ab6""",commit,QuestieDB,9d39232dab48e35811a7cc02473c2f4e42b62ab6,,conflicts with existing value; no direct ATT field mapped
98251,Never Coming Back,1638,detail.questie.commit,"""cac1eff815923f896d082764d023cf812454a023""","""9d39232dab48e35811a7cc02473c2f4e42b62ab6""",commit,QuestieDB,9d39232dab48e35811a7cc02473c2f4e42b62ab6,,no direct ATT field mapped
98251,Never Coming Back,1638,detail.questie.fields.objectives,[],"[[{""1"":3817,""3"":0},{""1"":3809,""3"":0}]]",objectives,QuestieDB,9d39232dab48e35811a7cc02473c2f4e42b62ab6,,no direct ATT field mapped
98251,Never Coming Back,1638,index.questieCommit,"""cac1eff815923f896d082764d023cf812454a023""","""9d39232dab48e35811a7cc02473c2f4e42b62ab6""",commit,QuestieDB,9d39232dab48e35811a7cc02473c2f4e42b62ab6,,conflicts with existing value; no direct ATT field mapped
98252,A Void Path,1638,detail.questie.commit,"""cac1eff815923f896d082764d023cf812454a023""","""9d39232dab48e35811a7cc02473c2f4e42b62ab6""",commit,QuestieDB,9d39232dab48e35811a7cc02473c2f4e42b62ab6,,no direct ATT field mapped
98252,A Void Path,1638,index.questieCommit,"""cac1eff815923f896d082764d023cf812454a023""","""9d39232dab48e35811a7cc02473c2f4e42b62ab6""",commit,QuestieDB,9d39232dab48e35811a7cc02473c2f4e42b62ab6,,conflicts with existing value; no direct ATT field mapped
98282,Alchemical Hazards,11,detail.questie.commit,"""cac1eff815923f896d082764d023cf812454a023""","""9d39232dab48e35811a7cc02473c2f4e42b62ab6""",commit,QuestieDB,9d39232dab48e35811a7cc02473c2f4e42b62ab6,,no direct ATT field mapped
98282,Alchemical Hazards,11,detail.questie.fields.objectives,[],"{""3"":[{""1"":280319,""3"":0}]}",objectives,QuestieDB,9d39232dab48e35811a7cc02473c2f4e42b62ab6,,no direct ATT field mapped
98282,Alchemical Hazards,11,detail.questie.fields.startedBy,[],[[1480]],startedBy,QuestieDB,9d39232dab48e35811a7cc02473c2f4e42b62ab6,qg/provider; coord,
98282,Alchemical Hazards,11,detail.questie.starters,null,"[{""id"":1480,""type"":""npc""}]",starters,QuestieDB,9d39232dab48e35811a7cc02473c2f4e42b62ab6,qg/provider; coord,
98282,Alchemical Hazards,11,index.questieCommit,"""cac1eff815923f896d082764d023cf812454a023""","""9d39232dab48e35811a7cc02473c2f4e42b62ab6""",commit,QuestieDB,9d39232dab48e35811a7cc02473c2f4e42b62ab6,,conflicts with existing value; no direct ATT field mapped
98284,Camping 101: Enchanting,-666,detail.questie.commit,"""cac1eff815923f896d082764d023cf812454a023""","""9d39232dab48e35811a7cc02473c2f4e42b62ab6""",commit,QuestieDB,9d39232dab48e35811a7cc02473c2f4e42b62ab6,,no direct ATT field mapped
98284,Camping 101: Enchanting,-666,detail.questie.fields.objectives,[],"[[{""1"":257020,""3"":3}]]",objectives,QuestieDB,9d39232dab48e35811a7cc02473c2f4e42b62ab6,,no direct ATT field mapped
98284,Camping 101: Enchanting,-666,index.questieCommit,"""cac1eff815923f896d082764d023cf812454a023""","""9d39232dab48e35811a7cc02473c2f4e42b62ab6""",commit,QuestieDB,9d39232dab48e35811a7cc02473c2f4e42b62ab6,,conflicts with existing value; no direct ATT field mapped
98285,Camping 101: Engineering,-666,detail.questie.commit,"""cac1eff815923f896d082764d023cf812454a023""","""9d39232dab48e35811a7cc02473c2f4e42b62ab6""",commit,QuestieDB,9d39232dab48e35811a7cc02473c2f4e42b62ab6,,no direct ATT field mapped
98285,Camping 101: Engineering,-666,detail.questie.fields.objectives,[],"[[{""1"":251684,""3"":3}]]",objectives,QuestieDB,9d39232dab48e35811a7cc02473c2f4e42b62ab6,,no direct ATT field mapped
98285,Camping 101: Engineering,-666,detail.questie.finishers,"[{""id"":251684,""name"":""Strange Hermit"",""spawns"":{""16593"":[[54.01,38.93]]},""type"":""npc""}]","[{""id"":251684,""name"":""Strange Hermit"",""spawns"":{""16593"":[[53.96,38.9]]},""type"":""npc""}]",finishers,QuestieDB,9d39232dab48e35811a7cc02473c2f4e42b62ab6,,no direct ATT field mapped
98285,Camping 101: Engineering,-666,detail.questie.starters,"[{""id"":251684,""name"":""Strange Hermit"",""spawns"":{""16593"":[[54.01,38.93]]},""type"":""npc""}]","[{""id"":251684,""name"":""Strange Hermit"",""spawns"":{""16593"":[[53.96,38.9]]},""type"":""npc""}]",starters,QuestieDB,9d39232dab48e35811a7cc02473c2f4e42b62ab6,qg/provider; coord,
98285,Camping 101: Engineering,-666,index.questieCommit,"""cac1eff815923f896d082764d023cf812454a023""","""9d39232dab48e35811a7cc02473c2f4e42b62ab6""",commit,QuestieDB,9d39232dab48e35811a7cc02473c2f4e42b62ab6,,conflicts with existing value; no direct ATT field mapped
98286,Camping 101: Enchanting,-666,detail.questie.commit,"""cac1eff815923f896d082764d023cf812454a023""","""9d39232dab48e35811a7cc02473c2f4e42b62ab6""",commit,QuestieDB,9d39232dab48e35811a7cc02473c2f4e42b62ab6,,no direct ATT field mapped
98286,Camping 101: Enchanting,-666,detail.questie.fields.objectives,[],"[[{""1"":257020,""3"":3}]]",objectives,QuestieDB,9d39232dab48e35811a7cc02473c2f4e42b62ab6,,no direct ATT field mapped
98286,Camping 101: Enchanting,-666,index.questieCommit,"""cac1eff815923f896d082764d023cf812454a023""","""9d39232dab48e35811a7cc02473c2f4e42b62ab6""",commit,QuestieDB,9d39232dab48e35811a7cc02473c2f4e42b62ab6,,conflicts with existing value; no direct ATT field mapped
98287,Camping 101: Engineering,-666,detail.questie.commit,"""cac1eff815923f896d082764d023cf812454a023""","""9d39232dab48e35811a7cc02473c2f4e42b62ab6""",commit,QuestieDB,9d39232dab48e35811a7cc02473c2f4e42b62ab6,,no direct ATT field mapped
98287,Camping 101: Engineering,-666,index.questieCommit,"""cac1eff815923f896d082764d023cf812454a023""","""9d39232dab48e35811a7cc02473c2f4e42b62ab6""",commit,QuestieDB,9d39232dab48e35811a7cc02473c2f4e42b62ab6,,conflicts with existing value; no direct ATT field mapped
98293,Forced Disarmament,11,detail.questie.commit,"""cac1eff815923f896d082764d023cf812454a023""","""9d39232dab48e35811a7cc02473c2f4e42b62ab6""",commit,QuestieDB,9d39232dab48e35811a7cc02473c2f4e42b62ab6,,no direct ATT field mapped
98293,Forced Disarmament,11,detail.questie.fields.objectives,[],"{""3"":[{""1"":280369,""3"":0}]}",objectives,QuestieDB,9d39232dab48e35811a7cc02473c2f4e42b62ab6,,no direct ATT field mapped
98293,Forced Disarmament,11,index.questieCommit,"""cac1eff815923f896d082764d023cf812454a023""","""9d39232dab48e35811a7cc02473c2f4e42b62ab6""",commit,QuestieDB,9d39232dab48e35811a7cc02473c2f4e42b62ab6,,conflicts with existing value; no direct ATT field mapped
98298,Arugal's Folly,130,detail.questie.commit,"""cac1eff815923f896d082764d023cf812454a023""","""9d39232dab48e35811a7cc02473c2f4e42b62ab6""",commit,QuestieDB,9d39232dab48e35811a7cc02473c2f4e42b62ab6,,no direct ATT field mapped
98298,Arugal's Folly,130,detail.questie.fields.objectives,[],"{""3"":[{""1"":280375,""3"":0}]}",objectives,QuestieDB,9d39232dab48e35811a7cc02473c2f4e42b62ab6,,no direct ATT field mapped
98298,Arugal's Folly,130,index.questieCommit,"""cac1eff815923f896d082764d023cf812454a023""","""9d39232dab48e35811a7cc02473c2f4e42b62ab6""",commit,QuestieDB,9d39232dab48e35811a7cc02473c2f4e42b62ab6,,conflicts with existing value; no direct ATT field mapped
98299,Stop the Spread,130,detail.questie.commit,"""cac1eff815923f896d082764d023cf812454a023""","""9d39232dab48e35811a7cc02473c2f4e42b62ab6""",commit,QuestieDB,9d39232dab48e35811a7cc02473c2f4e42b62ab6,,no direct ATT field mapped
98299,Stop the Spread,130,detail.questie.fields.objectives,[],"[[{""1"":2053,""3"":0},{""1"":2054,""3"":0}]]",objectives,QuestieDB,9d39232dab48e35811a7cc02473c2f4e42b62ab6,,no direct ATT field mapped
98299,Stop the Spread,130,index.questieCommit,"""cac1eff815923f896d082764d023cf812454a023""","""9d39232dab48e35811a7cc02473c2f4e42b62ab6""",commit,QuestieDB,9d39232dab48e35811a7cc02473c2f4e42b62ab6,,conflicts with existing value; no direct ATT field mapped
98319,Secure the Mountain,1,detail.questie.commit,"""cac1eff815923f896d082764d023cf812454a023""","""9d39232dab48e35811a7cc02473c2f4e42b62ab6""",commit,QuestieDB,9d39232dab48e35811a7cc02473c2f4e42b62ab6,,no direct ATT field mapped
98319,Secure the Mountain,1,index.questieCommit,"""cac1eff815923f896d082764d023cf812454a023""","""9d39232dab48e35811a7cc02473c2f4e42b62ab6""",commit,QuestieDB,9d39232dab48e35811a7cc02473c2f4e42b62ab6,,conflicts with existing value; no direct ATT field mapped
98321,Flintfire's Shipment,1,detail.questie.commit,"""cac1eff815923f896d082764d023cf812454a023""","""9d39232dab48e35811a7cc02473c2f4e42b62ab6""",commit,QuestieDB,9d39232dab48e35811a7cc02473c2f4e42b62ab6,,no direct ATT field mapped
98321,Flintfire's Shipment,1,detail.questie.fields.objectives,[],"{""3"":[{""1"":280413,""3"":0}]}",objectives,QuestieDB,9d39232dab48e35811a7cc02473c2f4e42b62ab6,,no direct ATT field mapped
98321,Flintfire's Shipment,1,index.questieCommit,"""cac1eff815923f896d082764d023cf812454a023""","""9d39232dab48e35811a7cc02473c2f4e42b62ab6""",commit,QuestieDB,9d39232dab48e35811a7cc02473c2f4e42b62ab6,,conflicts with existing value; no direct ATT field mapped
98322,Secure the Mountain,1,detail.questie.commit,"""cac1eff815923f896d082764d023cf812454a023""","""9d39232dab48e35811a7cc02473c2f4e42b62ab6""",commit,QuestieDB,9d39232dab48e35811a7cc02473c2f4e42b62ab6,,no direct ATT field mapped
98322,Secure the Mountain,1,index.questieCommit,"""cac1eff815923f896d082764d023cf812454a023""","""9d39232dab48e35811a7cc02473c2f4e42b62ab6""",commit,QuestieDB,9d39232dab48e35811a7cc02473c2f4e42b62ab6,,conflicts with existing value; no direct ATT field mapped
98323,Secure the Mountain,1,detail.questie.commit,"""cac1eff815923f896d082764d023cf812454a023""","""9d39232dab48e35811a7cc02473c2f4e42b62ab6""",commit,QuestieDB,9d39232dab48e35811a7cc02473c2f4e42b62ab6,,no direct ATT field mapped
98323,Secure the Mountain,1,detail.questie.fields.sourceItemId,0,280430,sourceItemId,QuestieDB,9d39232dab48e35811a7cc02473c2f4e42b62ab6,,no direct ATT field mapped
98323,Secure the Mountain,1,index.questieCommit,"""cac1eff815923f896d082764d023cf812454a023""","""9d39232dab48e35811a7cc02473c2f4e42b62ab6""",commit,QuestieDB,9d39232dab48e35811a7cc02473c2f4e42b62ab6,,conflicts with existing value; no direct ATT field mapped
98326,Frosthowl,1,detail.questie.commit,"""cac1eff815923f896d082764d023cf812454a023""","""9d39232dab48e35811a7cc02473c2f4e42b62ab6""",commit,QuestieDB,9d39232dab48e35811a7cc02473c2f4e42b62ab6,,no direct ATT field mapped
98326,Frosthowl,1,detail.questie.fields.objectives,[],"{""3"":[{""1"":280426,""3"":0}]}",objectives,QuestieDB,9d39232dab48e35811a7cc02473c2f4e42b62ab6,,no direct ATT field mapped
98326,Frosthowl,1,index.questieCommit,"""cac1eff815923f896d082764d023cf812454a023""","""9d39232dab48e35811a7cc02473c2f4e42b62ab6""",commit,QuestieDB,9d39232dab48e35811a7cc02473c2f4e42b62ab6,,conflicts with existing value; no direct ATT field mapped
98340,The Great Cat Spirit,-263,detail.questie.commit,"""cac1eff815923f896d082764d023cf812454a023""","""9d39232dab48e35811a7cc02473c2f4e42b62ab6""",commit,QuestieDB,9d39232dab48e35811a7cc02473c2f4e42b62ab6,,no direct ATT field mapped
98340,The Great Cat Spirit,-263,index.questieCommit,"""cac1eff815923f896d082764d023cf812454a023""","""9d39232dab48e35811a7cc02473c2f4e42b62ab6""",commit,QuestieDB,9d39232dab48e35811a7cc02473c2f4e42b62ab6,,conflicts with existing value; no direct ATT field mapped
98341,The Great Windborne Cat Spirit,-263,detail.questie.commit,"""cac1eff815923f896d082764d023cf812454a023""","""9d39232dab48e35811a7cc02473c2f4e42b62ab6""",commit,QuestieDB,9d39232dab48e35811a7cc02473c2f4e42b62ab6,,no direct ATT field mapped
98341,The Great Windborne Cat Spirit,-263,index.questieCommit,"""cac1eff815923f896d082764d023cf812454a023""","""9d39232dab48e35811a7cc02473c2f4e42b62ab6""",commit,QuestieDB,9d39232dab48e35811a7cc02473c2f4e42b62ab6,,conflicts with existing value; no direct ATT field mapped
98342,The Great Cat Spirit,-263,detail.questie.commit,"""cac1eff815923f896d082764d023cf812454a023""","""9d39232dab48e35811a7cc02473c2f4e42b62ab6""",commit,QuestieDB,9d39232dab48e35811a7cc02473c2f4e42b62ab6,,no direct ATT field mapped
98342,The Great Cat Spirit,-263,detail.questie.fields.objectives,[],"{""3"":[{""1"":280502,""3"":0},{""1"":280679,""3"":0},{""1"":280680,""3"":0}]}",objectives,QuestieDB,9d39232dab48e35811a7cc02473c2f4e42b62ab6,,no direct ATT field mapped
98342,The Great Cat Spirit,-263,index.questieCommit,"""cac1eff815923f896d082764d023cf812454a023""","""9d39232dab48e35811a7cc02473c2f4e42b62ab6""",commit,QuestieDB,9d39232dab48e35811a7cc02473c2f4e42b62ab6,,conflicts with existing value; no direct ATT field mapped
98362,To Thunder Bluff,-263,detail.questie.commit,"""cac1eff815923f896d082764d023cf812454a023""","""9d39232dab48e35811a7cc02473c2f4e42b62ab6""",commit,QuestieDB,9d39232dab48e35811a7cc02473c2f4e42b62ab6,,no direct ATT field mapped
98362,To Thunder Bluff,-263,index.questieCommit,"""cac1eff815923f896d082764d023cf812454a023""","""9d39232dab48e35811a7cc02473c2f4e42b62ab6""",commit,QuestieDB,9d39232dab48e35811a7cc02473c2f4e42b62ab6,,conflicts with existing value; no direct ATT field mapped
98386,Alther's Mill,44,detail.questie.commit,"""cac1eff815923f896d082764d023cf812454a023""","""9d39232dab48e35811a7cc02473c2f4e42b62ab6""",commit,QuestieDB,9d39232dab48e35811a7cc02473c2f4e42b62ab6,,no direct ATT field mapped
98386,Alther's Mill,44,detail.questie.fields.objectives,[],"[[{""1"":505,""3"":0}]]",objectives,QuestieDB,9d39232dab48e35811a7cc02473c2f4e42b62ab6,,no direct ATT field mapped
98386,Alther's Mill,44,index.questieCommit,"""cac1eff815923f896d082764d023cf812454a023""","""9d39232dab48e35811a7cc02473c2f4e42b62ab6""",commit,QuestieDB,9d39232dab48e35811a7cc02473c2f4e42b62ab6,,conflicts with existing value; no direct ATT field mapped
98387,Blackrock Blockade,44,detail.questie.commit,"""cac1eff815923f896d082764d023cf812454a023""","""9d39232dab48e35811a7cc02473c2f4e42b62ab6""",commit,QuestieDB,9d39232dab48e35811a7cc02473c2f4e42b62ab6,,no direct ATT field mapped
98387,Blackrock Blockade,44,detail.questie.fields.objectives,[],"{""3"":[{""1"":280839,""3"":0},{""1"":280841,""3"":0}]}",objectives,QuestieDB,9d39232dab48e35811a7cc02473c2f4e42b62ab6,,no direct ATT field mapped
98387,Blackrock Blockade,44,index.questieCommit,"""cac1eff815923f896d082764d023cf812454a023""","""9d39232dab48e35811a7cc02473c2f4e42b62ab6""",commit,QuestieDB,9d39232dab48e35811a7cc02473c2f4e42b62ab6,,conflicts with existing value; no direct ATT field mapped
98389,A Light in the Darkness,85,detail.questie.commit,"""cac1eff815923f896d082764d023cf812454a023""","""9d39232dab48e35811a7cc02473c2f4e42b62ab6""",commit,QuestieDB,9d39232dab48e35811a7cc02473c2f4e42b62ab6,,no direct ATT field mapped
98389,A Light in the Darkness,85,index.questieCommit,"""cac1eff815923f896d082764d023cf812454a023""","""9d39232dab48e35811a7cc02473c2f4e42b62ab6""",commit,QuestieDB,9d39232dab48e35811a7cc02473c2f4e42b62ab6,,conflicts with existing value; no direct ATT field mapped
98391,The Sisterhood of Elune,1657,detail.questie.commit,"""cac1eff815923f896d082764d023cf812454a023""","""9d39232dab48e35811a7cc02473c2f4e42b62ab6""",commit,QuestieDB,9d39232dab48e35811a7cc02473c2f4e42b62ab6,,no direct ATT field mapped
98391,The Sisterhood of Elune,1657,index.questieCommit,"""cac1eff815923f896d082764d023cf812454a023""","""9d39232dab48e35811a7cc02473c2f4e42b62ab6""",commit,QuestieDB,9d39232dab48e35811a7cc02473c2f4e42b62ab6,,conflicts with existing value; no direct ATT field mapped
98392,Darkness in the Glade,141,detail.questie.commit,"""cac1eff815923f896d082764d023cf812454a023""","""9d39232dab48e35811a7cc02473c2f4e42b62ab6""",commit,QuestieDB,9d39232dab48e35811a7cc02473c2f4e42b62ab6,,no direct ATT field mapped
98392,Darkness in the Glade,141,detail.questie.fields.objectives,[],"{""3"":[{""1"":280831,""3"":0},{""1"":280832,""3"":0},{""1"":280834,""3"":0}]}",objectives,QuestieDB,9d39232dab48e35811a7cc02473c2f4e42b62ab6,,no direct ATT field mapped
98392,Darkness in the Glade,141,index.questieCommit,"""cac1eff815923f896d082764d023cf812454a023""","""9d39232dab48e35811a7cc02473c2f4e42b62ab6""",commit,QuestieDB,9d39232dab48e35811a7cc02473c2f4e42b62ab6,,conflicts with existing value; no direct ATT field mapped
98393,The Great Cat Spirit,-263,detail.questie.commit,"""cac1eff815923f896d082764d023cf812454a023""","""9d39232dab48e35811a7cc02473c2f4e42b62ab6""",commit,QuestieDB,9d39232dab48e35811a7cc02473c2f4e42b62ab6,,no direct ATT field mapped
98393,The Great Cat Spirit,-263,index.questieCommit,"""cac1eff815923f896d082764d023cf812454a023""","""9d39232dab48e35811a7cc02473c2f4e42b62ab6""",commit,QuestieDB,9d39232dab48e35811a7cc02473c2f4e42b62ab6,,conflicts with existing value; no direct ATT field mapped
98394,The Great Cat Spirit,-263,detail.questie.commit,"""cac1eff815923f896d082764d023cf812454a023""","""9d39232dab48e35811a7cc02473c2f4e42b62ab6""",commit,QuestieDB,9d39232dab48e35811a7cc02473c2f4e42b62ab6,,no direct ATT field mapped
98394,The Great Cat Spirit,-263,index.questieCommit,"""cac1eff815923f896d082764d023cf812454a023""","""9d39232dab48e35811a7cc02473c2f4e42b62ab6""",commit,QuestieDB,9d39232dab48e35811a7cc02473c2f4e42b62ab6,,conflicts with existing value; no direct ATT field mapped
98396,The Great Cat Spirit,-263,detail.questie.commit,"""cac1eff815923f896d082764d023cf812454a023""","""9d39232dab48e35811a7cc02473c2f4e42b62ab6""",commit,QuestieDB,9d39232dab48e35811a7cc02473c2f4e42b62ab6,,no direct ATT field mapped
98396,The Great Cat Spirit,-263,detail.questie.fields.objectives,[],"{""3"":[{""1"":280502,""3"":0},{""1"":280679,""3"":0},{""1"":280680,""3"":0}]}",objectives,QuestieDB,9d39232dab48e35811a7cc02473c2f4e42b62ab6,,no direct ATT field mapped
98396,The Great Cat Spirit,-263,index.questieCommit,"""cac1eff815923f896d082764d023cf812454a023""","""9d39232dab48e35811a7cc02473c2f4e42b62ab6""",commit,QuestieDB,9d39232dab48e35811a7cc02473c2f4e42b62ab6,,conflicts with existing value; no direct ATT field mapped
98397,To Darnassus,-263,detail.questie.commit,"""cac1eff815923f896d082764d023cf812454a023""","""9d39232dab48e35811a7cc02473c2f4e42b62ab6""",commit,QuestieDB,9d39232dab48e35811a7cc02473c2f4e42b62ab6,,no direct ATT field mapped
98397,To Darnassus,-263,index.questieCommit,"""cac1eff815923f896d082764d023cf812454a023""","""9d39232dab48e35811a7cc02473c2f4e42b62ab6""",commit,QuestieDB,9d39232dab48e35811a7cc02473c2f4e42b62ab6,,conflicts with existing value; no direct ATT field mapped
98398,The Oracle Tree,141,detail.questie.commit,"""cac1eff815923f896d082764d023cf812454a023""","""9d39232dab48e35811a7cc02473c2f4e42b62ab6""",commit,QuestieDB,9d39232dab48e35811a7cc02473c2f4e42b62ab6,,no direct ATT field mapped
98398,The Oracle Tree,141,detail.questie.fields.finishedBy,[],"{""2"":[673378]}",finishedBy,QuestieDB,9d39232dab48e35811a7cc02473c2f4e42b62ab6,,no direct ATT field mapped
98398,The Oracle Tree,141,detail.questie.finishers,null,"[{""id"":673378,""name"":""Oracle Tree Bark"",""spawns"":{""141"":[[36.99,33.97],[37.03,34.1]]},""type"":""object""}]",finishers,QuestieDB,9d39232dab48e35811a7cc02473c2f4e42b62ab6,,no direct ATT field mapped
98398,The Oracle Tree,141,index.questieCommit,"""cac1eff815923f896d082764d023cf812454a023""","""9d39232dab48e35811a7cc02473c2f4e42b62ab6""",commit,QuestieDB,9d39232dab48e35811a7cc02473c2f4e42b62ab6,,conflicts with existing value; no direct ATT field mapped
98403,Twisted Hatred,141,detail.questie.commit,"""cac1eff815923f896d082764d023cf812454a023""","""9d39232dab48e35811a7cc02473c2f4e42b62ab6""",commit,QuestieDB,9d39232dab48e35811a7cc02473c2f4e42b62ab6,,no direct ATT field mapped
98403,Twisted Hatred,141,detail.questie.fields.objectives,[],"{""1"":[{""1"":272096,""3"":0}],""3"":[{""1"":281023,""3"":0}]}",objectives,QuestieDB,9d39232dab48e35811a7cc02473c2f4e42b62ab6,,no direct ATT field mapped
98403,Twisted Hatred,141,index.questieCommit,"""cac1eff815923f896d082764d023cf812454a023""","""9d39232dab48e35811a7cc02473c2f4e42b62ab6""",commit,QuestieDB,9d39232dab48e35811a7cc02473c2f4e42b62ab6,,conflicts with existing value; no direct ATT field mapped
98404,The Great Windborne Cat Spirit,-263,detail.questie.commit,"""cac1eff815923f896d082764d023cf812454a023""","""9d39232dab48e35811a7cc02473c2f4e42b62ab6""",commit,QuestieDB,9d39232dab48e35811a7cc02473c2f4e42b62ab6,,no direct ATT field mapped
98404,The Great Windborne Cat Spirit,-263,detail.questie.fields.objectives,[],"{""3"":[{""1"":280502,""3"":0},{""1"":280679,""3"":0},{""1"":280680,""3"":0}]}",objectives,QuestieDB,9d39232dab48e35811a7cc02473c2f4e42b62ab6,,no direct ATT field mapped
98404,The Great Windborne Cat Spirit,-263,index.questieCommit,"""cac1eff815923f896d082764d023cf812454a023""","""9d39232dab48e35811a7cc02473c2f4e42b62ab6""",commit,QuestieDB,9d39232dab48e35811a7cc02473c2f4e42b62ab6,,conflicts with existing value; no direct ATT field mapped
98405,The Great Cat Spirit,-263,detail.questie.commit,"""cac1eff815923f896d082764d023cf812454a023""","""9d39232dab48e35811a7cc02473c2f4e42b62ab6""",commit,QuestieDB,9d39232dab48e35811a7cc02473c2f4e42b62ab6,,no direct ATT field mapped
98405,The Great Cat Spirit,-263,index.questieCommit,"""cac1eff815923f896d082764d023cf812454a023""","""9d39232dab48e35811a7cc02473c2f4e42b62ab6""",commit,QuestieDB,9d39232dab48e35811a7cc02473c2f4e42b62ab6,,conflicts with existing value; no direct ATT field mapped
98407,Show of Force,44,detail.questie.commit,"""cac1eff815923f896d082764d023cf812454a023""","""9d39232dab48e35811a7cc02473c2f4e42b62ab6""",commit,QuestieDB,9d39232dab48e35811a7cc02473c2f4e42b62ab6,,no direct ATT field mapped
98407,Show of Force,44,detail.questie.fields.objectives,[],"{""3"":[{""1"":280911,""3"":0}]}",objectives,QuestieDB,9d39232dab48e35811a7cc02473c2f4e42b62ab6,,no direct ATT field mapped
98407,Show of Force,44,index.questieCommit,"""cac1eff815923f896d082764d023cf812454a023""","""9d39232dab48e35811a7cc02473c2f4e42b62ab6""",commit,QuestieDB,9d39232dab48e35811a7cc02473c2f4e42b62ab6,,conflicts with existing value; no direct ATT field mapped
98423,The Treaty of Understanding,1,detail.questie.commit,"""cac1eff815923f896d082764d023cf812454a023""","""9d39232dab48e35811a7cc02473c2f4e42b62ab6""",commit,QuestieDB,9d39232dab48e35811a7cc02473c2f4e42b62ab6,,no direct ATT field mapped
98423,The Treaty of Understanding,1,detail.questie.fields.sourceItemId,0,281030,sourceItemId,QuestieDB,9d39232dab48e35811a7cc02473c2f4e42b62ab6,,no direct ATT field mapped
98423,The Treaty of Understanding,1,index.questieCommit,"""cac1eff815923f896d082764d023cf812454a023""","""9d39232dab48e35811a7cc02473c2f4e42b62ab6""",commit,QuestieDB,9d39232dab48e35811a7cc02473c2f4e42b62ab6,,conflicts with existing value; no direct ATT field mapped
98424,Fizsprocket's Notes,215,detail.questie.commit,"""cac1eff815923f896d082764d023cf812454a023""","""9d39232dab48e35811a7cc02473c2f4e42b62ab6""",commit,QuestieDB,9d39232dab48e35811a7cc02473c2f4e42b62ab6,,no direct ATT field mapped
98424,Fizsprocket's Notes,215,detail.questie.fields.objectives,[],"{""3"":[{""1"":281035,""3"":0},{""1"":281036,""3"":0},{""1"":281037,""3"":0}]}",objectives,QuestieDB,9d39232dab48e35811a7cc02473c2f4e42b62ab6,,no direct ATT field mapped
98424,Fizsprocket's Notes,215,index.questieCommit,"""cac1eff815923f896d082764d023cf812454a023""","""9d39232dab48e35811a7cc02473c2f4e42b62ab6""",commit,QuestieDB,9d39232dab48e35811a7cc02473c2f4e42b62ab6,,conflicts with existing value; no direct ATT field mapped
98427,Ceasing Operations,215,detail.questie.commit,"""cac1eff815923f896d082764d023cf812454a023""","""9d39232dab48e35811a7cc02473c2f4e42b62ab6""",commit,QuestieDB,9d39232dab48e35811a7cc02473c2f4e42b62ab6,,no direct ATT field mapped
98427,Ceasing Operations,215,detail.questie.fields.objectives,[],"{""3"":[{""1"":281048,""3"":0}]}",objectives,QuestieDB,9d39232dab48e35811a7cc02473c2f4e42b62ab6,,no direct ATT field mapped
98427,Ceasing Operations,215,index.questieCommit,"""cac1eff815923f896d082764d023cf812454a023""","""9d39232dab48e35811a7cc02473c2f4e42b62ab6""",commit,QuestieDB,9d39232dab48e35811a7cc02473c2f4e42b62ab6,,conflicts with existing value; no direct ATT field mapped
98430,The Longwalkers,215,detail.questie.commit,"""cac1eff815923f896d082764d023cf812454a023""","""9d39232dab48e35811a7cc02473c2f4e42b62ab6""",commit,QuestieDB,9d39232dab48e35811a7cc02473c2f4e42b62ab6,,no direct ATT field mapped
98430,The Longwalkers,215,detail.questie.fields.triggerEnd,null,"[""Escort Perith Stormhoof out of Palemane Rock"",{""215"":[[37.19,64.62]]}]",triggerEnd,QuestieDB,9d39232dab48e35811a7cc02473c2f4e42b62ab6,,no direct ATT field mapped
98430,The Longwalkers,215,detail.questie.provenance.triggerEnd,null,"""QuestieDB""",triggerEnd,QuestieDB,9d39232dab48e35811a7cc02473c2f4e42b62ab6,,no direct ATT field mapped
98430,The Longwalkers,215,index.questieCommit,"""cac1eff815923f896d082764d023cf812454a023""","""9d39232dab48e35811a7cc02473c2f4e42b62ab6""",commit,QuestieDB,9d39232dab48e35811a7cc02473c2f4e42b62ab6,,conflicts with existing value; no direct ATT field mapped
98435,Thunderhorn's Report,215,detail.questie.commit,"""cac1eff815923f896d082764d023cf812454a023""","""9d39232dab48e35811a7cc02473c2f4e42b62ab6""",commit,QuestieDB,9d39232dab48e35811a7cc02473c2f4e42b62ab6,,no direct ATT field mapped
98435,Thunderhorn's Report,215,detail.questie.fields.sourceItemId,0,281139,sourceItemId,QuestieDB,9d39232dab48e35811a7cc02473c2f4e42b62ab6,,no direct ATT field mapped
98435,Thunderhorn's Report,215,index.questieCommit,"""cac1eff815923f896d082764d023cf812454a023""","""9d39232dab48e35811a7cc02473c2f4e42b62ab6""",commit,QuestieDB,9d39232dab48e35811a7cc02473c2f4e42b62ab6,,conflicts with existing value; no direct ATT field mapped
98459,A Lack of Virtue,11,detail.questie.commit,"""cac1eff815923f896d082764d023cf812454a023""","""9d39232dab48e35811a7cc02473c2f4e42b62ab6""",commit,QuestieDB,9d39232dab48e35811a7cc02473c2f4e42b62ab6,,no direct ATT field mapped
98459,A Lack of Virtue,11,detail.questie.fields.sourceItemId,0,281240,sourceItemId,QuestieDB,9d39232dab48e35811a7cc02473c2f4e42b62ab6,,no direct ATT field mapped
98459,A Lack of Virtue,11,index.questieCommit,"""cac1eff815923f896d082764d023cf812454a023""","""9d39232dab48e35811a7cc02473c2f4e42b62ab6""",commit,QuestieDB,9d39232dab48e35811a7cc02473c2f4e42b62ab6,,conflicts with existing value; no direct ATT field mapped
98461,Unrequited Love,11,detail.questie.commit,"""cac1eff815923f896d082764d023cf812454a023""","""9d39232dab48e35811a7cc02473c2f4e42b62ab6""",commit,QuestieDB,9d39232dab48e35811a7cc02473c2f4e42b62ab6,,no direct ATT field mapped
98461,Unrequited Love,11,detail.questie.fields.sourceItemId,0,281243,sourceItemId,QuestieDB,9d39232dab48e35811a7cc02473c2f4e42b62ab6,,no direct ATT field mapped
98461,Unrequited Love,11,index.questieCommit,"""cac1eff815923f896d082764d023cf812454a023""","""9d39232dab48e35811a7cc02473c2f4e42b62ab6""",commit,QuestieDB,9d39232dab48e35811a7cc02473c2f4e42b62ab6,,conflicts with existing value; no direct ATT field mapped
98512,Al'Aketh Assassins,16593,detail.questie.commit,"""cac1eff815923f896d082764d023cf812454a023""","""9d39232dab48e35811a7cc02473c2f4e42b62ab6""",commit,QuestieDB,9d39232dab48e35811a7cc02473c2f4e42b62ab6,,no direct ATT field mapped
98512,Al'Aketh Assassins,16593,detail.questie.fields.objectives,[],"[[{""1"":254626,""3"":0}]]",objectives,QuestieDB,9d39232dab48e35811a7cc02473c2f4e42b62ab6,,no direct ATT field mapped
98512,Al'Aketh Assassins,16593,index.questieCommit,"""cac1eff815923f896d082764d023cf812454a023""","""9d39232dab48e35811a7cc02473c2f4e42b62ab6""",commit,QuestieDB,9d39232dab48e35811a7cc02473c2f4e42b62ab6,,conflicts with existing value; no direct ATT field mapped
98517,Call of Fire,-82,detail.questie.commit,"""cac1eff815923f896d082764d023cf812454a023""","""9d39232dab48e35811a7cc02473c2f4e42b62ab6""",commit,QuestieDB,9d39232dab48e35811a7cc02473c2f4e42b62ab6,,no direct ATT field mapped
98517,Call of Fire,-82,detail.questie.fields.objectives,[],"{""3"":[{""1"":6653,""3"":0}]}",objectives,QuestieDB,9d39232dab48e35811a7cc02473c2f4e42b62ab6,,no direct ATT field mapped
98517,Call of Fire,-82,index.questieCommit,"""cac1eff815923f896d082764d023cf812454a023""","""9d39232dab48e35811a7cc02473c2f4e42b62ab6""",commit,QuestieDB,9d39232dab48e35811a7cc02473c2f4e42b62ab6,,conflicts with existing value; no direct ATT field mapped
98545,Leonid's Letter,85,detail.questie.commit,"""cac1eff815923f896d082764d023cf812454a023""","""9d39232dab48e35811a7cc02473c2f4e42b62ab6""",commit,QuestieDB,9d39232dab48e35811a7cc02473c2f4e42b62ab6,,no direct ATT field mapped
98545,Leonid's Letter,85,detail.questie.fields.sourceItemId,0,282065,sourceItemId,QuestieDB,9d39232dab48e35811a7cc02473c2f4e42b62ab6,,no direct ATT field mapped
98545,Leonid's Letter,85,index.questieCommit,"""cac1eff815923f896d082764d023cf812454a023""","""9d39232dab48e35811a7cc02473c2f4e42b62ab6""",commit,QuestieDB,9d39232dab48e35811a7cc02473c2f4e42b62ab6,,conflicts with existing value; no direct ATT field mapped
98574,Hallowed Memorandum,-262,detail.questie.commit,"""cac1eff815923f896d082764d023cf812454a023""","""9d39232dab48e35811a7cc02473c2f4e42b62ab6""",commit,QuestieDB,9d39232dab48e35811a7cc02473c2f4e42b62ab6,,no direct ATT field mapped
98574,Hallowed Memorandum,-262,detail.questie.fields.sourceItemId,0,282338,sourceItemId,QuestieDB,9d39232dab48e35811a7cc02473c2f4e42b62ab6,,no direct ATT field mapped
98574,Hallowed Memorandum,-262,index.questieCommit,"""cac1eff815923f896d082764d023cf812454a023""","""9d39232dab48e35811a7cc02473c2f4e42b62ab6""",commit,QuestieDB,9d39232dab48e35811a7cc02473c2f4e42b62ab6,,conflicts with existing value; no direct ATT field mapped
98575,Tainted Tablet,-61,detail.questie.commit,"""cac1eff815923f896d082764d023cf812454a023""","""9d39232dab48e35811a7cc02473c2f4e42b62ab6""",commit,QuestieDB,9d39232dab48e35811a7cc02473c2f4e42b62ab6,,no direct ATT field mapped
98575,Tainted Tablet,-61,detail.questie.fields.sourceItemId,0,282346,sourceItemId,QuestieDB,9d39232dab48e35811a7cc02473c2f4e42b62ab6,,no direct ATT field mapped
98575,Tainted Tablet,-61,index.questieCommit,"""cac1eff815923f896d082764d023cf812454a023""","""9d39232dab48e35811a7cc02473c2f4e42b62ab6""",commit,QuestieDB,9d39232dab48e35811a7cc02473c2f4e42b62ab6,,conflicts with existing value; no direct ATT field mapped
98576,Glyphic Parchment,-161,detail.questie.commit,"""cac1eff815923f896d082764d023cf812454a023""","""9d39232dab48e35811a7cc02473c2f4e42b62ab6""",commit,QuestieDB,9d39232dab48e35811a7cc02473c2f4e42b62ab6,,no direct ATT field mapped
98576,Glyphic Parchment,-161,detail.questie.fields.sourceItemId,0,282380,sourceItemId,QuestieDB,9d39232dab48e35811a7cc02473c2f4e42b62ab6,,no direct ATT field mapped
98576,Glyphic Parchment,-161,index.questieCommit,"""cac1eff815923f896d082764d023cf812454a023""","""9d39232dab48e35811a7cc02473c2f4e42b62ab6""",commit,QuestieDB,9d39232dab48e35811a7cc02473c2f4e42b62ab6,,conflicts with existing value; no direct ATT field mapped
98581,Archaic Rune,-82,detail.questie.commit,"""cac1eff815923f896d082764d023cf812454a023""","""9d39232dab48e35811a7cc02473c2f4e42b62ab6""",commit,QuestieDB,9d39232dab48e35811a7cc02473c2f4e42b62ab6,,no direct ATT field mapped
98581,Archaic Rune,-82,detail.questie.fields.sourceItemId,0,282400,sourceItemId,QuestieDB,9d39232dab48e35811a7cc02473c2f4e42b62ab6,,no direct ATT field mapped
98581,Archaic Rune,-82,index.questieCommit,"""cac1eff815923f896d082764d023cf812454a023""","""9d39232dab48e35811a7cc02473c2f4e42b62ab6""",commit,QuestieDB,9d39232dab48e35811a7cc02473c2f4e42b62ab6,,conflicts with existing value; no direct ATT field mapped
98601,A Difficult Path,-141,detail.questie.commit,"""cac1eff815923f896d082764d023cf812454a023""","""9d39232dab48e35811a7cc02473c2f4e42b62ab6""",commit,QuestieDB,9d39232dab48e35811a7cc02473c2f4e42b62ab6,,no direct ATT field mapped
98601,A Difficult Path,-141,detail.questie.fields.sourceItemId,0,282423,sourceItemId,QuestieDB,9d39232dab48e35811a7cc02473c2f4e42b62ab6,,no direct ATT field mapped
98601,A Difficult Path,-141,index.questieCommit,"""cac1eff815923f896d082764d023cf812454a023""","""9d39232dab48e35811a7cc02473c2f4e42b62ab6""",commit,QuestieDB,9d39232dab48e35811a7cc02473c2f4e42b62ab6,,conflicts with existing value; no direct ATT field mapped
98731,Blessings of the Great Cat Spirit,-263,detail.questie.commit,"""cac1eff815923f896d082764d023cf812454a023""","""9d39232dab48e35811a7cc02473c2f4e42b62ab6""",commit,QuestieDB,9d39232dab48e35811a7cc02473c2f4e42b62ab6,,no direct ATT field mapped
98731,Blessings of the Great Cat Spirit,-263,index.questieCommit,"""cac1eff815923f896d082764d023cf812454a023""","""9d39232dab48e35811a7cc02473c2f4e42b62ab6""",commit,QuestieDB,9d39232dab48e35811a7cc02473c2f4e42b62ab6,,conflicts with existing value; no direct ATT field mapped
98738,Blessings of the Great Windborne Cat Spirit,-263,detail.questie.commit,"""cac1eff815923f896d082764d023cf812454a023""","""9d39232dab48e35811a7cc02473c2f4e42b62ab6""",commit,QuestieDB,9d39232dab48e35811a7cc02473c2f4e42b62ab6,,no direct ATT field mapped
98738,Blessings of the Great Windborne Cat Spirit,-263,index.questieCommit,"""cac1eff815923f896d082764d023cf812454a023""","""9d39232dab48e35811a7cc02473c2f4e42b62ab6""",commit,QuestieDB,9d39232dab48e35811a7cc02473c2f4e42b62ab6,,conflicts with existing value; no direct ATT field mapped
98739,Blessings of the Great Cat Spirit,-263,detail.questie.commit,"""cac1eff815923f896d082764d023cf812454a023""","""9d39232dab48e35811a7cc02473c2f4e42b62ab6""",commit,QuestieDB,9d39232dab48e35811a7cc02473c2f4e42b62ab6,,no direct ATT field mapped
98739,Blessings of the Great Cat Spirit,-263,index.questieCommit,"""cac1eff815923f896d082764d023cf812454a023""","""9d39232dab48e35811a7cc02473c2f4e42b62ab6""",commit,QuestieDB,9d39232dab48e35811a7cc02473c2f4e42b62ab6,,conflicts with existing value; no direct ATT field mapped
98977,Mossheart the Elder,-366,detail.questie.commit,"""cac1eff815923f896d082764d023cf812454a023""","""9d39232dab48e35811a7cc02473c2f4e42b62ab6""",commit,QuestieDB,9d39232dab48e35811a7cc02473c2f4e42b62ab6,,no direct ATT field mapped
98977,Mossheart the Elder,-366,index.questieCommit,"""cac1eff815923f896d082764d023cf812454a023""","""9d39232dab48e35811a7cc02473c2f4e42b62ab6""",commit,QuestieDB,9d39232dab48e35811a7cc02473c2f4e42b62ab6,,conflicts with existing value; no direct ATT field mapped
98983,Frostleaf the Elder,-366,detail.questie.commit,"""cac1eff815923f896d082764d023cf812454a023""","""9d39232dab48e35811a7cc02473c2f4e42b62ab6""",commit,QuestieDB,9d39232dab48e35811a7cc02473c2f4e42b62ab6,,no direct ATT field mapped
98983,Frostleaf the Elder,-366,index.questieCommit,"""cac1eff815923f896d082764d023cf812454a023""","""9d39232dab48e35811a7cc02473c2f4e42b62ab6""",commit,QuestieDB,9d39232dab48e35811a7cc02473c2f4e42b62ab6,,conflicts with existing value; no direct ATT field mapped
99046,The Lost Runner,141,detail.questie.commit,"""cac1eff815923f896d082764d023cf812454a023""","""9d39232dab48e35811a7cc02473c2f4e42b62ab6""",commit,QuestieDB,9d39232dab48e35811a7cc02473c2f4e42b62ab6,,no direct ATT field mapped
99046,The Lost Runner,141,index.questieCommit,"""cac1eff815923f896d082764d023cf812454a023""","""9d39232dab48e35811a7cc02473c2f4e42b62ab6""",commit,QuestieDB,9d39232dab48e35811a7cc02473c2f4e42b62ab6,,conflicts with existing value; no direct ATT field mapped
99047,Not Dead Yet,141,detail.questie.commit,"""cac1eff815923f896d082764d023cf812454a023""","""9d39232dab48e35811a7cc02473c2f4e42b62ab6""",commit,QuestieDB,9d39232dab48e35811a7cc02473c2f4e42b62ab6,,no direct ATT field mapped
99047,Not Dead Yet,141,index.questieCommit,"""cac1eff815923f896d082764d023cf812454a023""","""9d39232dab48e35811a7cc02473c2f4e42b62ab6""",commit,QuestieDB,9d39232dab48e35811a7cc02473c2f4e42b62ab6,,conflicts with existing value; no direct ATT field mapped
99048,A Missing Hand,14,detail.questie.commit,"""cac1eff815923f896d082764d023cf812454a023""","""9d39232dab48e35811a7cc02473c2f4e42b62ab6""",commit,QuestieDB,9d39232dab48e35811a7cc02473c2f4e42b62ab6,,no direct ATT field mapped
99048,A Missing Hand,14,index.questieCommit,"""cac1eff815923f896d082764d023cf812454a023""","""9d39232dab48e35811a7cc02473c2f4e42b62ab6""",commit,QuestieDB,9d39232dab48e35811a7cc02473c2f4e42b62ab6,,conflicts with existing value; no direct ATT field mapped
99049,Threat from Below,14,detail.questie.commit,"""cac1eff815923f896d082764d023cf812454a023""","""9d39232dab48e35811a7cc02473c2f4e42b62ab6""",commit,QuestieDB,9d39232dab48e35811a7cc02473c2f4e42b62ab6,,no direct ATT field mapped
99049,Threat from Below,14,detail.questie.fields.objectives,[],"{""3"":[{""1"":286012,""3"":0},{""1"":286011,""3"":0},{""1"":286010,""3"":0}]}",objectives,QuestieDB,9d39232dab48e35811a7cc02473c2f4e42b62ab6,,no direct ATT field mapped
99049,Threat from Below,14,index.questieCommit,"""cac1eff815923f896d082764d023cf812454a023""","""9d39232dab48e35811a7cc02473c2f4e42b62ab6""",commit,QuestieDB,9d39232dab48e35811a7cc02473c2f4e42b62ab6,,conflicts with existing value; no direct ATT field mapped
99050,The Great Tree Provides,141,detail.questie.commit,"""cac1eff815923f896d082764d023cf812454a023""","""9d39232dab48e35811a7cc02473c2f4e42b62ab6""",commit,QuestieDB,9d39232dab48e35811a7cc02473c2f4e42b62ab6,,no direct ATT field mapped
99050,The Great Tree Provides,141,detail.questie.fields.objectives,[],"{""3"":[{""1"":286017,""3"":0},{""1"":159,""3"":0}]}",objectives,QuestieDB,9d39232dab48e35811a7cc02473c2f4e42b62ab6,,no direct ATT field mapped
99050,The Great Tree Provides,141,index.questieCommit,"""cac1eff815923f896d082764d023cf812454a023""","""9d39232dab48e35811a7cc02473c2f4e42b62ab6""",commit,QuestieDB,9d39232dab48e35811a7cc02473c2f4e42b62ab6,,conflicts with existing value; no direct ATT field mapped
99051,Threat from Below,14,detail.questie.commit,"""cac1eff815923f896d082764d023cf812454a023""","""9d39232dab48e35811a7cc02473c2f4e42b62ab6""",commit,QuestieDB,9d39232dab48e35811a7cc02473c2f4e42b62ab6,,no direct ATT field mapped
99051,Threat from Below,14,detail.questie.fields.objectives,[],"{""3"":[{""1"":286008,""3"":0}]}",objectives,QuestieDB,9d39232dab48e35811a7cc02473c2f4e42b62ab6,,no direct ATT field mapped
99051,Threat from Below,14,index.questieCommit,"""cac1eff815923f896d082764d023cf812454a023""","""9d39232dab48e35811a7cc02473c2f4e42b62ab6""",commit,QuestieDB,9d39232dab48e35811a7cc02473c2f4e42b62ab6,,conflicts with existing value; no direct ATT field mapped
99052,Threat from Below,14,detail.questie.commit,"""cac1eff815923f896d082764d023cf812454a023""","""9d39232dab48e35811a7cc02473c2f4e42b62ab6""",commit,QuestieDB,9d39232dab48e35811a7cc02473c2f4e42b62ab6,,no direct ATT field mapped
99052,Threat from Below,14,detail.questie.fields.objectives,[],"{""3"":[{""1"":286009,""3"":0}]}",objectives,QuestieDB,9d39232dab48e35811a7cc02473c2f4e42b62ab6,,no direct ATT field mapped
99052,Threat from Below,14,index.questieCommit,"""cac1eff815923f896d082764d023cf812454a023""","""9d39232dab48e35811a7cc02473c2f4e42b62ab6""",commit,QuestieDB,9d39232dab48e35811a7cc02473c2f4e42b62ab6,,conflicts with existing value; no direct ATT field mapped
99053,Escaping Ban'ethil,141,detail.questie.commit,"""cac1eff815923f896d082764d023cf812454a023""","""9d39232dab48e35811a7cc02473c2f4e42b62ab6""",commit,QuestieDB,9d39232dab48e35811a7cc02473c2f4e42b62ab6,,no direct ATT field mapped
99053,Escaping Ban'ethil,141,index.questieCommit,"""cac1eff815923f896d082764d023cf812454a023""","""9d39232dab48e35811a7cc02473c2f4e42b62ab6""",commit,QuestieDB,9d39232dab48e35811a7cc02473c2f4e42b62ab6,,conflicts with existing value; no direct ATT field mapped
99073,Easing Suffering,141,detail.questie.commit,"""cac1eff815923f896d082764d023cf812454a023""","""9d39232dab48e35811a7cc02473c2f4e42b62ab6""",commit,QuestieDB,9d39232dab48e35811a7cc02473c2f4e42b62ab6,,no direct ATT field mapped
99073,Easing Suffering,141,detail.questie.fields.sourceItemId,0,286069,sourceItemId,QuestieDB,9d39232dab48e35811a7cc02473c2f4e42b62ab6,,no direct ATT field mapped
99073,Easing Suffering,141,index.questieCommit,"""cac1eff815923f896d082764d023cf812454a023""","""9d39232dab48e35811a7cc02473c2f4e42b62ab6""",commit,QuestieDB,9d39232dab48e35811a7cc02473c2f4e42b62ab6,,conflicts with existing value; no direct ATT field mapped
99079,Longwalker Malah,215,detail.questie.commit,"""cac1eff815923f896d082764d023cf812454a023""","""9d39232dab48e35811a7cc02473c2f4e42b62ab6""",commit,QuestieDB,9d39232dab48e35811a7cc02473c2f4e42b62ab6,,no direct ATT field mapped
99079,Longwalker Malah,215,index.questieCommit,"""cac1eff815923f896d082764d023cf812454a023""","""9d39232dab48e35811a7cc02473c2f4e42b62ab6""",commit,QuestieDB,9d39232dab48e35811a7cc02473c2f4e42b62ab6,,conflicts with existing value; no direct ATT field mapped
99080,Drive Them Out,215,detail.questie.commit,"""cac1eff815923f896d082764d023cf812454a023""","""9d39232dab48e35811a7cc02473c2f4e42b62ab6""",commit,QuestieDB,9d39232dab48e35811a7cc02473c2f4e42b62ab6,,no direct ATT field mapped
99080,Drive Them Out,215,detail.questie.fields.objectives,[],"{""1"":[{""1"":2967,""3"":0},{""1"":2968,""3"":0}],""3"":[{""1"":286075,""3"":0}]}",objectives,QuestieDB,9d39232dab48e35811a7cc02473c2f4e42b62ab6,,no direct ATT field mapped
99080,Drive Them Out,215,index.questieCommit,"""cac1eff815923f896d082764d023cf812454a023""","""9d39232dab48e35811a7cc02473c2f4e42b62ab6""",commit,QuestieDB,9d39232dab48e35811a7cc02473c2f4e42b62ab6,,conflicts with existing value; no direct ATT field mapped
99081,Grim Tidings,215,detail.questie.commit,"""cac1eff815923f896d082764d023cf812454a023""","""9d39232dab48e35811a7cc02473c2f4e42b62ab6""",commit,QuestieDB,9d39232dab48e35811a7cc02473c2f4e42b62ab6,,no direct ATT field mapped
99081,Grim Tidings,215,detail.questie.fields.sourceItemId,0,286104,sourceItemId,QuestieDB,9d39232dab48e35811a7cc02473c2f4e42b62ab6,,no direct ATT field mapped
99081,Grim Tidings,215,index.questieCommit,"""cac1eff815923f896d082764d023cf812454a023""","""9d39232dab48e35811a7cc02473c2f4e42b62ab6""",commit,QuestieDB,9d39232dab48e35811a7cc02473c2f4e42b62ab6,,conflicts with existing value; no direct ATT field mapped
99082,The High Chieftain,215,detail.questie.commit,"""cac1eff815923f896d082764d023cf812454a023""","""9d39232dab48e35811a7cc02473c2f4e42b62ab6""",commit,QuestieDB,9d39232dab48e35811a7cc02473c2f4e42b62ab6,,no direct ATT field mapped
99082,The High Chieftain,215,index.questieCommit,"""cac1eff815923f896d082764d023cf812454a023""","""9d39232dab48e35811a7cc02473c2f4e42b62ab6""",commit,QuestieDB,9d39232dab48e35811a7cc02473c2f4e42b62ab6,,conflicts with existing value; no direct ATT field mapped
99101,Our Ancient Enemy,215,detail.questie.commit,"""cac1eff815923f896d082764d023cf812454a023""","""9d39232dab48e35811a7cc02473c2f4e42b62ab6""",commit,QuestieDB,9d39232dab48e35811a7cc02473c2f4e42b62ab6,,no direct ATT field mapped
99101,Our Ancient Enemy,215,detail.questie.fields.sourceItemId,0,286104,sourceItemId,QuestieDB,9d39232dab48e35811a7cc02473c2f4e42b62ab6,,no direct ATT field mapped
99101,Our Ancient Enemy,215,index.questieCommit,"""cac1eff815923f896d082764d023cf812454a023""","""9d39232dab48e35811a7cc02473c2f4e42b62ab6""",commit,QuestieDB,9d39232dab48e35811a7cc02473c2f4e42b62ab6,,conflicts with existing value; no direct ATT field mapped
99108,Sparring Match,215,detail.questie.commit,"""cac1eff815923f896d082764d023cf812454a023""","""9d39232dab48e35811a7cc02473c2f4e42b62ab6""",commit,QuestieDB,9d39232dab48e35811a7cc02473c2f4e42b62ab6,,no direct ATT field mapped
99108,Sparring Match,215,index.questieCommit,"""cac1eff815923f896d082764d023cf812454a023""","""9d39232dab48e35811a7cc02473c2f4e42b62ab6""",commit,QuestieDB,9d39232dab48e35811a7cc02473c2f4e42b62ab6,,conflicts with existing value; no direct ATT field mapped
99123,Lost in the Shadows,14,detail.questie.commit,"""cac1eff815923f896d082764d023cf812454a023""","""9d39232dab48e35811a7cc02473c2f4e42b62ab6""",commit,QuestieDB,9d39232dab48e35811a7cc02473c2f4e42b62ab6,,no direct ATT field mapped
99123,Lost in the Shadows,14,index.questieCommit,"""cac1eff815923f896d082764d023cf812454a023""","""9d39232dab48e35811a7cc02473c2f4e42b62ab6""",commit,QuestieDB,9d39232dab48e35811a7cc02473c2f4e42b62ab6,,conflicts with existing value; no direct ATT field mapped
99127,A Net Disaster,12,detail.questie.commit,"""cac1eff815923f896d082764d023cf812454a023""","""9d39232dab48e35811a7cc02473c2f4e42b62ab6""",commit,QuestieDB,9d39232dab48e35811a7cc02473c2f4e42b62ab6,,no direct ATT field mapped
99127,A Net Disaster,12,detail.questie.fields.objectives,[],"{""3"":[{""1"":286205,""3"":0}]}",objectives,QuestieDB,9d39232dab48e35811a7cc02473c2f4e42b62ab6,,no direct ATT field mapped
99127,A Net Disaster,12,index.questieCommit,"""cac1eff815923f896d082764d023cf812454a023""","""9d39232dab48e35811a7cc02473c2f4e42b62ab6""",commit,QuestieDB,9d39232dab48e35811a7cc02473c2f4e42b62ab6,,conflicts with existing value; no direct ATT field mapped
99128,Slimy Menace,12,detail.questie.commit,"""cac1eff815923f896d082764d023cf812454a023""","""9d39232dab48e35811a7cc02473c2f4e42b62ab6""",commit,QuestieDB,9d39232dab48e35811a7cc02473c2f4e42b62ab6,,no direct ATT field mapped
99128,Slimy Menace,12,detail.questie.fields.objectives,[],"[[{""1"":735,""3"":0},{""1"":285,""3"":0}]]",objectives,QuestieDB,9d39232dab48e35811a7cc02473c2f4e42b62ab6,,no direct ATT field mapped
99128,Slimy Menace,12,index.questieCommit,"""cac1eff815923f896d082764d023cf812454a023""","""9d39232dab48e35811a7cc02473c2f4e42b62ab6""",commit,QuestieDB,9d39232dab48e35811a7cc02473c2f4e42b62ab6,,conflicts with existing value; no direct ATT field mapped
99129,A Man About a Murloc,12,detail.questie.commit,"""cac1eff815923f896d082764d023cf812454a023""","""9d39232dab48e35811a7cc02473c2f4e42b62ab6""",commit,QuestieDB,9d39232dab48e35811a7cc02473c2f4e42b62ab6,,no direct ATT field mapped
99129,A Man About a Murloc,12,index.questieCommit,"""cac1eff815923f896d082764d023cf812454a023""","""9d39232dab48e35811a7cc02473c2f4e42b62ab6""",commit,QuestieDB,9d39232dab48e35811a7cc02473c2f4e42b62ab6,,conflicts with existing value; no direct ATT field mapped
99130,An Enticing Offer,12,detail.questie.commit,"""cac1eff815923f896d082764d023cf812454a023""","""9d39232dab48e35811a7cc02473c2f4e42b62ab6""",commit,QuestieDB,9d39232dab48e35811a7cc02473c2f4e42b62ab6,,no direct ATT field mapped
99130,An Enticing Offer,12,detail.questie.fields.objectives,[],"{""3"":[{""1"":286214,""3"":0},{""1"":286215,""3"":0}]}",objectives,QuestieDB,9d39232dab48e35811a7cc02473c2f4e42b62ab6,,no direct ATT field mapped
99130,An Enticing Offer,12,index.questieCommit,"""cac1eff815923f896d082764d023cf812454a023""","""9d39232dab48e35811a7cc02473c2f4e42b62ab6""",commit,QuestieDB,9d39232dab48e35811a7cc02473c2f4e42b62ab6,,conflicts with existing value; no direct ATT field mapped
99131,Baited for Success,12,detail.questie.commit,"""cac1eff815923f896d082764d023cf812454a023""","""9d39232dab48e35811a7cc02473c2f4e42b62ab6""",commit,QuestieDB,9d39232dab48e35811a7cc02473c2f4e42b62ab6,,no direct ATT field mapped
99131,Baited for Success,12,index.questieCommit,"""cac1eff815923f896d082764d023cf812454a023""","""9d39232dab48e35811a7cc02473c2f4e42b62ab6""",commit,QuestieDB,9d39232dab48e35811a7cc02473c2f4e42b62ab6,,conflicts with existing value; no direct ATT field mapped
99134,Discipline,85,detail.questie.commit,"""cac1eff815923f896d082764d023cf812454a023""","""9d39232dab48e35811a7cc02473c2f4e42b62ab6""",commit,QuestieDB,9d39232dab48e35811a7cc02473c2f4e42b62ab6,,no direct ATT field mapped
99134,Discipline,85,detail.questie.fields.sourceItemId,0,286176,sourceItemId,QuestieDB,9d39232dab48e35811a7cc02473c2f4e42b62ab6,,no direct ATT field mapped
99134,Discipline,85,index.questieCommit,"""cac1eff815923f896d082764d023cf812454a023""","""9d39232dab48e35811a7cc02473c2f4e42b62ab6""",commit,QuestieDB,9d39232dab48e35811a7cc02473c2f4e42b62ab6,,conflicts with existing value; no direct ATT field mapped
99141,Patience,85,detail.questie.commit,"""cac1eff815923f896d082764d023cf812454a023""","""9d39232dab48e35811a7cc02473c2f4e42b62ab6""",commit,QuestieDB,9d39232dab48e35811a7cc02473c2f4e42b62ab6,,no direct ATT field mapped
99141,Patience,85,detail.questie.fields.objectives,[],"{""3"":[{""1"":286200,""3"":0},{""1"":286201,""3"":0},{""1"":286202,""3"":0}]}",objectives,QuestieDB,9d39232dab48e35811a7cc02473c2f4e42b62ab6,,no direct ATT field mapped
99141,Patience,85,index.questieCommit,"""cac1eff815923f896d082764d023cf812454a023""","""9d39232dab48e35811a7cc02473c2f4e42b62ab6""",commit,QuestieDB,9d39232dab48e35811a7cc02473c2f4e42b62ab6,,conflicts with existing value; no direct ATT field mapped
99142,Tomb Weed,85,detail.questie.commit,"""cac1eff815923f896d082764d023cf812454a023""","""9d39232dab48e35811a7cc02473c2f4e42b62ab6""",commit,QuestieDB,9d39232dab48e35811a7cc02473c2f4e42b62ab6,,no direct ATT field mapped
99142,Tomb Weed,85,detail.questie.fields.objectives,[],"{""3"":[{""1"":286204,""3"":0}]}",objectives,QuestieDB,9d39232dab48e35811a7cc02473c2f4e42b62ab6,,no direct ATT field mapped
99142,Tomb Weed,85,index.questieCommit,"""cac1eff815923f896d082764d023cf812454a023""","""9d39232dab48e35811a7cc02473c2f4e42b62ab6""",commit,QuestieDB,9d39232dab48e35811a7cc02473c2f4e42b62ab6,,conflicts with existing value; no direct ATT field mapped
99143,Bottles and Baubles,12,detail.questie.commit,"""cac1eff815923f896d082764d023cf812454a023""","""9d39232dab48e35811a7cc02473c2f4e42b62ab6""",commit,QuestieDB,9d39232dab48e35811a7cc02473c2f4e42b62ab6,,no direct ATT field mapped
99143,Bottles and Baubles,12,detail.questie.fields.objectives,[],"{""3"":[{""1"":286209,""3"":0}]}",objectives,QuestieDB,9d39232dab48e35811a7cc02473c2f4e42b62ab6,,no direct ATT field mapped
99143,Bottles and Baubles,12,index.questieCommit,"""cac1eff815923f896d082764d023cf812454a023""","""9d39232dab48e35811a7cc02473c2f4e42b62ab6""",commit,QuestieDB,9d39232dab48e35811a7cc02473c2f4e42b62ab6,,conflicts with existing value; no direct ATT field mapped
99144,Seeking Refuge,85,detail.questie.commit,"""cac1eff815923f896d082764d023cf812454a023""","""9d39232dab48e35811a7cc02473c2f4e42b62ab6""",commit,QuestieDB,9d39232dab48e35811a7cc02473c2f4e42b62ab6,,no direct ATT field mapped
99144,Seeking Refuge,85,index.questieCommit,"""cac1eff815923f896d082764d023cf812454a023""","""9d39232dab48e35811a7cc02473c2f4e42b62ab6""",commit,QuestieDB,9d39232dab48e35811a7cc02473c2f4e42b62ab6,,conflicts with existing value; no direct ATT field mapped
99152,"As Above, So Below",85,detail.questie.commit,"""cac1eff815923f896d082764d023cf812454a023""","""9d39232dab48e35811a7cc02473c2f4e42b62ab6""",commit,QuestieDB,9d39232dab48e35811a7cc02473c2f4e42b62ab6,,no direct ATT field mapped
99152,"As Above, So Below",85,detail.questie.fields.objectives,[],"{""3"":[{""1"":286259,""3"":0}]}",objectives,QuestieDB,9d39232dab48e35811a7cc02473c2f4e42b62ab6,,no direct ATT field mapped
99152,"As Above, So Below",85,index.questieCommit,"""cac1eff815923f896d082764d023cf812454a023""","""9d39232dab48e35811a7cc02473c2f4e42b62ab6""",commit,QuestieDB,9d39232dab48e35811a7cc02473c2f4e42b62ab6,,conflicts with existing value; no direct ATT field mapped
99153,The One That Got Away,85,detail.questie.commit,"""cac1eff815923f896d082764d023cf812454a023""","""9d39232dab48e35811a7cc02473c2f4e42b62ab6""",commit,QuestieDB,9d39232dab48e35811a7cc02473c2f4e42b62ab6,,no direct ATT field mapped
99153,The One That Got Away,85,detail.questie.fields.objectives,[],"{""3"":[{""1"":286269,""3"":0}]}",objectives,QuestieDB,9d39232dab48e35811a7cc02473c2f4e42b62ab6,,no direct ATT field mapped
99153,The One That Got Away,85,index.questieCommit,"""cac1eff815923f896d082764d023cf812454a023""","""9d39232dab48e35811a7cc02473c2f4e42b62ab6""",commit,QuestieDB,9d39232dab48e35811a7cc02473c2f4e42b62ab6,,conflicts with existing value; no direct ATT field mapped
99156,Rear Guard Patrol,85,detail.questie.commit,"""cac1eff815923f896d082764d023cf812454a023""","""9d39232dab48e35811a7cc02473c2f4e42b62ab6""",commit,QuestieDB,9d39232dab48e35811a7cc02473c2f4e42b62ab6,,no direct ATT field mapped
99156,Rear Guard Patrol,85,detail.questie.fields.objectives,[],"{""3"":[{""1"":286326,""3"":0}]}",objectives,QuestieDB,9d39232dab48e35811a7cc02473c2f4e42b62ab6,,no direct ATT field mapped
99156,Rear Guard Patrol,85,index.questieCommit,"""cac1eff815923f896d082764d023cf812454a023""","""9d39232dab48e35811a7cc02473c2f4e42b62ab6""",commit,QuestieDB,9d39232dab48e35811a7cc02473c2f4e42b62ab6,,conflicts with existing value; no direct ATT field mapped
99158,Dawn in the Mountains,1,detail.questie.commit,"""cac1eff815923f896d082764d023cf812454a023""","""9d39232dab48e35811a7cc02473c2f4e42b62ab6""",commit,QuestieDB,9d39232dab48e35811a7cc02473c2f4e42b62ab6,,no direct ATT field mapped
99158,Dawn in the Mountains,1,detail.questie.fields.sourceItemId,0,286355,sourceItemId,QuestieDB,9d39232dab48e35811a7cc02473c2f4e42b62ab6,,no direct ATT field mapped
99158,Dawn in the Mountains,1,index.questieCommit,"""cac1eff815923f896d082764d023cf812454a023""","""9d39232dab48e35811a7cc02473c2f4e42b62ab6""",commit,QuestieDB,9d39232dab48e35811a7cc02473c2f4e42b62ab6,,conflicts with existing value; no direct ATT field mapped
99159,Finding Warmth,1,detail.questie.commit,"""cac1eff815923f896d082764d023cf812454a023""","""9d39232dab48e35811a7cc02473c2f4e42b62ab6""",commit,QuestieDB,9d39232dab48e35811a7cc02473c2f4e42b62ab6,,no direct ATT field mapped
99159,Finding Warmth,1,detail.questie.fields.objectives,[],"{""3"":[{""1"":286339,""3"":0}]}",objectives,QuestieDB,9d39232dab48e35811a7cc02473c2f4e42b62ab6,,no direct ATT field mapped
99159,Finding Warmth,1,index.questieCommit,"""cac1eff815923f896d082764d023cf812454a023""","""9d39232dab48e35811a7cc02473c2f4e42b62ab6""",commit,QuestieDB,9d39232dab48e35811a7cc02473c2f4e42b62ab6,,conflicts with existing value; no direct ATT field mapped
99160,Rime's Wrath,1,detail.questie.commit,"""cac1eff815923f896d082764d023cf812454a023""","""9d39232dab48e35811a7cc02473c2f4e42b62ab6""",commit,QuestieDB,9d39232dab48e35811a7cc02473c2f4e42b62ab6,,no direct ATT field mapped
99160,Rime's Wrath,1,detail.questie.fields.objectives,[],"[[{""1"":276003,""3"":0}]]",objectives,QuestieDB,9d39232dab48e35811a7cc02473c2f4e42b62ab6,,no direct ATT field mapped
99160,Rime's Wrath,1,index.questieCommit,"""cac1eff815923f896d082764d023cf812454a023""","""9d39232dab48e35811a7cc02473c2f4e42b62ab6""",commit,QuestieDB,9d39232dab48e35811a7cc02473c2f4e42b62ab6,,conflicts with existing value; no direct ATT field mapped
99161,Rime's Wrath,1,detail.questie.commit,"""cac1eff815923f896d082764d023cf812454a023""","""9d39232dab48e35811a7cc02473c2f4e42b62ab6""",commit,QuestieDB,9d39232dab48e35811a7cc02473c2f4e42b62ab6,,no direct ATT field mapped
99161,Rime's Wrath,1,detail.questie.fields.objectives,[],"{""3"":[{""1"":286325,""3"":0}]}",objectives,QuestieDB,9d39232dab48e35811a7cc02473c2f4e42b62ab6,,no direct ATT field mapped
99161,Rime's Wrath,1,index.questieCommit,"""cac1eff815923f896d082764d023cf812454a023""","""9d39232dab48e35811a7cc02473c2f4e42b62ab6""",commit,QuestieDB,9d39232dab48e35811a7cc02473c2f4e42b62ab6,,conflicts with existing value; no direct ATT field mapped
99162,Treacherous Cold,1,detail.questie.commit,"""cac1eff815923f896d082764d023cf812454a023""","""9d39232dab48e35811a7cc02473c2f4e42b62ab6""",commit,QuestieDB,9d39232dab48e35811a7cc02473c2f4e42b62ab6,,no direct ATT field mapped
99162,Treacherous Cold,1,detail.questie.fields.objectives,[],"{""3"":[{""1"":286358,""3"":0},{""1"":286360,""3"":0},{""1"":286359,""3"":0}]}",objectives,QuestieDB,9d39232dab48e35811a7cc02473c2f4e42b62ab6,,no direct ATT field mapped
99162,Treacherous Cold,1,index.questieCommit,"""cac1eff815923f896d082764d023cf812454a023""","""9d39232dab48e35811a7cc02473c2f4e42b62ab6""",commit,QuestieDB,9d39232dab48e35811a7cc02473c2f4e42b62ab6,,conflicts with existing value; no direct ATT field mapped
99191,A Donation of Wool,36,detail.questie.commit,"""cac1eff815923f896d082764d023cf812454a023""","""9d39232dab48e35811a7cc02473c2f4e42b62ab6""",commit,QuestieDB,9d39232dab48e35811a7cc02473c2f4e42b62ab6,,no direct ATT field mapped
99191,A Donation of Wool,36,detail.questie.fields.objectives,[],"{""3"":[{""1"":2592,""3"":0}]}",objectives,QuestieDB,9d39232dab48e35811a7cc02473c2f4e42b62ab6,,no direct ATT field mapped
99191,A Donation of Wool,36,index.questieCommit,"""cac1eff815923f896d082764d023cf812454a023""","""9d39232dab48e35811a7cc02473c2f4e42b62ab6""",commit,QuestieDB,9d39232dab48e35811a7cc02473c2f4e42b62ab6,,conflicts with existing value; no direct ATT field mapped
99196,A Donation of Wool,215,detail.questie.commit,"""cac1eff815923f896d082764d023cf812454a023""","""9d39232dab48e35811a7cc02473c2f4e42b62ab6""",commit,QuestieDB,9d39232dab48e35811a7cc02473c2f4e42b62ab6,,no direct ATT field mapped
99196,A Donation of Wool,215,detail.questie.fields.objectives,[],"{""3"":[{""1"":2592,""3"":0}]}",objectives,QuestieDB,9d39232dab48e35811a7cc02473c2f4e42b62ab6,,no direct ATT field mapped
99196,A Donation of Wool,215,index.questieCommit,"""cac1eff815923f896d082764d023cf812454a023""","""9d39232dab48e35811a7cc02473c2f4e42b62ab6""",commit,QuestieDB,9d39232dab48e35811a7cc02473c2f4e42b62ab6,,conflicts with existing value; no direct ATT field mapped
